node_id,cpu_usage,memory_usage,gpu_usage,error_count,task_count,queue_length,will_fail
39,47.31171996789786,91.3040338547374,83.7789866944435,2,4,13,1
52,6.383879701371495,26.45331683758321,12.360177939506112,2,14,12,0
29,28.50297597054285,56.970815405869494,61.94068295636722,3,23,14,1
15,87.29778141830722,95.72768491526298,27.125332305927124,0,22,4,0
43,20.63970068457353,52.18708232119244,30.081508803262636,2,23,1,0
8,44.4368692557985,42.38989291384701,88.0461805592193,3,17,0,0
21,6.361436057365119,50.90862593423933,15.860945832114211,1,12,12,0
39,50.441870758702805,80.0704973474347,62.14156288798914,1,15,2,0
58,6.997005138990629,50.34137509065735,43.119275823005864,2,22,10,0
19,82.86290754125099,79.4113797218251,23.126056964877513,1,12,9,0
23,83.36110791127484,46.01125733588863,47.93221714995293,0,3,4,0
11,79.83550788872513,28.94053876508137,94.34648227508218,1,10,8,1
11,31.91958654465623,36.01490933276896,79.25295467690246,3,20,6,0
24,84.53753573107272,12.393229140530764,17.55058312954836,2,17,5,0
53,56.58482259750058,52.25120871888126,85.69582527317648,0,14,8,0
36,40.51177034236523,19.070537864457187,94.0568502538071,1,13,13,0
40,64.40634617190213,82.09696560179962,31.31160668000969,7,13,13,0
24,6.17239937573553,44.956104544904946,36.67487107395803,0,8,5,0
3,18.581283372071457,77.67522077921369,16.99944302909522,0,14,10,0
22,75.51788612617496,95.67374061617018,37.7693099200655,0,2,3,0
53,28.195352828034537,85.70040522275742,68.94837572826317,0,19,6,0
2,61.81086614623121,95.38904957585288,30.854726434145434,5,23,12,1
24,41.58474726818782,58.95397005271938,5.648376022857399,3,2,1,0
44,86.20654898592984,20.70582122815148,37.16174152517979,3,12,1,0
30,95.47945406968114,93.86261564745156,48.051532752029594,2,20,5,1
38,88.93864919516808,87.50791710669323,58.80382355496738,3,12,12,1
2,30.70889949589168,87.1192341513582,69.96338491401187,2,23,4,0
21,23.445472559377816,70.86107060382825,10.86951270173316,0,19,5,0
33,50.07131489396983,64.36704490767755,49.626434803446905,0,16,1,0
12,5.696744329437126,6.398769726826492,30.30443395498175,1,2,1,0
58,7.451892322002265,76.06513656337104,95.05710872672726,3,8,0,0
22,57.56261076418501,13.695836160866545,39.19035843042264,3,2,1,0
44,54.442693395702165,29.676338929744706,14.511751378387686,1,10,13,0
25,99.4852889583497,57.391578058377,8.941691623299254,3,16,10,0
49,24.17497435955702,47.914595563223955,30.213559321516115,2,7,9,0
27,29.5198732702445,6.498567028287367,21.99348019385105,3,19,6,0
59,15.786361020997235,83.27858055291267,66.73096455348056,2,20,1,0
42,92.16658591710576,88.48609101816301,85.46182146222516,2,22,2,1
28,78.89206822355283,69.77792963219285,34.693076829674936,2,3,10,0
16,83.12221558840051,56.40144657239813,59.89018822124659,2,17,12,0
15,90.76255985662831,96.2700946954498,74.37900131320005,2,8,5,1
47,54.865498738954635,16.395839736078234,42.85633046823682,1,4,5,0
51,47.863353187818745,75.10145509817396,11.30093307711642,1,1,9,0
44,36.387189998233566,17.194258225043797,26.7725665381396,0,18,10,0
55,60.97538836304627,41.27525589772449,88.89125176842491,2,22,8,0
52,48.15644769503314,60.62102837124298,83.32562529421502,2,1,11,0
57,47.89873072752964,75.02333059791347,13.22059023827212,1,9,10,0
3,94.0081470544582,5.353029525838479,26.27512871988788,1,14,11,0
37,98.48299385651735,29.756799205318735,78.0707018017154,0,7,14,1
51,80.66601698631017,56.12903718393293,51.160332038937895,2,8,14,1
7,76.89201857345819,55.62299952034317,77.19686801109381,1,8,1,1
21,69.65302536901464,65.57451131989508,25.053784807903916,3,22,14,1
9,20.777110971683804,33.86609018248113,95.5063232211761,1,24,6,0
39,10.61505298318718,56.35027885344889,79.44270763599043,5,23,0,0
18,70.61899993576,23.029743856284757,23.757970858470763,3,1,5,0
4,74.23469111437471,22.75286036832827,58.052674064598946,1,3,8,0
25,9.46243415432328,59.773576525147654,15.744227169144494,3,9,7,0
14,93.16491627174057,70.1198955793074,39.336307437017744,1,8,5,1
50,13.658360747244366,16.437996834722355,67.66403000517447,4,5,12,0
58,32.160550708264225,16.665040680901217,36.36213035323331,1,1,5,0
9,68.87703221587692,58.70375568874279,67.39204759700695,1,2,5,0
26,21.13789646842525,30.65909646694633,28.254049142772384,7,10,14,0
53,10.26450940201322,42.27791471290587,73.51464415064136,1,14,7,0
2,36.45891647059423,43.0711025265199,39.161009522393265,3,15,12,0
20,77.76729961124201,21.962521632067055,80.09572073658653,0,10,1,1
28,44.29947450359973,5.124890175909512,17.985541898192288,0,9,10,0
47,67.03242758125424,86.04942194705569,39.387905188467094,1,12,8,0
7,60.06381423667298,72.92518704528038,49.073583108594995,0,10,9,0
44,7.1107557924301386,70.60116302097873,45.265324827554785,2,24,7,0
8,98.91129876934214,56.91798812076537,46.1439779294323,2,9,1,1
47,8.935668437841837,71.59211718492143,47.256316667781896,2,18,13,0
35,96.94126007660608,93.89039586702444,98.93633489710189,5,19,10,1
14,57.237096944617825,68.23900494178265,23.3499248106172,2,19,7,0
17,96.50010757118132,30.183683183107743,78.0230638983174,1,17,0,1
36,15.901591944314369,59.20320491538531,57.419934205132506,3,2,5,0
50,51.58880932262375,47.02081831978997,44.294699720436135,3,10,5,0
40,21.10288872727557,57.8598174556542,65.18522813165012,2,5,8,0
4,9.84261331713203,54.17299535421838,86.08548709448137,2,7,8,0
2,63.665265930919595,86.58365209670417,49.33064457554317,1,6,4,0
6,24.73942499136069,66.92100982120137,87.15613005130143,1,2,0,0
54,60.831216737316865,22.932055403739874,13.910841821109738,2,8,11,0
42,15.674625785153635,10.986593993160229,67.0430010893444,2,4,13,0
4,36.538714786106766,45.31455992472796,36.652105825482,3,18,10,0
54,79.25509301505848,6.483009114484278,41.73795609085558,5,4,0,0
29,46.519894575007825,35.23825165416689,59.24687633590885,2,8,6,0
18,64.63581441524695,39.962039596726434,50.592095838269366,0,17,10,0
26,66.50850437082687,40.68094303094277,41.26904665843617,3,14,10,1
44,85.15672917879289,98.0382523107698,34.29072507287448,2,8,3,0
34,35.867665468630925,33.87058331238448,63.73995371199556,1,14,8,0
10,70.29307844533916,30.196612060969017,53.0300669238144,2,8,2,0
36,96.35350166938574,17.291188451416417,35.71436692353364,4,14,14,0
14,74.37311676399746,53.54583938984822,24.471296793368086,0,23,5,0
31,51.53769528818573,19.599059090293963,78.57447861655646,0,11,8,0
48,64.91815722673327,63.54799770942453,80.97291783014934,2,9,3,0
15,75.26987528749527,19.740178999143208,25.309872063119258,4,17,4,0
8,63.16619774091788,59.78396518712411,29.85665625823703,1,17,4,0
14,6.584202281534719,83.4955777215895,27.718587137641254,4,12,12,0
23,23.503482280286455,9.0398401843138,89.03412582977144,5,20,4,0
57,81.99448063546927,44.87596261722956,78.5423862008758,4,2,1,1
40,30.901811494686044,48.79965188578937,12.084484708748164,1,24,10,0
21,74.49840135830772,80.15185363042067,84.10326523357314,2,17,1,1
16,40.351420447961374,49.4519850348267,8.500922968950205,0,20,14,0
45,54.5790111750046,58.91589971335042,29.05398014338621,1,11,0,0
18,11.457463482843352,80.16440409086675,92.30418148917842,1,9,13,1
47,22.21642829972241,58.177056828282616,87.1114730027899,1,18,12,1
53,95.93371153432729,39.03844428436032,79.2362788988384,0,6,0,1
24,89.56311507745683,13.155016373955316,48.466986765378714,4,4,3,0
26,66.96613553540978,74.34198480369487,35.534339596900736,2,14,2,0
25,48.66623675164505,87.75812426540473,88.74685456634339,1,20,3,1
45,69.19732282504626,97.15613101691558,67.42203857557516,2,22,10,1
41,63.76797746392421,93.026988673299,33.073341229540375,2,10,11,1
29,59.012464282438145,80.75470133915863,49.00360840671758,0,4,14,0
15,10.621821827036474,66.12983356334418,88.74252111485382,2,15,11,0
45,65.11624801284316,79.23871385391065,90.82826642743105,3,9,5,1
1,78.047404234261,46.047952720946455,67.6336989273143,1,12,10,0
25,99.43775719132968,61.50374040512932,74.59280676811821,1,8,0,1
7,6.05246249645942,38.12648186822259,8.733294156736337,3,24,7,0
9,74.36647806451428,36.03737542313636,62.43704822553287,2,5,7,0
24,59.31998501391814,76.8857184612232,70.45429399524282,3,16,6,1
1,46.234956727690886,48.12361431883837,6.935828972622006,2,22,11,0
44,17.119166584280233,25.155319978447775,85.16660385584429,3,15,14,1
8,43.86308912031324,24.18412538447726,93.1870761068204,5,17,10,0
24,38.665832383682854,86.6213743491437,27.603962979784864,3,1,10,0
11,33.76883945298051,69.38724696445377,85.35061360621162,2,12,3,0
51,74.43356421560974,56.87437696902101,68.2236953573706,1,20,7,1
17,71.56892452200506,43.08917991965414,60.16610287626885,4,19,8,0
8,60.9569086431866,45.92765212477695,85.0969675004691,0,5,14,1
35,94.17315726287036,10.45634344851966,32.133000895794346,3,15,4,0
35,38.23616649718117,48.21646376244506,80.13133688025113,2,9,5,0
33,28.161184082467056,80.56821650909778,34.87947292847931,0,3,9,0
59,67.31081474434795,41.85871560905562,79.808371576267,4,12,7,1
5,23.88733578905328,41.440218991609505,47.85013054686346,1,23,4,0
42,34.92599818242534,6.493075386832341,16.10981979184264,2,19,11,0
39,26.33723180711406,48.49434994301651,41.2443867290691,2,15,3,0
58,11.569588933257617,7.407077030056851,27.18186143942631,3,3,7,0
41,83.61238045538897,59.183195660832304,14.550497324690816,0,20,13,0
28,29.181351577557813,53.14442125031984,15.477271500248174,3,18,14,0
7,49.93761281758697,84.80080739777989,79.10678285788474,2,22,2,0
9,9.114950959159636,60.26915803794351,88.73279598963443,0,16,14,0
8,71.43724929400109,35.72559875561045,93.07726634608788,1,15,5,1
12,36.40329521909763,54.04194589460684,86.12488637139319,5,5,8,1
34,75.74998914377494,71.47210379624228,83.87128924211697,1,10,5,1
33,44.17829074444728,13.926560563986364,11.539405894077568,3,10,13,0
48,23.596782608534337,64.0020384046912,80.06174149856248,1,13,8,0
55,53.75163281679341,92.079496787908,79.41185266736285,3,18,7,1
23,17.39793316555678,33.41737808496821,17.472587439938252,2,10,11,0
24,46.8512201879345,64.52938401325916,67.89087703379008,2,16,8,0
37,35.14402035494622,83.02629778327314,47.988196963631744,1,2,9,0
35,91.63616049896515,53.62160775666929,90.50128472984672,2,18,13,1
44,10.788228563468396,73.20805573193655,71.0637944275884,2,4,8,0
40,70.9316543400455,34.54598215647971,95.34381595555396,2,19,7,1
22,22.36136076880641,34.07555302788875,14.967651301091148,1,5,8,0
27,35.30928206156278,68.42048207086327,8.857694872977353,1,17,13,0
35,44.47383599089626,72.01384302748096,97.49003898725188,0,2,6,1
1,91.26143349062257,94.01592145365366,12.618255337265916,2,15,6,0
35,28.04493527701339,26.35966459820758,41.68860298647181,1,23,10,0
37,13.67433624174367,49.480671628357065,66.74720911380271,2,24,3,0
47,35.275512379099744,28.79877995056968,88.60538396673796,3,6,0,0
14,14.944217200875668,12.608755283623314,29.184845230322978,4,23,14,0
3,17.216666166252487,43.306900155011334,7.760530129077217,1,18,6,0
1,59.515806807627534,40.53767099237931,54.522245097423,2,14,7,0
5,10.785683644451863,30.691241398307852,49.755641925862925,2,12,11,0
26,7.938433732388773,33.21451465824456,34.15485230796256,2,6,8,0
55,72.86933963969729,39.23912160337142,88.02043991263767,0,22,0,1
14,39.35647400989923,98.93957511410888,76.18560630040729,0,20,8,1
39,16.91065817721796,79.38098776689161,86.52105640392843,1,20,14,1
27,29.093213231672284,11.78311410325616,20.371851150333924,2,18,6,0
9,65.99821819847791,87.87925176623668,70.77913609933239,4,3,6,1
15,31.175973878380866,65.16381600787378,97.63466486479145,4,6,2,0
15,51.97950688643875,89.60640721158137,63.13181972182576,1,4,0,0
26,16.561054139033867,37.46242027737168,21.279614703071186,2,19,6,0
42,60.86889557251746,49.12929215711328,99.59913747447276,0,17,12,0
13,35.027379965110086,90.1415704442703,55.190740248045934,5,11,9,1
51,64.56200128022807,30.89444791179974,84.80560673624348,2,14,7,0
32,81.79751381888218,91.97258324331446,19.189337505890975,2,11,5,1
39,63.10640984204928,83.70747265370558,68.27914068700254,2,19,13,1
49,33.09601844652696,98.15300438638288,91.69868132936706,4,17,6,0
52,29.295651647088537,35.804470766554495,55.541692815634235,3,4,8,0
32,36.10499107967756,27.39655210045442,32.42270575555642,3,12,7,0
4,20.63894875746796,36.432355219344174,17.105073655970717,3,4,13,0
30,22.211325830751907,95.69173061892984,33.11474319764138,2,12,4,0
37,80.11565468051595,36.64196312502945,38.7139992780515,1,17,11,0
23,41.54959476820727,58.69512289593762,72.4457349968338,0,15,10,0
39,46.41954215420566,43.34953184571885,21.969033667812184,1,7,3,0
45,61.43469922884706,42.64091372576918,15.079961292963723,3,21,10,0
15,61.017082039397025,23.370967938510244,41.75925639820668,1,1,3,0
43,11.400802794582944,56.02255637577105,48.57209355886809,0,5,3,0
29,83.99637470207823,85.69340422188465,64.69657996066297,8,12,1,1
36,21.84602255627425,9.701076287617726,72.21547362358922,1,7,9,0
13,73.69180542471854,89.47652639802506,89.48138233919197,0,22,9,1
32,78.40374387217582,68.21993168804345,32.45058872516343,4,15,6,0
7,72.9154557386748,63.590117654615774,55.21774315573325,0,5,7,0
59,60.002876422643794,64.46052212777926,39.773867146291195,3,24,11,0
51,6.387854725343872,33.14563441567459,5.1350588429440585,1,9,6,0
22,39.23567177450121,44.43872786748733,60.04602315839312,2,1,13,0
28,62.45974578944521,80.9325505609004,82.50062718875817,2,6,14,1
2,41.807873112641175,34.106198508947514,8.46175117982244,2,16,10,0
42,87.03059001671724,49.65191990940619,5.331717067282173,1,15,9,0
45,34.33621615821346,6.865065781827067,74.14274861852012,2,2,7,0
57,32.88580528357274,74.68804352887314,69.96667387583915,1,13,10,1
53,30.269780843802508,44.681706784467536,43.55595000682699,0,24,10,0
6,36.614182551275576,54.909083004992354,67.85246375398643,1,5,8,0
28,57.95347160984778,15.89548519202207,95.57167689044508,3,16,7,0
28,72.16645295589612,99.2128517348065,28.54696567275385,1,1,4,0
44,67.94395218518459,33.73444356356037,28.363026480500466,4,21,3,0
44,81.73319289824056,65.32401785166277,22.69205945260032,2,10,4,0
20,89.16182957225537,60.217452761174215,73.77874124750629,4,16,11,1
30,82.52750902261837,79.58375937287408,38.552977626277304,1,13,10,0
11,6.799813320563684,32.914510784086254,98.9258477287774,0,21,14,0
58,74.91220558743893,76.81309777473754,72.89164582842938,5,2,12,1
55,24.7979594937415,41.337664415144765,39.90080423150153,3,4,0,0
28,17.628164057258353,44.06029175540316,19.17267323602915,2,22,4,0
25,65.65643455591787,68.90769001624317,61.242357570133606,1,1,5,0
39,35.37560356373102,79.50714831534454,33.01580904416042,2,11,12,0
33,10.42613052019211,68.35233043145311,91.02336272314724,2,9,8,0
1,18.074824767844326,90.48855445425944,46.9334179882651,1,23,8,0
57,5.088294602646301,32.0901078034564,32.80174663116265,2,6,9,0
27,90.8062445977472,90.5585895496852,60.91242238421467,1,1,13,1
57,7.338708464917666,17.432034964620975,18.012577592251144,1,8,11,0
52,24.89829810340355,67.65538030784816,58.34716191627344,4,8,2,0
13,44.5449641653512,57.024911881116864,10.330590459375316,3,4,12,0
41,38.87427596532781,51.990414339481,62.65442476598472,2,4,12,0
3,91.6139583067137,34.53664274190694,55.36556517063575,1,1,10,1
39,8.827449844781501,52.854610804282245,54.47276830320231,2,8,7,0
6,53.6603972293199,20.36846885654681,69.99561677048915,2,23,7,0
8,69.64554893981553,40.085489700109186,9.223378370535046,5,18,8,0
27,93.51130749971104,14.374687160968357,48.67448913987813,0,23,14,0
9,63.9352689517535,59.32542697970036,47.18367298883558,2,20,0,0
37,81.35674742111746,14.09794918896456,48.67933197503743,2,19,4,0
33,12.953869095308098,20.23274117099074,98.0896422512076,2,11,4,0
51,41.6642535390081,13.119346141310723,18.231454948704737,4,20,6,0
42,40.52497777551141,41.2245107954474,70.59082692066129,3,10,10,0
44,89.19738056329318,84.9860531697431,43.18963305096286,3,6,7,1
24,19.38026127001112,91.15515720521364,53.61401981082879,1,7,10,0
15,19.42918637197987,11.829498187001272,77.42742105633863,2,2,6,0
59,36.213024239150855,65.28226338185456,19.950667044480696,1,23,14,0
54,10.17427449984957,70.01661533624697,77.54059520046677,2,18,5,0
32,22.333513861986553,55.708144531042294,11.68142435502176,0,18,3,0
32,96.69491566184485,68.36356183960686,50.91440356493413,3,17,14,1
24,45.67747428738142,27.20061796709405,75.49673148146015,1,13,8,0
41,65.04182480013147,51.51620012280653,23.292388258696445,1,15,1,0
52,73.98056963774052,42.13320565840371,78.23698637336523,3,11,5,1
49,39.86133366568404,13.52225538676495,20.84718815794561,1,7,9,0
49,18.986572068999113,64.42786177363645,80.92768190902653,3,17,5,0
58,24.62519654106918,52.045443303796894,49.54887942947457,2,19,10,0
52,34.760315275157986,31.141532555745403,70.04064152699515,3,8,3,0
12,65.42649993346144,50.00009973832029,92.1536135450729,4,17,12,1
39,42.83665216346017,78.65331174776279,43.8000447433047,0,16,2,0
2,5.647396300512171,81.15748746676607,27.130965048163414,0,14,10,0
3,54.723682581409825,66.70498223119006,87.3805891786793,1,22,13,1
49,92.5437722312047,49.43604417301556,20.353581569953924,5,18,2,0
37,82.14737304582451,59.696215724365565,64.99022492455458,3,9,1,1
49,83.39508026966494,41.57646027878363,92.70906236385838,1,18,2,1
56,80.53051167258246,17.022852584452632,69.06768759585404,2,22,3,1
17,35.754428432990245,41.63395675167873,23.58970311775145,4,20,9,0
59,77.69341420666724,55.381611826615256,19.46697541750713,2,16,3,0
49,18.600328992063336,61.88923139180549,28.96902545455615,1,17,13,0
2,67.48303399121558,93.901092725189,42.18364912137495,2,17,9,1
2,65.94901383507447,78.84667727790854,20.12010802574079,3,16,13,1
28,7.429130913524793,19.439293337244344,80.79233631192517,1,19,14,0
54,79.8571626911385,21.547309632028163,38.91835754784442,3,11,6,0
23,90.8085699840374,14.547002127776633,93.928239911709,0,6,3,1
37,30.40445145485023,75.12726408598719,85.03663208335578,3,19,8,1
32,82.17711879768433,72.08161645672642,91.33773496616024,1,7,7,1
33,12.82856732688508,98.7044756612037,32.9768079253363,0,9,0,0
1,61.996946534801275,54.592224678113126,59.504496663108064,2,12,9,1
19,51.13645220675633,83.50941824064378,35.537704214023954,2,2,0,0
2,56.862735664355,59.76178657106482,29.410108600180525,4,4,12,0
53,92.98949417901278,88.03823769010653,62.67324421424231,3,3,5,1
44,87.77494848845109,73.4969987337614,82.70956115697929,2,22,3,1
26,79.58294743777692,66.07398142416903,13.891791582032154,2,21,9,0
32,31.001353479445243,58.68665374338978,31.198032329776787,0,12,5,0
6,91.62276972517871,73.68219982208261,24.487747184182087,1,3,8,1
32,14.26323078406815,44.867115053746,80.8432664498261,2,9,9,0
55,86.06627557308484,14.17477516703809,93.67034694376083,2,12,4,1
4,36.17520687359274,8.798682235794876,12.594557467419104,1,8,7,0
55,10.10836960788842,50.50725450287152,41.0252743971879,4,19,1,0
11,68.5889135028711,61.932700310913425,91.8783590582724,1,5,7,0
56,26.971593190015767,12.490657904209415,37.74063095189834,4,21,7,0
59,28.13925695714003,32.25583714664971,72.7028364498018,1,5,1,0
17,34.07448079173329,35.593059567671276,14.563306719337586,2,8,6,0
38,11.050052912739089,58.465575844783864,47.21681550315352,1,3,7,0
24,21.827078698834132,31.455833324064965,52.8135736812047,1,19,6,0
5,5.488264620628229,14.086616957820636,76.97808740858073,1,24,5,0
52,47.31390450504975,20.66139038992226,32.43834180508349,4,9,2,0
34,13.004260854707272,21.525041152398355,30.097914392300073,2,21,10,0
6,69.8519974791989,85.05601970116234,33.78192866860398,1,24,10,0
22,27.384170863206595,32.01037026293769,57.791168335405374,0,14,2,0
11,94.63954368334184,72.89571472190191,88.22041927915133,2,21,7,1
48,87.768904602872,58.94468090223405,83.93943266382415,4,20,3,1
16,32.496885021979786,97.818681593562,10.50483735904518,0,2,12,0
33,79.40546819238448,30.918153543619212,88.50073557274223,1,15,14,1
9,81.3082659431566,20.04543695027402,14.035390550747223,1,4,9,0
59,98.723495840869,9.943594580983236,44.45806658529262,2,2,7,0
6,61.79479875034007,27.89116791672165,77.71342172915101,2,23,14,1
16,12.786744791147909,69.9867342094623,12.7435484232246,1,23,13,0
29,66.4495367480062,13.09953134050176,8.83796962631185,1,9,12,0
3,64.37307609572335,28.24667528921756,36.34960134302545,6,4,9,0
20,65.64330485494102,86.25429497748114,74.3429327464449,1,5,5,1
59,34.17883656990009,60.380530189629425,54.566861569350905,1,11,2,0
36,86.66956058263163,11.604546324053567,44.61517770792032,3,4,11,1
19,96.14985738076412,9.529898703727511,82.24196516399357,0,4,9,1
26,25.68268873292439,10.806673155947854,77.83737990845324,1,15,1,0
3,13.374455022981223,94.478129763989,79.67410492472663,1,5,0,0
19,23.480828151005987,85.7377857133002,48.67404827517419,4,3,11,0
20,82.95245322929328,85.2693039917836,6.8476780367429715,1,16,3,0
32,69.28124030788551,92.80059241313684,21.353012481695373,1,23,7,0
7,65.42449752221702,52.99926207383648,75.42354068627945,3,1,3,0
52,43.170347835395326,28.49774375861768,76.55147981621438,0,1,7,0
41,59.893657293586394,43.12806040265922,97.36836820662695,5,1,12,1
33,34.2480419010649,73.29208692396203,23.06772005646831,1,3,7,0
40,50.33400754470632,88.22312279452018,16.678044874501275,4,9,10,0
39,80.3409876952123,46.33363803645481,18.185015204921367,2,13,0,0
18,98.2179517582689,55.861190761295816,22.554870932043325,3,24,12,0
40,93.58644774103118,93.51938436124406,55.20449225324808,3,13,5,1
1,93.71726457039364,15.212370525395762,97.6450889825444,3,21,10,1
11,43.21125481047567,86.91842561254177,60.995990885057665,1,23,14,1
28,49.53503864814514,20.13421081393391,54.65536623643107,1,13,9,0
57,72.03536265505325,50.966828277608926,68.96884188646774,1,21,7,1
25,92.608233164872,25.75019722299066,12.023387122024872,2,8,7,0
50,18.48945463844804,62.2800249156074,82.45864274428475,3,8,0,0
23,33.9029770635836,58.064475062285275,66.4535566153241,1,19,7,0
31,18.22845023644041,41.10069960287143,21.26320956109989,1,5,12,0
30,63.14081034614826,87.01383391028682,64.91796501394587,3,24,8,0
42,34.09859470431606,67.68226542736568,61.63975644375768,3,10,10,0
35,35.98024598869448,73.51448687138465,11.161033622006054,3,19,13,0
7,11.737016151358027,19.31267512972851,30.35855879534685,0,3,5,0
16,38.23062587172123,88.90073940768367,42.13945417448172,4,22,12,0
26,86.9371682031506,20.868815543901743,28.264410300313113,1,7,6,0
48,27.14191712962932,26.164571599946218,28.100360340566873,2,23,5,0
57,71.04280928995624,17.165238157203643,59.43010500125474,5,6,4,0
52,64.8146927691663,46.83412475703748,49.7316066207417,0,7,0,0
49,87.03103779506596,89.33237701646942,68.39275726416076,3,7,1,1
2,17.567355026848634,28.98251436293666,95.8586732754421,2,20,9,0
1,97.87104623277912,40.50657494018056,67.75282423711512,4,8,1,1
48,60.34972137383473,85.3763099071651,60.29911356684146,3,24,10,0
12,99.57004447294736,63.692451577094474,85.51815170822228,2,2,8,1
5,91.59389895725585,76.4035573963963,65.0469455038684,0,15,5,1
37,26.044140850745052,25.33000469643091,20.728320679336093,3,10,2,0
32,10.335390940814746,73.06653701659467,34.90112644855397,1,21,2,0
59,29.285713910559345,26.623004970968385,74.66922685501842,1,15,13,0
55,55.118546654944886,98.7948283100128,75.1463263875669,4,2,9,1
9,21.301654871193048,58.18918483204004,98.76583127935112,2,3,9,1
41,20.90867572920891,71.085729514098,64.56261344821912,3,19,1,0
35,48.946386974989544,16.24815049344277,90.45679286816102,0,5,6,0
19,8.16045726108905,28.812318103949107,10.18512950600507,3,24,13,0
48,16.579367840565695,18.275362658613663,58.79112275701161,0,19,0,0
16,44.50682724375502,42.066217950813694,92.38556234670858,3,7,0,0
3,10.997341374756816,31.992907099512855,32.288202341928574,3,21,13,0
20,42.69173036327528,74.62761466490407,19.713277360449872,3,14,9,0
24,50.030595265102285,15.327353064674362,38.29846520919223,6,12,2,0
54,47.87032833694587,76.44564000278498,80.26243588820554,2,10,0,0
56,87.5716114532933,9.341958340665812,13.046577394724984,5,10,12,0
33,55.355933229914584,24.19169454562728,62.03217254506302,4,4,10,1
24,49.45814393541412,80.23667423663727,17.885002555206263,2,18,13,0
52,44.01737831220829,75.56378090525001,46.37558194698839,3,6,2,0
11,82.67422093892618,50.25098082229202,96.76781514740728,3,20,14,1
49,90.03037737998415,9.748357932367425,23.538705635454217,2,4,11,0
8,86.05803457372616,62.93990545858344,8.231572140373071,2,5,8,0
36,68.98692492248213,43.63878987753935,45.58431720291405,1,14,6,0
38,18.04936586702405,35.07017426880713,59.88108083056472,1,9,12,0
40,31.302647101741165,65.83901049852075,33.2641848279825,2,15,8,0
20,9.375991049787856,46.478383409164,56.46796032078578,1,1,6,0
35,93.42828712406084,13.780004543051971,95.57318489393876,3,21,10,1
48,67.77586032063648,92.01529469867272,34.61822480453144,0,21,13,1
25,75.90447400975795,78.956844448071,34.39556796393263,1,13,8,0
35,34.59931526031175,10.355928172602482,50.86295029869066,2,2,10,0
25,85.33708461634752,54.88106766811608,53.955051909678666,3,15,12,0
29,29.66231195230546,12.920868475369687,5.129762958133096,0,15,2,0
18,5.15615692568272,84.54253661055607,63.508137464459786,1,16,6,0
46,40.759421439465925,63.236326299937325,99.74894812314751,3,3,5,0
18,59.222340691111974,21.382667689441504,32.74076469969337,0,13,1,0
2,50.47696150672464,6.970427566589073,64.92695439532027,2,20,5,0
54,86.89723354477673,8.00019615390996,5.439057228230635,2,1,2,0
35,15.01350216583586,53.19971984615883,62.41102816820533,1,14,1,0
16,57.61322686020393,74.76548047429351,47.471489395642706,2,3,4,0
41,53.7330382329862,16.47984287672612,55.377849579144,2,17,4,0
36,31.73233330635549,26.021986261920965,56.670971911776455,3,17,10,0
33,83.111670694816,36.089694791105565,21.810532083486105,4,9,1,0
4,76.52062230880959,25.717294295809538,78.14697157853259,0,20,2,1
33,74.62162279652394,42.17697345528007,57.769613995982205,0,20,7,0
14,88.23828543560782,58.16342554768224,30.668473652214445,2,4,14,1
21,73.6645370590445,70.06899108292438,94.05124692371608,1,11,4,1
48,27.024922712899013,96.5586423096867,6.213502450385323,2,15,7,0
20,72.02845760672065,93.43014861990348,73.96403532997996,1,13,9,1
56,34.231767272035164,59.16206260874688,41.21734263742486,1,24,3,0
8,28.0065917830097,74.74425536335369,54.64175897457416,2,20,3,0
7,11.935341325464597,95.33285943941564,32.693426197330254,4,12,12,0
3,75.68271513302929,12.92983473143346,35.518956745018556,2,15,5,0
17,72.54509138523207,5.535302186835768,6.440790388035633,1,6,9,0
33,27.277450379038903,7.83097755431041,74.33528342763071,0,18,10,0
48,76.19100658879482,58.518189425431565,72.52584902606826,0,22,13,1
12,92.19488389388754,77.46917540374075,67.16402903868611,1,17,13,1
59,15.26275096170003,39.872120320778286,88.40531465548075,3,21,14,0
51,27.10048064674362,56.79772159912377,90.62042015305124,2,24,4,0
22,76.27477543829497,54.054800262111,57.86221034539926,3,17,4,1
55,31.078133983172435,14.003234701241858,70.05823174637096,1,11,8,0
22,64.34307755695309,35.55088510128465,6.044848101693681,2,18,5,0
46,12.71060132405288,6.846339742318689,85.40259059314387,1,3,13,0
30,47.95923551483618,15.517040436618531,82.55927529230227,2,23,14,0
38,75.21368508933054,82.1265311764289,6.9236187502320155,4,24,2,0
38,70.21882458910899,83.7942822385903,56.56839559046323,4,4,10,1
45,82.43184956420164,81.18490040428162,91.1322791915406,3,13,3,1
51,88.35795202730104,74.04777089046247,22.231858767971644,5,24,8,1
54,78.45243261958203,80.36472040799066,38.50126754792432,0,1,5,0
8,68.80083557919797,68.74332242060424,36.4500994592747,2,19,10,0
27,8.013636722522959,68.63416718754742,38.814345162976394,1,20,13,0
27,55.821833973897185,68.39937076172176,8.979172893234699,1,5,7,0
34,8.581283866911015,53.83406501942939,31.506679957709807,1,13,10,0
21,81.76644262602214,39.51798717916022,33.01134970652238,2,16,6,0
30,35.46882982369597,74.36855028534772,87.25784460651116,1,16,11,0
33,58.43079054120249,33.37137129074045,38.45102067751174,2,11,0,0
28,31.547304195295748,56.57570249037383,47.485590289887384,4,9,0,0
47,79.33751371612789,46.16878392069872,41.170115688636926,5,18,9,1
33,89.21774003098074,31.279116323901608,16.463977712150268,2,15,13,0
5,42.87103695024108,97.595542442984,99.08389198393428,0,13,6,1
48,86.97762738354395,29.58140629417285,83.45339311694943,4,7,12,1
19,30.37212570835158,34.38284105368785,56.38742916759985,3,3,1,0
4,55.79278769217476,20.350812667016484,50.25462696697128,1,12,8,0
35,86.58233583467688,83.18315940485759,66.67919891898586,2,18,13,1
49,35.958727548500086,60.72599305267649,36.01095910970763,2,9,11,0
17,95.63401518241815,63.23872936487664,9.77687268367546,3,3,9,0
44,16.578552669231446,82.95333412091429,43.41009729339528,3,24,11,0
28,6.736131623733092,37.57736756983854,98.47786985374675,4,1,8,0
30,90.89285849492812,23.39517541112031,22.322946558383663,2,21,13,0
29,11.521623284047864,23.848509579420877,55.13200275453237,2,21,11,0
46,99.22947361501171,74.59888303891464,5.809532650549974,7,22,1,1
53,95.38270188801508,63.34093967393251,16.592993941965556,1,7,8,0
6,18.016986453450464,24.602193465298445,60.78321154437612,5,19,8,0
35,56.07053944079375,18.78121249084024,33.25432330324432,0,12,9,0
41,22.567428259378712,16.465293990387416,91.04002621375936,3,14,5,0
37,45.674741437861385,64.64087153178859,43.5861277659373,0,13,4,0
24,10.835387279684104,5.011271266530751,24.76319172744999,1,5,9,0
29,26.27283584067601,6.7403375473366545,56.83121808204684,1,12,1,0
49,39.51091565789545,42.00754788447905,80.52249534171645,5,8,5,1
46,46.671512523375206,70.67823710623543,6.844871138752507,2,6,10,0
53,97.86214452984484,71.02874076725337,53.02441126985393,1,18,8,1
31,81.74723633997822,45.861235992730606,78.47552288907889,0,7,2,1
35,75.05394470963489,70.65199262743411,14.84092219004277,2,19,2,0
33,56.018924900487555,54.50413706011192,90.76585929864882,1,15,10,1
52,84.79978725741262,97.80848459574496,30.12915394685069,2,10,3,0
21,37.23566938729255,20.43372031449914,21.207342732718544,0,9,14,0
32,72.34541571346503,62.063390432032534,60.97932692575409,4,20,9,1
23,99.40947766092634,51.66768371534535,21.627958852712748,2,16,10,0
33,34.889746348843886,23.47430274248097,69.5716444352623,3,20,11,0
3,69.0316658139769,76.24909105346183,51.55969778985085,1,4,3,0
18,85.20991209447634,31.17326189353955,15.445816367407092,1,10,14,0
25,92.00172041831388,41.262432813886456,91.68656278529456,3,10,0,1
42,73.20360563930967,40.60890411081535,68.95451394653726,2,8,1,0
31,31.942752724627944,28.199424952855136,56.869337520707965,1,1,5,0
54,35.996804399049914,45.9170065113485,40.56235845826242,2,3,4,0
58,6.9720130517765995,49.96785868812374,17.811690943694813,3,24,9,0
3,77.28416787879343,75.70105891688421,72.2142452508256,1,12,3,1
40,9.06026257588538,77.68151456581853,82.29730290276063,1,7,9,0
46,87.14197368726084,20.062816987707897,16.952790744139698,3,22,8,0
24,16.272758375081185,61.313368436115546,51.983924331123525,2,23,1,0
50,21.328268652912804,90.13879083654255,51.06038776428651,5,1,14,0
32,50.270014729062545,15.334727844033278,38.24161228089692,2,24,11,0
47,75.09863944103053,49.92683423074316,79.98748006222148,3,20,7,1
22,18.20520949391238,76.28354662879256,14.45532946165046,0,1,14,0
23,46.80675213131735,63.09167676632261,24.476826362848552,2,4,11,0
2,50.87087106895996,14.555637376679268,5.152263047258141,1,18,10,0
27,25.167135958516177,42.677581908342376,40.43361186788641,3,5,3,0
42,15.978045784660017,53.18775233060208,32.66192595053534,4,1,8,0
2,84.45998768363576,99.60533216304592,87.36442845702487,3,1,3,1
26,52.73423672746272,21.967751385747015,75.8519731872347,3,5,1,0
17,6.366217418494532,98.33025788021068,13.02485867341583,0,18,13,0
40,81.28322362436487,40.734229501797174,75.39081193092518,1,9,13,1
33,98.17541151438556,24.03044617701303,69.16302103485792,1,10,5,0
9,62.562988564353496,44.34036280177962,31.76380599203132,1,7,12,0
43,52.85229677298672,63.32953678330763,6.468773596937955,4,15,11,0
54,88.44950698927136,25.28225242154461,15.940428131927684,2,14,13,0
48,95.48909502003688,32.68671291370214,28.74440303876314,0,4,8,0
39,76.68100701073375,86.18191766485253,82.57912478446899,4,14,6,1
29,47.31802832475734,99.90589885854244,49.204718461241825,2,7,0,0
42,61.26103293648684,35.22640569235051,92.24757501360978,2,8,13,1
55,71.58885967670993,19.141396375244327,79.9691036475885,4,24,8,1
26,23.455989245171136,80.35122789943395,32.27527708518065,3,8,5,0
35,47.484098060561614,62.0432902911388,85.30940487514873,2,5,8,0
50,83.83302014814208,14.538108620682108,16.088859839021918,2,23,1,0
25,67.19890810735208,94.943290736422,8.431164443130292,1,11,10,0
24,44.06438638512614,12.414705197989738,62.81112148676499,2,23,6,0
13,68.01944073139472,64.40885815519592,37.46558831356567,3,2,7,0
58,16.23112914688369,45.274039309890235,36.29544023295148,5,15,7,0
7,43.14227300366325,57.8792722327939,70.28477768251031,5,19,4,0
57,80.34721110649036,25.255348587713723,85.75986364317585,1,18,6,1
36,25.94833477798156,70.37048792881191,35.60667300731914,1,15,13,0
45,22.66634321795468,96.17337046766728,35.87631309213758,0,19,6,0
20,95.327772692061,48.55045803426699,55.71584873277677,2,7,2,1
1,24.94027481069192,54.68103636898159,67.05244219764178,1,4,10,0
8,29.78726506676597,27.78210870404373,24.276050577741895,2,14,10,0
46,97.1135141959121,89.72745845635271,91.7045195266279,1,8,1,1
16,74.79731417517743,97.26156848829604,67.16956976594115,0,23,14,1
14,71.46167063723517,79.69820408317516,64.39037207996934,4,10,14,1
12,86.02800646618522,56.56348270518138,90.89858542643798,2,13,4,1
51,16.003192812495456,95.89569832831992,91.19018265647532,1,6,3,0
23,72.06584247510068,19.615755259891294,17.877261459516482,2,4,7,0
15,52.8504178861827,50.456631690045754,18.782172878087387,1,5,11,0
28,83.76931082699329,56.07254213900925,77.38512639931402,1,10,13,1
34,53.27346327319346,51.732059876475795,95.9035948266772,2,24,4,0
2,63.922928655546656,81.22973728197681,68.31879945874526,3,13,12,1
32,50.385502007955914,68.68827464655459,44.07511486768116,1,19,8,0
23,50.42509773780519,17.03255426223486,69.92994827850583,2,11,6,0
22,77.95714791587399,37.91287419759074,26.73709975387119,3,19,10,1
51,64.7138080614919,37.21230059675421,99.80679848173943,1,5,0,1
25,65.16000415289399,58.735058315328224,45.95309569660672,1,5,1,0
58,47.77683596399495,32.688549677500205,93.51017023832608,0,1,7,0
22,55.45540215206512,16.14081810762151,45.925815022058615,2,21,9,0
58,75.8431782894548,67.09985323742787,93.17327920658272,0,9,12,1
58,83.46438731563224,85.84850916082713,36.89011694059199,2,7,7,1
22,71.17333320368438,93.50276906926275,77.25158354230163,0,9,1,1
49,92.78693394033988,97.3949496776502,95.34519117885657,2,10,12,1
52,82.93078837398409,79.20610038985633,66.36816442859799,2,21,6,1
42,58.37706003190425,18.271730687730702,69.36869644861324,7,3,7,0
6,68.783576901155,86.04562330248882,14.77419330559486,2,18,3,0
15,92.9992863075136,42.99620697133503,50.05089498057059,3,9,2,0
54,63.82096420309055,74.34157481027455,89.24176357824481,3,5,14,1
43,83.35666005808392,55.4704604712794,27.886434441918222,1,11,9,0
37,70.43699784104878,83.71758269663445,79.89448628233974,2,1,8,1
33,57.43395430074432,45.42304461977042,69.1924391513744,1,2,1,0
8,27.974628564458545,10.870412020301972,26.183666650351057,1,18,13,0
53,45.46976434950067,57.89825253383473,31.86516450045662,1,20,2,0
44,96.935568359203,21.27260269342895,45.618285511466226,1,14,7,0
44,67.487711410897,96.72417507352765,16.887275474468936,5,22,1,1
5,58.61756113220402,55.0614912534217,91.77027323002966,3,8,4,1
39,93.6308794251816,57.58808541453975,75.23897248184527,0,19,9,1
4,60.718619198557626,91.19024271740768,39.67158950034007,1,14,11,0
6,54.97783924965328,64.33559828936161,33.46822205397137,0,14,7,0
45,77.13453123926949,33.75929083302218,70.50999267967586,2,22,6,1
32,72.70323380372173,33.12898860677026,45.300987585510406,2,20,3,0
52,23.350200798801108,52.64997174111333,26.78697433098191,1,8,9,0
30,49.77428608454151,87.3277817482701,45.86432153250695,3,9,8,0
47,49.8889670678606,80.49928736994646,87.77321340614436,2,14,1,1
35,40.93132894811775,96.46035567540024,11.51763047129653,2,12,12,0
55,54.14288080446405,11.829181670959343,39.99403349178164,1,13,12,0
40,44.2452027840787,30.49097655161217,96.4222451866307,1,6,6,0
52,23.937821499762396,12.61973224230397,6.409025033185187,0,14,6,0
16,44.1748162910947,76.35252342073144,89.61083016546577,4,15,14,1
13,11.866310019451776,18.379200469286445,40.60920136483014,2,2,6,0
50,59.6996569635691,14.48920020977264,23.004229434668424,2,18,6,0
42,86.09718214940563,58.35885967445797,6.4230760098116635,1,10,4,0
30,73.90227301368274,44.09104765132005,11.699666132885628,4,21,0,0
19,39.23743380514057,72.93462718243437,21.325119601298265,2,7,3,0
17,13.271764529844278,51.26646221152593,7.413877646059929,4,22,4,0
56,24.20419292640072,45.40678661434301,36.90573746855044,0,5,12,0
19,56.82158234700939,45.42254263096223,9.264845865569963,3,8,9,0
28,24.67042292138812,87.82825613789119,70.76052587522535,4,20,3,0
58,56.67744557207191,42.546436818634305,82.79617578605868,3,13,12,0
55,27.0019073525704,36.67272713811518,89.30907273925371,6,7,6,0
26,85.64776760022691,37.16083231715929,57.16717719208685,1,18,12,1
37,42.74078991984367,23.677075697414576,94.9184064120872,3,9,1,0
26,28.32730946472665,86.765440804529,5.53631780317785,1,12,1,0
53,82.17098712347085,18.92992742762025,17.731740605591654,2,24,10,0
23,37.56970165651782,91.3180200909625,32.85076816943694,2,17,1,0
9,15.591330344684284,31.92943358154559,79.9573219856525,0,10,9,0
12,59.188901683345954,90.44554810651545,89.11196831271641,4,7,2,1
53,60.24859942160893,80.12796239738483,63.72277287407739,1,21,4,0
1,72.89608914739475,60.288814490284075,41.40745271886816,3,5,13,0
58,27.82084615479663,68.59965037226692,68.25533234067608,0,23,9,0
58,47.15827721376328,35.955188628368134,22.18544034231478,3,15,8,0
1,31.824952309052343,59.551718361127925,48.49803495638105,3,16,2,0
47,12.690604930990371,32.77827556903622,53.21668934071255,2,16,5,0
34,88.27831356650971,43.215917319593856,14.962765996065388,1,10,5,0
32,74.2426314263924,77.64294274677825,8.217902721052598,0,14,10,0
54,33.638990648586066,28.17359356197054,76.26002224826388,2,20,5,0
48,61.9404343228387,84.69037150456609,55.79710413157231,2,17,4,1
25,24.12005987277488,40.70887109817467,36.56267667840387,5,6,13,0
40,89.57247907059823,55.55614628133719,46.53672000780926,4,1,13,1
45,15.916102619381478,94.48624631847296,95.98182425811314,3,11,1,0
53,5.364528823241085,69.71928486775312,41.56680833182531,0,1,0,0
1,52.69077878522231,66.3323907202396,14.830526532108442,4,12,4,0
16,60.397143228022586,72.60273412247777,49.042207058517654,0,24,7,0
39,60.00170542810142,92.22057718225334,66.56459548041653,1,20,9,1
5,10.178633106593498,28.608802376043528,6.150746029489694,2,15,4,0
22,34.83416165725109,63.257914550937144,36.57235320144215,2,5,13,0
29,52.42389994992652,43.03741616644697,42.38386991239273,1,10,2,0
55,25.575022634587885,6.126252854973172,49.05291034757485,3,17,2,0
3,87.89945912116015,16.903585158580373,33.65999839907325,2,10,1,0
12,13.275382498836231,35.8742300500409,68.35761455425796,1,7,6,0
26,51.30152195884407,58.67499726228199,94.74737625395215,4,18,12,0
16,70.68452546374944,88.74010378614581,91.82982672377295,6,6,13,1
51,29.866354512775832,80.15584122913675,68.11737440685658,6,9,1,0
37,64.30287001476422,57.56669888016319,53.15398628370376,1,2,5,0
22,83.79158926352558,12.017689701209424,83.45243701195764,3,22,11,1
57,23.08201263402952,32.16109758752297,84.41403284656353,3,12,7,0
29,92.13595622336196,39.83732154976317,83.80944001787103,4,5,7,1
14,57.58806060292401,64.06313259436504,19.995364097592972,1,15,1,0
28,33.42704040860075,11.167744183084906,7.416072429384316,3,13,5,0
5,45.93153616131572,55.368387677544966,98.40337392607046,2,2,11,1
47,34.658228959706854,90.63913473374718,96.16714859349254,3,15,2,0
49,73.88556019366503,72.01610609125328,58.61595378443249,6,14,8,1
30,80.64856302443755,80.72229662346186,99.34105308814928,1,9,2,1
46,84.1290522702728,69.75918659411198,78.20196925294675,1,16,0,1
52,98.6479837106454,24.62596565639626,54.1511174280778,1,2,12,0
5,80.17200778718494,15.495962906271773,41.98645137860613,2,1,8,0
12,62.13148671541352,83.80161393546635,61.32200490188422,7,9,12,0
16,37.22592834721946,71.0729214214752,54.00119965822053,2,24,7,0
26,56.73656762752119,59.63084808755498,99.41124003661362,2,20,11,1
26,8.901476415088515,22.98187217198337,51.59373002087752,3,14,12,0
48,75.75838217534174,62.317771704616575,84.41250318777993,1,2,1,1
21,47.365776783749666,7.97556959610518,82.29426319813292,2,1,9,0
39,6.902206824557824,16.289717767426147,11.78359598305006,1,10,13,0
36,10.938159443489027,34.62956423142033,13.26564289450996,2,23,9,0
33,41.80931406306688,47.15513635406061,67.68196090613263,2,22,2,0
30,60.42504430675133,16.45362710309003,29.615260639853627,2,19,6,0
37,49.09937515045203,16.3943174664659,67.46506829622511,2,18,5,0
23,63.824410142754715,73.95989775544537,18.73945995978535,1,24,7,0
58,50.6279545851788,59.12334362068113,42.72148158455137,1,20,9,1
10,67.86186532072794,55.70548817387817,14.734675300930478,3,22,12,0
54,25.816976143726084,47.98127703616725,31.798842297485734,2,20,4,0
5,15.720102782444034,97.77159510273356,13.38836606022877,5,11,4,0
36,61.66122568943769,9.731026874965792,97.2049722437795,2,9,1,0
34,51.04550410894921,22.159581735349853,42.53055127866613,2,15,5,0
52,7.552427134268854,66.51323695311754,90.61293295032768,2,16,11,1
31,41.14577912183841,17.954737115867925,97.26131805774058,1,13,11,1
10,15.081930621644572,60.99118911087151,91.40845271211931,2,21,10,0
58,55.47889901650605,58.9373164207026,48.22116811478984,1,6,12,1
19,42.59887956774092,97.245492445766,78.99524327029545,3,15,12,1
58,63.2494315547867,88.92171626965713,19.601450956727465,2,15,10,1
32,81.53221078317264,94.827567657908,14.009098312824838,1,22,4,1
1,33.46852496494163,15.792225100028062,88.30563944391916,0,18,8,0
56,96.3996998956776,87.47410153914794,7.956413841808597,2,11,13,1
5,55.88527755581957,17.263612864189067,97.37109833523114,3,1,2,0
45,63.73762588170486,65.12855696167895,68.85271860609072,0,14,14,1
4,69.66387545644501,73.40742526441021,44.86323703305784,1,2,4,0
16,68.33949533647103,20.281082324182155,18.430656006200245,0,2,2,0
24,53.542220589280895,65.10264071330627,73.70695934069767,1,20,8,0
16,45.73260765589493,9.983746826639436,58.49561666831852,2,10,8,0
55,10.1092865968509,32.86027814556887,72.55706570742409,5,16,13,0
2,7.098155303612075,92.51005692374108,44.702609534747495,1,3,9,0
49,39.00631348061264,21.31446047567757,11.294707890786611,3,14,12,0
28,36.6977846102008,11.200649282781113,34.92235905231906,0,23,6,0
32,41.83103970970564,47.14942896726864,34.926971555395625,3,7,14,0
27,18.14497908437805,85.8087298100908,5.824520042077782,1,19,13,0
20,75.12598570100015,12.283876286987546,5.910196434397733,2,19,0,0
24,86.4116194037427,38.77585969688881,36.42203728404211,1,23,8,0
12,94.17789036053333,90.47860928313598,74.12422155592519,3,19,13,1
50,51.774418834364454,16.22477724472316,64.28415438960312,2,3,8,0
35,71.58224141691572,34.51350806163493,27.70667643711836,2,13,9,0
33,86.27735672640789,78.94995809589187,62.26245195635626,1,19,4,1
33,44.73765555388116,56.60504377818641,66.5008715781517,2,14,10,0
51,34.39421551269221,84.0716483601904,54.64414266837491,2,8,1,0
43,93.98883280608156,15.601562339635848,54.528627642748134,2,23,12,1
37,53.98927235232195,92.45264628107364,40.12604794095073,1,8,0,1
12,52.23911922613341,93.81662047894484,16.72246455655749,1,17,1,0
3,21.9495291735321,19.7547369139371,41.62096100479034,1,21,3,0
1,15.274726384468892,8.218169118641255,37.80676003394861,1,5,3,0
33,85.0001519359336,99.03493128577904,61.23739632322554,3,5,0,1
40,63.342651737814215,50.81390126873032,86.34471603282779,1,21,12,1
10,35.953335481847624,59.347163383365974,40.660640659836574,2,2,12,0
43,23.214940652075313,63.510949698324744,72.42485140047009,0,22,7,0
44,57.77224161611498,80.01850396414775,82.1238858621645,2,23,9,1
29,60.47233247980786,82.1388570593622,25.11639380442563,1,11,11,0
13,24.664392118280524,23.42289631037852,90.65676680357326,3,15,14,0
12,85.88354604969003,27.480490360185023,11.692269127039255,1,23,7,0
31,13.005114784805851,88.29913774990534,90.66333718578063,4,7,7,0
46,38.82884309081006,82.85417245130571,20.54512479977306,2,11,4,0
2,69.6365193074396,63.67384124762576,37.031112269259985,6,2,9,0
51,31.041434562824065,99.49642011686072,62.497345915975515,6,6,1,1
50,83.62914350422082,74.84247463737574,91.0399197482284,3,9,3,1
35,75.28744352703833,25.504492972373644,29.291636853697348,1,17,0,0
23,79.95717023207276,85.43118611160443,77.53952177932467,0,19,9,1
17,16.315120908288044,44.3996004551633,72.49140178288258,2,12,0,0
26,18.351977159576577,8.434502751422473,20.172332403505877,2,6,11,0
8,32.21500508573544,35.53502139210871,50.549074735511155,2,16,9,0
29,54.217330693768304,77.5373672356416,50.74298385187505,2,23,2,0
26,76.06152728644322,96.21958968271495,33.93812239238176,2,2,3,0
10,84.47043462228584,31.232959548803414,79.09252507090055,2,24,11,1
26,71.91185501593215,28.41905081892293,92.96371597544436,0,11,10,1
34,93.21670374541064,58.54357563183851,73.0743835672676,0,15,11,1
51,75.18063341351338,82.10997046793244,97.4306996371674,3,6,10,1
41,34.0954492654384,75.91993980528993,9.794504752753172,4,9,2,0
7,30.1827220121644,58.19609574346757,8.536155083492543,3,9,11,0
4,71.13828277860354,64.98201975337545,89.91657436185844,1,18,10,1
58,23.322704025513357,27.99940094600268,90.29103512117725,1,13,2,0
53,13.80790702697564,46.094555175318305,15.176474583348824,2,23,7,0
50,55.56117311133842,29.25973451942849,38.95737466154784,0,5,3,0
45,83.05594912900075,89.01970761024059,84.36248492072106,1,17,2,1
11,14.631085034637035,15.692678199723996,17.211364362656358,10,23,8,0
29,80.22967576059428,69.57535299635522,30.40566689787467,3,21,11,1
56,82.09934041339707,29.72690373067723,69.69462350150555,2,11,11,0
36,50.81603000774663,50.179853923254306,98.2804101754098,1,9,0,0
25,10.444479450996248,33.444214123430115,80.72818980668727,2,23,7,0
21,21.586035868482707,35.70830512064981,78.84517416736679,0,20,4,0
57,72.20549614038357,29.73733629304709,37.552953050658,2,24,13,1
36,72.6189047741402,76.51532751356667,67.82759180879005,2,9,7,1
10,90.3437511409282,39.74300643200947,15.74338744842866,5,9,9,0
37,60.35518392268537,74.00391668283785,99.26536815243242,0,10,2,0
9,16.790199932808854,48.32664335988121,50.65551018662907,5,20,14,0
24,16.53441602297235,56.98837399952729,65.68674748511594,6,6,5,0
35,73.50757394889825,56.6123101927813,88.2363303747381,2,4,10,1
49,22.45954318525061,97.70594753764094,5.091671375138579,3,1,13,0
35,36.196622463577505,39.87093329254037,97.71833062164926,1,6,6,0
48,51.28514065758182,24.72998906277177,39.12013465616835,4,24,7,0
36,7.352663369734364,91.6202343348272,37.261120432603505,3,6,6,0
18,28.637807566893528,21.609732484979457,18.781016928802117,0,12,6,0
49,43.7495128081916,84.27017035521274,86.5275189769364,4,3,1,0
39,31.565450256854593,19.27041506935795,87.72975590738784,2,13,2,0
32,17.955181109418753,67.5788117516036,6.898954899764575,3,24,5,0
24,74.16116449063875,19.301377260130927,10.29389598296505,1,10,2,0
23,82.24902724095857,92.6931528277458,92.2424577601987,3,9,8,1
32,29.46050273365386,58.675786852018966,16.67247256635315,0,17,8,0
37,78.56985198759881,36.28101471830832,63.98810907686109,2,11,5,0
12,41.62758861812481,18.33066362154152,63.866792765990006,1,6,0,0
49,53.13515013113027,40.26326243386943,87.62438183532215,3,10,0,1
55,86.32010211484952,71.97690331253712,59.40214001543945,2,24,14,1
13,76.24559977122874,41.57033397321198,46.23108407450974,3,18,14,0
23,81.48610087503688,28.378942929067183,97.56617434614932,3,14,3,1
25,18.000290825703896,59.85389758791264,26.73747021990215,1,4,10,0
35,11.6233454542043,44.69307601952636,29.95821167990241,5,13,9,0
41,89.87344926335876,20.75159242287777,13.05311720586776,1,1,7,0
30,41.84425560925396,19.628859076358395,97.6550976297197,1,20,2,0
17,32.34856941661968,72.2088890710762,72.10421983957346,1,2,3,0
49,73.84614415487333,97.59383007404436,6.149223311683098,2,3,11,0
20,84.45948167508638,27.143936731895355,71.90983262000856,0,20,10,1
48,86.93651408033858,78.44911707899155,43.39293055580077,1,3,5,0
25,35.0197284068966,13.322636732794194,96.91722071485744,3,6,10,0
22,85.96017716415903,41.24971230995726,31.35181270542734,2,7,8,0
13,8.888724715562812,53.13537451678441,72.47720217782035,2,11,3,0
59,9.717841688673293,30.53095980252799,64.6062442855676,2,7,2,0
19,64.23432354154467,55.30994956885379,6.144747615143627,3,17,9,0
49,10.995105065976892,88.84837062806618,89.09560828657548,2,21,9,0
36,35.83787100846534,94.72160642372438,18.263202733531816,0,19,8,0
12,68.91181869345777,14.5529106654397,68.04093400479414,2,12,6,0
41,37.0403551251515,30.82536372849922,78.67710282545745,5,1,8,0
19,22.061979236809112,98.01772216418388,64.9381264173538,4,1,10,0
12,31.728309076114954,30.68974898821315,14.225817413797596,3,18,9,0
9,48.46965656379102,70.8071983586269,97.64201794419566,2,10,5,1
7,50.161656258770826,29.07810091768464,27.497701879516125,1,24,3,0
28,79.3850219779842,38.85473136549863,64.64715314466756,1,20,4,0
14,76.26455679599368,23.17150385020526,80.73191553482457,0,3,9,1
31,48.39769143283284,86.34851840122879,94.2274209411186,2,14,11,0
52,85.33839816438328,88.85163256285287,62.381000279311245,2,8,1,0
19,15.852528166182603,33.206688251966,29.610144170495985,2,16,2,0
58,29.25856827174564,83.24103329620985,84.48070665366181,1,18,4,0
47,83.6577640327139,39.03295675351348,20.505896765256793,2,9,12,0
16,40.90943366948454,14.406845175040038,7.116830666751708,2,4,2,0
53,98.212248085415,77.01725774274698,91.27414155202815,1,1,2,1
5,49.29406174514436,61.662393645390246,59.66195101518757,4,21,8,0
35,80.23388418155758,31.066332148721287,11.615941627075271,4,23,3,0
12,43.219168931325335,29.03497534862547,60.0742917766855,1,14,13,0
25,45.37058431093089,97.68422019582052,18.77634599063262,4,11,3,0
52,41.37389899199743,86.93759888484368,7.981670607702181,3,4,0,0
59,73.31218394852712,81.93084129050764,16.06978451162165,0,21,11,0
21,57.01419898569947,17.161682320958235,78.63520570806718,0,16,6,0
36,94.65892057999508,76.74279105358475,76.78778595729199,6,9,12,1
53,28.834580070739953,25.38132101431222,62.4102228169519,3,22,9,0
23,14.553459547927211,97.85194960478287,24.886187541716545,1,14,12,0
16,42.35984108442545,9.94847285641448,75.20187125055432,2,6,8,0
57,63.58770722644372,38.45315593822314,43.764300385431426,4,2,11,1
39,86.77589900697203,45.72154487397795,53.521593627002304,2,1,7,1
45,37.88870423463113,83.29927659841417,90.27586586600052,5,20,11,0
53,67.10974135682385,77.79116771038439,48.49646475512191,1,19,1,0
42,38.26887469720581,40.624253769926014,64.50478461589161,4,23,5,0
58,63.63586038447352,58.72822787851388,96.36639172460126,0,7,9,0
39,89.05675496791184,84.38154054273438,47.88204038922975,2,22,9,1
14,26.97897601464386,6.728961254350008,58.26915032830557,2,15,14,0
31,43.40295600016872,81.20691945482486,60.51938936392756,1,5,4,0
58,99.36019366082591,94.955122407494,27.86759809291166,1,3,7,0
5,87.51291768369877,8.04612954099626,75.00759591688048,2,15,0,0
35,58.640786500139185,9.330193772427346,74.03051768601551,2,4,8,0
23,54.07962122615616,37.72883052877191,25.287890442089793,3,5,8,0
29,32.03703631894469,13.33810855792908,6.267114259278699,0,4,12,0
43,54.134895630885296,50.531227627919385,99.89944920400303,2,3,10,0
11,85.57724233659498,74.22751508352897,60.25083463126552,1,2,11,1
18,70.09157876138916,58.855427328022685,22.19804402572013,1,5,6,0
47,32.554182676908724,23.661031361910332,31.938720838894543,4,18,7,0
12,24.13907250008563,67.20707350288399,63.690244009864486,0,2,12,0
9,30.194811014698764,70.061175521997,18.073480199567634,5,15,8,0
10,21.12712413231852,93.5823657900764,8.541660525350864,0,18,12,0
58,14.085866122253014,18.94570525081966,80.85558427320063,1,18,14,0
44,44.817936571995226,70.77193566642372,73.0053932134321,5,8,4,0
17,15.76346241783543,91.585585791049,34.412156572633435,6,12,13,0
38,21.331692984074913,52.64859456546025,10.556680888584069,2,23,10,0
7,56.99584501225118,39.370969586990356,51.19573653056737,2,9,13,0
46,20.636931001459597,21.22120195101003,31.2376975429281,4,19,1,0
13,11.06857790593577,87.34475421652698,42.78902564479654,3,1,13,0
40,35.1519407526491,42.453405609856475,31.027087905682276,2,22,14,0
42,25.930314369086915,92.86383211043076,21.65042389296281,5,17,13,0
9,53.95399285946579,85.53703832242374,41.76402974945694,0,1,0,0
50,14.724873035404883,40.78078592073359,96.66494173039246,3,20,4,0
27,76.41822482988292,59.52185934989494,30.29164736594687,2,17,7,0
58,91.09218434633816,7.581533447922539,36.916831184463526,1,6,9,0
2,75.62634152583847,30.006033272377795,36.277993184839914,3,5,14,0
5,55.618568553132455,72.47592061407872,50.627437880101326,3,5,3,0
29,86.76344306994409,69.40153985539534,85.13302618531443,2,11,3,1
37,71.01724607924321,38.57009865646635,43.20164619721628,0,11,3,0
38,6.002356632768036,81.81776303139837,81.58405658313897,3,11,7,0
19,42.438564513577795,27.404424930487757,15.926150396091028,1,12,12,0
8,85.840430443646,48.820700649465806,90.01618444480074,2,12,6,1
48,37.85659150765058,49.890410354535575,22.603887934773784,3,2,12,0
45,8.345441484924732,37.377593042651625,8.72414241284011,0,3,10,0
1,75.88706566246587,95.69327960689088,20.043675635821018,1,7,0,0
22,81.19363567687252,71.18498318393462,23.121230172611934,2,20,9,1
52,20.256401029114315,56.22393685609365,53.30789212326911,1,14,5,0
17,56.047347200102216,53.49893387192161,47.7441378115403,1,22,3,0
7,23.235766704593946,20.133128784754177,73.00806960851232,3,16,1,0
25,73.32726980919394,40.35775522146933,9.84035315039803,4,24,2,0
45,30.797293241861137,68.91346489926521,52.28209388072803,3,14,3,0
4,35.04043664351636,92.8341708702397,36.58476655772118,2,17,9,0
36,85.27223109580963,82.56408564222465,64.9171015486458,2,15,6,0
6,50.25062345965591,33.53703137619726,9.151473791876752,6,11,0,0
31,68.62667286573354,46.225879440543665,8.31880684722514,3,13,0,0
19,43.22543981863443,12.877164467715485,45.58890213264817,0,6,2,0
44,33.31065143340676,14.706370688380174,82.07725052414364,3,17,1,0
54,64.42041574034283,49.67188676487793,68.75393609285109,2,12,2,0
39,19.71146953748802,55.37084364762451,6.587078731598762,1,24,2,0
27,40.434984378851986,30.082574091206823,21.954848950341624,3,4,10,0
10,24.858518551662616,66.06435547266442,26.539489129157083,1,21,12,0
26,71.10052185937082,71.82116513011309,45.190598116793495,4,10,0,0
19,94.69983964288022,33.41603250313598,60.73798997257095,2,18,12,1
39,99.5735419615073,77.05034894221647,25.56371652024252,1,19,5,0
3,47.77629699195112,24.53246730871767,41.33885132486828,3,7,7,0
45,28.990387015462225,56.70388084117951,60.4746224294076,1,23,4,0
13,47.06879018651079,81.40670388840645,41.42635387065666,1,12,0,0
50,85.49059394645876,56.01586313984276,18.60109503154006,1,11,10,0
28,24.57053946244379,91.2564582594998,51.70780692613124,3,24,9,0
58,95.44908690702776,10.557617123090402,35.779448615611514,1,3,10,1
20,37.477248035824346,60.889815321689824,87.09789444270939,1,2,6,0
28,98.65134764777896,58.366767991717055,78.68436626891426,0,2,10,1
8,84.66784431572641,67.73356621155504,23.076133762200495,2,22,14,0
41,81.81420074400208,84.17364967462922,19.500400176430215,1,2,12,0
39,35.20094400846194,73.95604301214753,38.0292839648775,3,15,9,0
1,5.833835135053299,80.07685986041997,44.15657754214128,2,4,8,0
3,41.30262633846884,32.43758894317404,93.54172437584916,1,3,11,0
13,33.6718901179559,41.812250964051636,33.65397002310664,3,17,6,0
28,8.552714088835742,64.54381253439188,87.4205135320067,1,2,8,0
57,53.00969936806331,57.57883983286885,53.00438153860299,1,10,9,0
49,43.287974571859976,96.30486812220096,89.13425392795202,2,7,8,1
25,65.28286443544485,22.74927749376984,71.68560884621571,2,9,12,0
56,64.01270060843791,38.37144538285846,72.29695197039004,1,20,1,0
33,16.47093041018461,59.4117471620612,54.28576131213404,2,15,7,0
38,97.81172688202916,87.45655814393444,84.82888394992328,1,8,11,1
53,22.758485796937457,93.2881098456442,29.170356497961087,1,17,14,0
6,47.301032352646935,36.92345142862186,91.19837079410256,1,11,6,0
58,51.37116662620482,11.375303845003405,65.49370622841688,2,16,11,0
44,82.2409657353414,45.05387130260759,46.67734564178994,1,22,6,0
45,14.426811628991445,42.46269360718317,98.30804082447791,0,24,1,0
32,45.72120652481052,98.7162714533205,86.89134015660582,2,18,0,0
45,64.70770617243937,45.95081820762499,78.34199621901146,3,24,3,1
47,25.439784054285276,34.043684933806794,31.020734751549664,2,4,6,0
21,64.60945038277691,39.71085058081873,97.50536654107778,4,18,5,1
16,92.748159567217,42.707996659262314,75.5838127684658,0,20,9,1
54,99.76422246140412,83.04633630867852,62.49564198275895,1,8,1,0
21,8.082852295114193,12.696414818970096,92.57092675626664,0,15,6,0
11,27.380881683244365,35.06816964312753,20.40725978326727,1,13,9,0
37,34.47917600021126,96.80025673117446,18.206525012606292,3,4,10,0
36,42.91697954227178,19.544737955885996,58.55277436712222,3,14,8,0
35,28.014429970552904,75.54712554559605,10.387791680145517,2,15,1,0
19,24.33135948275469,38.857382613837586,68.0787518773665,1,15,9,0
20,95.6826150296625,60.26962498847991,27.87040812098388,1,24,14,0
57,92.2595522631992,14.457063658343795,16.30752490459178,1,23,10,0
18,9.46428759529616,34.10910839862492,43.902105730190414,4,5,14,0
47,37.187237052460574,52.58216945778438,49.265214504728554,2,24,4,0
41,43.48911259944863,27.01156252670655,21.196062070126754,3,15,10,0
49,27.706380793264614,56.47764459004946,8.945850740832558,0,18,1,0
14,64.74292521387667,25.87713483595805,44.3352811676873,1,3,0,0
15,65.8361709312029,66.75955250180262,77.15500191890084,0,20,10,0
31,85.79790169121672,90.91366232377986,88.04897820709705,1,10,6,1
1,75.3825804965957,13.121420548399284,14.267087942264473,3,5,1,0
53,56.54446606176578,25.5785233987282,54.844168986069235,2,5,5,0
54,67.0907431542199,85.22018758973134,30.023283936606557,3,15,6,0
54,31.02893424658672,64.99758111698597,40.59021761227232,5,1,0,0
3,61.34033804689898,12.477347128543697,93.6769738271911,3,1,10,1
16,51.47658920124233,51.20326093540206,38.44710342983646,0,16,11,0
23,17.66772439505519,24.92705892607683,39.70786336694105,2,17,8,0
57,28.041706275382214,23.914157436656627,24.89260344577417,4,14,5,0
11,32.71087781855067,94.36130761924976,96.20174971245628,1,15,1,0
12,92.809408869993,77.34644706723036,48.36629888272692,1,14,0,0
10,26.886730741659495,71.14190638479366,59.18725273539248,1,21,0,0
32,32.47817076786848,27.69823762239657,48.05096876863298,3,2,1,0
16,40.08864235849607,16.264476138890295,29.027312292567096,0,3,11,0
8,68.05556016941176,87.72909902210826,81.98919824839375,5,24,8,0
38,16.23264728485335,5.558559087532839,7.70476645829801,1,12,1,0
12,95.62479518690871,41.86916025159686,70.57312585871091,2,24,14,1
24,87.22926590900263,31.37318778132669,61.455917006938485,1,2,0,0
28,59.83552693585027,59.18573903313825,18.706661815431172,1,8,12,0
53,69.0335974053709,28.7983014091543,20.760979208565495,2,12,3,0
8,6.582744768200519,34.56450913618926,67.6264308505826,2,9,13,0
58,37.19975365810262,85.75378622435339,34.6531852080108,1,14,12,0
28,80.58772191283698,62.30293822342928,30.24511742573952,2,6,8,0
36,12.36088251027666,18.839840096289997,10.619829076041531,1,17,11,0
26,31.81981425001842,74.014796632104,77.8158934856645,1,11,7,0
8,60.60319869175957,24.708624140588448,88.85383385356131,2,19,6,1
58,29.359237631399473,46.13546836068561,82.88521341394471,1,21,7,0
50,93.72790754372932,66.42768749973287,49.27324135250351,4,13,1,1
28,17.450569926407585,30.83330605846129,55.72585881515344,1,3,4,0
28,80.75246400123896,41.490147394200264,28.016238428545392,1,3,11,0
37,53.255125731108784,74.74421174389433,21.42120024478469,2,21,14,1
41,76.28142370289582,94.10154057531264,83.18511161467775,1,14,14,1
36,34.51795618958751,55.278280411149936,80.84269525175887,1,8,11,0
27,53.876512219643686,5.947242297879161,78.84918370150474,3,7,6,0
54,86.39935822370175,37.154056367973894,49.01913410777531,1,4,0,0
17,49.35341941669492,42.87026181032577,87.12823728023312,2,3,5,0
9,39.173386881475615,37.22149390021318,92.9920465883274,3,19,6,1
33,55.93476169400993,46.44554180597846,36.192712742077255,2,2,7,0
53,73.14946153845486,65.10329411274797,26.345976719133805,0,5,4,0
20,47.13851782235776,16.50716256478655,49.1049879237184,1,12,13,0
13,94.19331263851592,30.899898342413024,22.036003884086288,3,2,7,0
28,33.019853284022496,53.22656817167434,88.9802740882902,2,18,9,0
48,50.16904258606644,34.979464277097634,37.10909750738809,2,15,10,0
29,76.90812763743693,99.15310712285914,59.7363197213548,2,16,0,1
13,70.46650359709703,45.985989368561384,61.49835211117688,3,12,14,1
46,87.04589997962984,87.63091959126055,53.92384863286016,0,12,13,0
35,99.69687216470534,90.16843438331712,19.869942395194336,3,4,3,0
6,45.551541235533506,84.42066497362325,99.14506080887028,4,22,12,1
18,15.559333579414623,9.455332889790942,21.39730677790732,2,22,10,0
51,7.889508676756957,95.03593950326838,76.39319925423644,4,8,5,0
5,74.0533060832783,17.230543402651808,80.17947303524011,1,11,3,1
47,88.031298774328,8.268344632857978,18.790552294320904,2,22,12,0
25,25.967695664719773,44.365112751122965,93.65053359723863,2,22,4,0
2,20.052563533041067,23.490233111996325,51.33708244963419,2,4,10,0
10,10.909483694940644,22.49867031800744,64.74388106393023,2,12,11,0
56,83.15677756313461,32.342863270734306,66.00767532330563,3,21,10,1
30,34.58128428979551,28.59853249845121,52.97073693126857,1,23,1,0
50,43.16120481217877,70.05556320426454,18.4920941915096,1,10,6,0
59,52.76126820291317,22.743844130426655,76.41656899967342,4,9,8,1
45,84.74805724990732,56.59623899373956,60.26965433673176,0,16,6,1
5,66.82915604834106,98.71052188363532,16.274658449451433,3,4,0,0
55,63.43113983649207,46.07632999084744,71.53058702019283,4,17,1,0
56,21.688849495811517,65.97794533556646,71.7625097766166,4,22,11,0
33,53.753039712433825,97.090309384338,57.10621237911194,1,18,10,0
54,72.96119663197224,18.075704813929605,13.602136977698963,3,7,7,0
1,97.45978388789672,44.767665882839694,38.50118295798928,2,22,0,0
18,24.13359937526846,85.76827801854914,9.837790224536592,2,9,1,0
32,5.906618541386531,93.56903986076358,50.37162178850718,3,6,4,0
47,12.153636191854623,62.117425506095984,91.11247752993413,1,22,13,0
49,40.70598419228803,18.62495724132122,5.214033348227754,5,20,14,0
11,82.95174153586878,90.63980047502724,30.330672039029157,1,3,5,1
21,5.678497767983279,21.572423788139545,80.98661460906807,6,15,0,0
26,48.38940632415483,38.523395591551264,5.93677921305262,2,1,0,0
25,36.27690845743248,40.67325788741486,5.966476519370637,0,24,1,0
22,9.98576245947412,47.49269628789966,63.02776567896792,3,24,2,0
59,47.77244723389864,80.06575251344022,79.97397689586552,4,17,8,1
27,29.20112719698829,81.20371591973604,78.76801465933372,3,9,2,0
49,38.429059262965616,73.36723196142084,79.05991197118226,3,2,7,0
13,72.03345395450783,7.102224070050253,39.29560275767824,3,6,5,0
33,54.54734347154187,58.6602847106294,88.85879370607358,3,16,9,1
34,16.841505754317268,76.011830808733,6.219382132690005,0,13,4,0
41,96.33438134024571,47.239397805846565,34.65792999336854,1,6,8,0
35,65.41152274242515,94.76892430971266,37.03283100936204,3,23,14,0
1,77.7575004379405,83.26199957863334,20.72925695285641,3,15,7,0
21,12.525249250795229,65.62473122124892,36.941467434249425,0,5,13,0
48,9.470546048701795,10.93039244983877,60.65899235495036,2,17,10,0
55,6.8475647849677115,66.97289352039813,54.42653470625134,2,9,2,0
6,22.935432638477224,91.6000621189608,35.34559906553129,0,13,6,0
28,44.36879778325704,41.04731175369039,76.18611379983328,4,7,13,0
17,93.90348267326816,84.6225899325093,72.90510495159168,3,16,13,1
5,48.42066763024875,34.750308571907006,31.66616532264184,3,8,3,0
31,32.5742350103903,59.15981269699376,35.70669731390216,1,18,7,0
5,58.383849084368016,66.60031974522433,32.31441887005212,2,5,6,1
38,15.633784922804978,69.40952856809501,17.240860818565476,1,13,2,0
3,62.903059645473405,88.84218487411307,76.5142560812812,1,24,6,1
53,59.001035661397815,27.289115365596796,9.39626849894866,4,23,5,0
23,80.23933817354242,29.925110602452595,19.305146939825164,0,7,5,0
37,98.73532310361728,71.88389436451999,15.003929186045507,3,20,13,0
53,28.832979813030494,21.83341218598362,83.40720267481176,2,13,10,0
37,53.41736282635726,49.10568847157623,9.180808961741343,3,2,9,0
10,91.34221360030534,6.903266487335438,68.13959254207309,3,19,2,0
10,79.59303902016993,18.39303701406084,9.225086849026331,2,14,3,0
19,51.30359879457672,69.49040657774184,79.71212337257094,3,14,12,0
17,94.81030671340388,76.00885233076663,91.70783820740613,0,9,3,1
21,10.43748588409689,15.9553081575983,51.25010075428334,2,4,14,0
14,93.44486887269548,26.63240728906371,81.43147109616808,1,17,5,1
9,9.798202276366622,14.395922421019854,72.1090006207717,2,20,12,0
46,56.99395069089501,46.174220172886095,80.58535275647938,1,16,8,0
1,89.59189006010314,16.98102672074016,77.84364395496891,1,24,4,1
51,29.95848963832377,46.54312163085456,24.509948955179535,1,8,7,0
45,49.86360739979006,74.5493343011075,52.458105964705005,4,15,4,0
13,35.81124351801183,69.92192014862466,96.23934777700666,1,18,14,1
4,95.45367212225338,31.643746250925297,37.63562973524171,2,10,14,0
1,83.24633150154364,69.00744217845859,97.19627361052112,3,4,5,1
49,72.35514357600606,93.1326524354598,60.400362586204906,0,7,5,1
40,60.82456372843533,38.014816773066975,48.853084678248855,1,24,3,0
32,82.95621998579406,36.26631960127263,67.4869591774892,1,17,9,0
34,42.26536894473697,59.28667189079166,82.5047212618809,0,8,9,0
28,47.51742623507588,28.32267204760982,42.449774710821174,1,1,4,0
31,74.35016350268184,66.89999815812394,8.130646635890605,4,22,3,0
8,38.98670251290285,84.06486821388569,72.33659830718908,2,21,1,0
39,11.070589494595511,48.63525798437004,95.83584452725158,2,10,1,0
26,12.06178784417679,69.55319586819633,64.37373177625211,2,15,7,0
58,15.959466124041867,66.92911526888456,22.899375461819965,2,23,14,0
34,87.61972571764797,8.673228375521004,28.58304055720549,1,6,3,0
54,49.86151044683941,22.42454804169876,91.42631826998056,2,10,12,0
54,72.72382508774997,89.88535017272234,6.288399082424711,0,1,13,1
3,42.32638688246486,94.19475399967683,57.130933219024655,2,6,8,0
59,29.57754000448528,79.14176579156185,20.0743762934258,2,13,11,0
50,37.98325591841014,92.518574091131,31.862621345622543,4,3,5,0
12,80.44732280513244,34.084121837264604,34.16325670185971,2,12,11,0
1,64.39553187798663,28.532542319009465,25.83186103514112,2,15,11,0
54,94.07577909600067,41.508517818249395,80.2734459570848,3,22,12,1
44,69.57195396479923,10.25748986229302,36.55987152798209,6,7,4,0
5,59.167255016695925,81.93780380892613,37.82107417022611,2,6,6,0
30,62.96862085365427,98.49667108593232,48.035647300878615,1,9,5,1
30,94.5252867494994,83.28278278147793,90.71805243034014,3,16,3,1
59,79.87908833733708,57.72265681099207,70.37643804253489,3,12,9,1
57,7.283917549811592,33.05178719588023,10.866221895938882,2,9,8,0
17,55.74327113289124,23.78129941164016,8.72988249847454,1,8,5,0
48,70.39214909692366,39.5859728206827,58.806976809817414,4,5,2,0
47,76.12635545171973,68.3621053070796,89.27075336408474,1,3,3,1
23,25.248501334823985,47.47084777637824,35.708890220056155,2,4,3,0
15,87.38184867287846,93.73568290802618,28.538323745706,4,11,7,0
37,95.80509898164055,86.15093258174458,76.07814930474251,3,10,4,1
21,27.487954055262627,14.7280585164754,62.19867981463361,0,8,7,0
14,88.84846846413835,17.494896269142448,58.67759752389648,4,9,12,0
2,14.212982439029062,69.24272260351053,19.183613918636407,1,13,10,0
11,10.292149430948292,26.92299704813366,21.716325272793636,5,24,7,0
51,17.27626100976119,80.14783831611636,31.769838712782303,2,19,5,0
39,10.48540254936842,61.17902352100354,24.64969879478401,3,23,12,0
38,85.27616252979871,26.83390013466825,97.28725077941142,3,11,4,1
34,10.609763723535837,50.475245760656165,6.7680465538349495,3,24,13,0
38,30.808098179547272,43.57724777486817,64.47535215078578,0,3,1,0
50,14.856852635906357,87.95013912299345,54.17188836316664,3,1,14,0
34,33.06509344980767,8.055435122819775,35.708867410351445,0,23,0,0
18,13.603149422087446,90.10516959434504,89.32092764987766,2,14,6,0
30,68.46030882058633,66.94785487357562,68.66544486623181,1,19,9,0
15,17.66604755254464,75.06612781709597,99.84366337570653,0,1,11,0
27,85.92536295469435,5.247709022300205,21.02231613601611,0,23,9,0
51,82.63314981903089,64.68274623353707,13.347444407443732,3,12,13,1
34,6.297860119707895,60.90618555254747,18.242740409302677,2,14,10,0
52,90.09400377393588,56.03452785669849,30.582641920536645,2,15,6,0
57,7.749710090619871,79.65735138705907,44.59476419895583,4,7,1,0
38,27.76634957096788,57.80775415766799,86.94731207518458,4,4,14,0
33,8.07696808871953,86.42423300818648,31.94121780124423,5,14,12,1
24,36.90513126873502,27.099991208915647,91.9481144526298,2,18,2,0
15,53.8173199427608,81.56834595231149,48.97623039844808,2,16,10,0
30,80.68126255643811,22.034713418356542,66.47165176120335,2,14,7,1
55,37.10824729463443,82.2461902370531,30.11873283531532,1,21,11,0
42,72.02155234394608,94.34403428871391,19.821312522236106,0,11,3,0
51,22.812923426303133,36.89094351948648,87.59840936251467,1,6,4,0
17,76.30685339069201,55.33919982811794,15.403087149415573,3,15,14,0
5,27.41967756137757,67.54125717769902,78.53202404786715,2,10,6,0
29,18.636751814657952,12.549808256176988,60.19350907730146,0,12,7,0
4,22.61384078553516,51.93766822939143,86.80808925949064,2,9,0,0
10,22.295997243776263,39.25557277588344,73.19274914932683,0,17,6,0
56,53.72197354081416,87.88328496887426,31.75808970059647,0,18,2,0
17,85.25577021287388,88.28455427729098,59.57062173944124,3,11,14,1
10,12.562482314288037,71.5740562569875,6.241993862517492,2,6,14,0
17,72.16085025687515,67.29382508628734,50.145742525380754,1,19,4,0
20,67.16291366702147,74.7004036312064,13.17129537934339,6,2,11,0
24,87.88939542378942,39.76875559526667,45.74977479198133,4,22,11,0
5,28.194018248156187,43.429328441309416,15.413121759874334,2,23,0,0
34,47.76043657507781,57.60194867442701,95.77058165981444,2,20,10,0
6,92.95360057213416,94.1126720996244,54.69145595373414,2,13,2,1
53,67.69937776285514,73.77998804135845,91.75570860128111,3,9,4,0
2,41.93299922185171,57.343978227141214,7.124791181747756,2,12,0,0
13,17.484176371250506,78.18923641518788,65.5770619687803,0,16,1,0
43,29.93607575055615,40.23457966265038,34.16067768302892,6,19,12,0
43,60.21547036149141,74.39433660871521,46.023754616697445,1,2,2,0
48,73.2259550182488,44.01424358685653,87.94330254539553,4,16,12,1
11,16.82007925092988,31.56783366642368,98.10200400208076,5,5,7,1
51,61.96173970418513,62.923784514617786,28.416735671168475,0,17,14,0
47,57.28337148968134,70.25336816676753,95.08406210856366,0,6,4,0
57,53.825767435617266,48.6328883120586,70.42906014376332,0,24,4,0
23,70.56169617979076,58.72256947877264,95.38432186394073,1,7,12,1
55,84.55771153292888,70.9362771113159,58.42486486901495,1,6,2,0
16,35.68401990180249,77.9324548979634,96.27184707418972,2,3,8,0
31,89.45615806054114,90.07929051289224,89.7832685240062,3,21,8,1
11,20.260193198762316,38.681699595111176,17.216215416417374,2,15,11,0
54,21.43726762636061,95.3903390209964,34.525043074664396,1,16,13,0
16,30.34334604427277,65.54158196169331,28.09100319368863,0,17,11,0
8,16.355432606972393,79.83167885640005,59.349435974774416,4,9,1,0
4,26.88032634487337,71.47805913073664,81.2659459930629,2,9,7,0
40,15.109117475770235,24.52931390809863,77.14408745425372,1,17,0,0
4,83.06647961361209,11.78664638583869,74.04116756693028,0,7,4,0
56,18.202054229229336,73.99721408172142,40.650163194880655,1,2,14,0
25,75.9932679681864,53.550003440484765,18.265503754643653,1,6,6,0
3,9.551817451766706,71.71026999879084,25.00543759471693,0,10,7,0
32,95.10943111382194,50.30006637196867,75.4593586665916,4,17,7,1
3,72.56020831513779,34.66227943956788,19.015762210658508,3,14,5,0
27,5.645672115680619,32.076701379658985,26.179936968684505,2,3,6,0
29,77.56636751902033,74.40055243264945,45.332502022981664,4,16,3,1
32,53.8377824727876,31.2941077392486,11.850680915308985,3,16,12,0
50,79.03969118183637,72.89430273791498,25.20574577316233,3,5,9,0
58,54.6371968446059,41.47621200015096,19.22797209741747,0,16,6,0
51,65.8973614753587,78.23534841028624,95.37556937662484,1,23,6,1
19,79.70150726252885,18.566942949353617,23.19495912676447,4,5,8,0
21,43.48526518584639,24.473094604412825,86.8681224661874,1,24,10,0
5,5.257274232942948,70.16160254341554,15.905828170327798,0,5,14,0
18,85.7449171147929,58.22195641883495,87.6189475687382,0,6,1,1
28,41.18458444934294,24.368442549051924,61.94620969597962,2,18,10,0
42,52.12405897157539,90.76856611404806,85.7220627063387,1,12,7,0
22,5.737831004627028,31.2146940042014,87.39812541104897,0,21,8,0
21,51.74874098325931,45.001782828395214,61.65548541340386,1,7,2,0
6,98.7163031493143,24.217354477891107,92.18094457252728,2,17,7,1
1,31.435427777783115,41.86262374244385,60.61758769103918,1,10,0,0
5,42.564735673025915,51.70644126059005,72.69368239844566,3,9,12,0
41,70.28304966452428,33.048470178727314,44.5276453310391,2,9,9,0
12,82.40539841474758,78.06389895366591,91.8364309747438,2,24,14,1
26,44.65220428057953,42.423632971393474,83.29544119664253,3,11,4,0
46,34.41854268812279,74.30344999608288,20.83774560360811,2,14,0,0
34,94.09345099858136,24.67185666207312,59.75684576944638,2,5,0,1
49,69.32877183380857,40.81837219535198,90.1985962632599,1,7,12,1
14,16.3070239268484,5.765537445075841,80.34112689760033,3,17,5,0
26,11.54814842279162,77.07057047180261,96.44251416282589,2,23,4,0
45,50.93723582508506,64.45923121139599,26.973660260021504,1,9,4,0
27,25.90855627449088,82.69321586744334,39.90866514739541,3,19,1,0
9,29.12855157074408,48.28302486975776,53.183229361722475,0,21,9,0
26,88.38075698864559,80.97536115271971,27.10357115259017,0,13,13,1
57,13.508772310049514,66.52034170574295,42.43429924293781,0,9,8,0
47,72.95959094674451,5.343228590752673,56.066224420311585,3,13,11,0
57,30.758514071155865,29.10095803340863,23.17722428512736,1,14,4,0
22,77.23118103339309,51.91967845959356,29.38534277674516,1,8,2,0
47,73.62908152403674,63.77529822263727,16.860037481835477,1,14,10,0
56,5.702230637207838,11.23113214314053,72.7712339391461,1,13,6,0
30,53.36786422755192,71.98259317746022,39.347433020932634,5,23,5,0
43,18.23535082591441,56.63592927648968,25.925284552459896,1,10,14,0
48,87.2915679049743,54.94903414773714,53.19579417219049,2,22,10,0
17,87.80065887192862,32.74432801930193,11.48368404009853,0,2,5,0
26,44.742851711907015,61.5081944516048,92.7236276002475,2,12,4,0
36,47.217583752852654,7.611824515018592,32.974414509940104,2,16,3,0
1,33.81187924343008,11.146531397878906,89.2141130774669,3,7,5,0
8,73.07759840120295,74.71765828521994,52.27390620584146,3,2,6,1
49,39.072829487513616,35.57967754072657,85.76429728251085,1,16,14,0
35,30.44028507965021,37.96187218432596,28.47112187501623,0,22,11,0
52,46.06195065292828,24.796594309362924,21.650707213061537,2,6,13,0
15,13.69131424680858,47.33396574949356,85.69412130730869,2,16,13,0
47,75.92730444119937,9.939375984073529,25.227768825312538,6,13,7,0
56,6.1966581208197615,33.5345062392558,75.8885581834601,3,10,14,0
22,66.22608084445642,55.07677256888126,37.73546049266508,2,20,1,0
14,22.37213004171288,49.23503254811801,76.07840401134033,4,9,3,0
26,27.078384390369248,99.9686160966882,91.22639526889137,4,2,10,1
28,65.3850398708038,41.932641951106454,98.25565097229284,1,21,6,1
23,99.32962924937618,41.764910629159345,39.18190034052018,3,16,2,0
14,78.88316146189231,52.84026885437373,39.91495429085189,2,3,4,0
24,26.45476506122224,23.07879547576683,98.23183499456118,3,22,9,0
2,21.72235172890771,88.24892018112,86.84517237831363,0,2,13,1
45,87.29212267542869,59.365439942122606,9.283737331580914,1,10,6,0
26,47.197475052542906,23.250225723945128,59.47774869151944,4,20,8,0
14,18.02001626867477,80.37695118035258,22.21825329710164,3,23,5,0
59,86.91008521558412,8.261556258571058,99.43119092885576,3,5,1,1
56,82.52877352685483,98.34359905561558,18.197686175242502,1,8,8,0
51,98.47110457023054,87.18918680328028,58.13802319157232,1,12,5,1
7,91.42565023770496,60.065748275731885,68.1938451527724,2,4,9,1
3,85.92008217275146,15.573087961921315,94.02114219213534,2,14,11,1
47,9.9945677920453,25.450913462518784,85.48953960619777,7,23,1,0
23,14.919460102321212,31.5463411797885,28.346703276139387,1,15,12,0
46,59.053403458891665,27.898015100843043,59.39927537278793,2,21,0,1
43,55.49052839677298,52.264400993077345,95.58952600105891,3,3,14,0
47,48.50650537650587,94.73323517537904,74.89310047496907,4,24,14,1
45,42.6949859143855,47.196395552942,70.3919530960899,2,22,11,0
18,45.96499606211125,67.84863397647352,76.71560253170988,1,15,3,0
58,59.08330374280555,70.4154045679882,35.638087953842884,2,4,14,0
38,5.197269172007715,87.80016889917586,74.27896559330743,0,15,1,0
35,29.76733354262096,8.213022319294328,27.121201387457013,2,9,11,0
51,54.236573465427554,43.41135563801651,45.66976323623657,1,18,6,0
15,73.61052937399639,79.54983583817943,89.54323763290812,4,13,10,1
25,21.54488577756265,82.4123664217174,6.802258916621413,1,9,6,0
55,56.95371150980613,93.09659844153109,44.36027177397294,2,4,2,0
37,72.87366996914926,71.76546418271022,30.348067840210657,2,13,10,0
28,47.23962750182095,28.289624879950633,23.866013566892892,3,10,9,0
10,7.57270769865485,53.03824559301593,84.66466503988867,2,8,0,0
39,47.68047505423549,8.07280235229527,71.16736442027292,3,14,1,0
57,33.162264335694545,66.45819240433345,15.700108439090767,1,16,12,0
17,93.3167127316262,57.658045093331886,51.97401601761299,0,19,7,0
39,16.8382716394411,68.34944667232284,49.35604832357556,1,7,3,0
22,66.98521577318705,93.36335257182157,18.54014043279381,2,12,2,0
26,10.008377801777607,70.291278113441,80.97745659416479,2,13,9,0
44,47.38619159220617,35.44274338560231,39.83402728814898,1,15,6,0
25,57.62805128590766,23.87998306766489,77.38408864023747,0,15,9,1
17,33.30571847510222,86.19043964777221,23.245948432810184,1,18,3,0
13,48.23218537443652,23.461553611007258,34.93197885331407,1,2,1,0
20,20.5376104803678,20.35291015655957,14.041240031753258,0,14,2,0
25,33.891765699463434,24.6281476646927,18.63053062583278,3,20,14,0
4,64.00510086646929,53.339880572398144,88.90243158350962,0,7,3,0
10,33.67100530680973,16.7978071001484,15.365701197629866,0,20,0,0
3,90.4755924488428,94.1212414066867,14.094464692164603,1,2,7,0
41,64.69866097589403,96.79410218780852,94.33584452948269,0,2,10,1
45,46.67165675141853,97.5111760618849,66.36082866777292,2,5,7,1
18,8.681908877647334,8.716856457873382,14.587018437669848,2,3,4,0
47,52.45709184444377,94.888765015603,97.31309021127488,0,3,14,1
36,77.65374300188347,99.7544185986554,18.974500997813227,2,1,12,0
47,30.227971811179295,94.53076538782128,77.80284390211565,1,19,13,1
22,81.64348911663289,68.73919604745709,8.310879355760715,1,20,5,0
34,28.921642774833742,71.61686447880759,64.3314707472821,3,12,3,0
47,83.25590685532605,16.614029287977527,56.936867849775105,1,22,10,0
8,13.100492453109354,88.05822232212144,24.76036199040361,2,6,13,0
40,87.2874523425578,10.665760539733292,66.09888355843954,2,21,2,0
49,52.42271283866639,35.184401928675776,63.62003435185191,1,20,2,1
44,33.17107101392489,99.15940628907776,80.84341296907779,0,6,14,0
19,30.185758789439134,45.12114851478455,88.2080355670423,0,13,12,0
42,46.04100309838445,17.459841276699578,53.45996936208877,2,21,3,0
41,99.90970231984628,97.0829928946626,51.578043380995325,5,10,12,1
37,25.931102376570344,98.49326646896492,64.05159823974628,3,1,14,1
6,14.805581643504963,22.769055097677864,74.27472097683224,3,16,5,0
52,60.57834102827288,87.15636183031623,38.83626138197808,0,14,1,0
26,51.411534311824425,42.090215988419715,52.9409789197917,2,18,5,0
34,54.7986457510142,41.23000412623787,60.584897653201466,3,14,7,0
59,68.35886466793562,29.956275030205656,98.89591796441157,2,10,8,1
56,30.378686637711684,9.247476082715169,60.83265866331208,3,20,12,0
59,91.5131745614694,30.46085345009623,26.297722320514385,3,22,3,0
45,46.38884628161758,10.10880600663994,60.85903653282477,3,5,4,0
6,17.263188538533868,92.81534440419652,82.85246038015673,3,2,7,0
37,75.51838188972471,67.8634638773092,86.45334960106312,4,17,9,1
57,66.09491349869577,89.2291517515572,81.0237931863361,1,1,1,1
33,34.99562323598352,73.14261473970421,89.37989445243998,1,1,9,1
53,64.0442787832346,17.47225275285073,36.80280247851711,4,6,1,0
22,25.886885855052803,94.3552459898533,53.21920899050289,2,7,8,0
21,47.25973913735031,90.48984009511288,79.06115412071668,3,7,10,1
6,90.4441896058959,38.06722740059839,30.122745322114348,0,16,5,0
6,17.685752150271195,15.595667333409269,40.3002365959116,3,19,9,0
55,41.73616274880889,71.89470132494301,83.95978718282115,2,9,8,0
48,83.00853034843298,74.19432375998863,78.15813671394591,2,1,12,1
4,97.10163544358691,90.19875925986716,97.26395895202845,2,18,9,1
30,48.12298296007061,10.002297147852593,99.61753555889176,1,7,6,0
11,53.164963913618,18.461864612600326,27.87073196228101,3,18,12,0
30,59.35633636945813,61.83363532352232,90.54274868649895,6,10,4,1
31,93.57307345520252,63.81749733265784,13.97897262825657,3,20,11,1
24,86.52964514281783,8.192917919925597,72.43101985158528,2,2,8,1
55,21.207106839056213,42.70854485085755,25.90944182917734,1,11,8,0
9,46.49199269547213,60.49536447122466,33.52955990764346,3,18,1,0
55,49.080040678660495,75.10157664941471,94.90051187813148,2,11,7,0
3,79.96413060663188,35.034315718941215,29.99936748975013,2,14,7,0
51,62.27482384751635,50.97083183707494,68.95189757025987,2,13,1,0
31,67.15094389275623,82.33521286964088,21.922208247009337,1,1,9,0
40,99.82899122823368,95.62003107028536,13.872047869196324,0,10,6,0
37,12.12120412965124,26.879894162035324,37.23511740766712,2,15,0,0
36,26.185933235704635,29.039009552890143,64.29862957500072,1,19,4,0
24,43.75011405029695,94.28272780621816,28.55478865663771,2,17,4,0
31,38.03932828964428,42.61155932245494,33.51603587380903,1,10,9,0
6,7.056328327963441,73.24309082947056,72.32933276761324,5,22,4,0
2,13.718872614761704,63.16519672933824,14.765622183230056,2,8,1,0
20,69.69056268333973,32.130829580435346,47.45598372133321,2,23,13,1
28,88.53582401944327,67.08841108601237,94.4647803388113,1,7,2,1
11,53.85156607026787,67.27876059091247,42.712307929351375,1,18,12,0
4,56.22315255379513,61.28210261386224,46.24909765785674,2,4,5,0
15,29.233876119076044,14.467778360703724,75.12940884269246,3,6,0,0
6,77.94825454520257,99.54132312553358,79.00609459312045,2,2,13,1
54,76.42048579988935,43.03956381122861,78.11260702914983,6,13,11,1
49,60.89474047567738,65.63384361271395,99.79736736678936,1,21,5,1
30,25.20310721857757,89.14736094069883,11.787853311270444,0,12,13,0
56,14.216730732523498,45.21240639988445,98.31406204013494,6,5,5,0
38,11.10266470642696,78.52288039652711,95.26801361475287,0,19,6,0
51,61.306126331073386,97.32332034454356,85.95319552465801,2,2,8,1
57,83.37835531856601,39.09880222403959,48.141929705943966,4,11,8,0
2,86.54139101918786,43.50060917210998,87.73572530522281,0,23,3,1
15,49.044097062627735,91.02972560467404,25.979079169079043,1,8,1,0
11,79.5057734341381,20.166072442442385,80.20730436184387,3,4,4,1
8,94.95361865239724,7.7165096441470205,22.597638796500146,1,4,0,0
26,31.141160686366455,91.34445546066564,82.45939032976207,2,11,12,1
51,42.80623290617193,83.05119954117013,63.3802676600854,3,14,14,0
45,93.49050429668466,97.39538809237656,14.312971553784925,5,9,11,1
44,37.13194189514206,10.532589357514434,90.05535775893641,2,20,13,0
5,91.81824758057064,19.83684639189379,59.905933568248216,2,14,11,1
6,98.19926191417424,15.00469311353184,67.34358642302588,2,3,14,1
26,67.87201921457034,69.92453256790238,31.93345338690295,1,13,12,1
54,82.60457750289599,62.570957005978606,87.80537287266662,2,14,4,1
4,76.2068286010031,39.13684394178967,56.79406983958853,4,17,14,1
19,71.45575447347476,10.455230543213275,45.006427007692835,2,3,11,0
20,34.158451933217094,65.76788848442139,55.75676579669016,0,15,9,0
33,10.423962101254652,59.16144608593038,71.81474273943877,0,21,12,0
20,37.589914589366806,15.725805050758495,71.02954819143066,1,2,14,0
49,68.35891859437113,91.34642192500284,38.96982459099221,1,21,2,0
12,14.740273831641131,23.900222418839103,41.599536610094745,1,10,13,0
47,6.1322083829329985,75.63336945366636,58.41262831965058,5,22,6,0
1,18.270775397279177,89.08220694158008,92.81867646811384,1,15,6,0
26,72.99491300902555,60.0501241159023,75.81587536176767,1,19,2,1
14,97.41540165736218,28.450646003333876,42.08942360972788,2,21,4,0
38,98.39114646340796,34.37860917438843,37.01809952241731,3,12,8,0
37,51.92801916831785,89.14601570328907,54.74548404304488,0,17,3,0
11,87.588468594273,33.33442985576604,87.6491800468865,3,16,1,1
36,74.99851329639289,75.88809591514391,5.824527951608143,3,8,2,0
13,52.59882251353733,99.0656951642635,72.49617648750859,2,5,10,1
43,59.41225063073325,99.9825883394544,32.978664266587856,1,24,0,0
3,18.03657892860275,55.68057608558649,24.79776062053614,1,15,4,0
33,94.07783875857623,83.52280069467929,6.153109697592092,0,8,8,0
6,38.43332821951879,99.07373745251395,90.17610895942032,3,18,1,0
50,47.3841793634311,40.59392453498831,91.66360465061186,2,21,12,0
56,68.80772194480038,28.978910581679056,10.834656956162911,2,8,2,0
10,36.72073479502262,15.852168805007404,54.572455689879256,0,19,2,0
5,29.1546202939484,18.38546561694698,19.494573573992938,2,17,6,0
23,64.94969236067095,86.08785454396302,77.07531769158604,2,4,11,1
10,7.373487816775698,60.928693579172034,68.21218981778395,3,4,9,0
44,73.46888564253449,88.00237166228615,33.22742723073871,1,20,6,1
2,53.832220138268426,79.998233458056,16.11122669883471,1,20,14,0
13,62.54660439948877,69.00573985456168,83.96596296670192,1,9,10,0
40,65.02861512845409,62.88465823115177,69.05398553206085,1,14,0,0
2,55.069764866793555,9.59219589691883,5.647894775242515,2,1,2,0
20,60.34070885686992,87.86614362030326,64.64781918893,3,9,0,1
1,69.95987908453809,44.694995859572856,81.97812263115286,0,23,8,1
37,76.54629048206904,58.179751421782235,61.12296565976587,1,13,13,0
9,74.10797717218145,7.085582678316968,45.34779928428837,2,21,13,0
17,87.61356348456486,93.92698267696476,60.47224596151992,2,18,6,1
9,22.997126150903263,90.76034380374014,63.872645390997995,2,10,13,0
11,43.109057101720765,56.611412842220034,65.80328927450243,1,4,12,0
15,95.04062627137344,59.84460515099396,96.86928012091454,5,15,4,1
24,42.676104566701326,71.97663517833142,21.97153981804404,1,4,6,0
38,16.862657306062655,30.146015161434256,64.19384709482105,2,20,2,0
55,54.91728700440706,26.081984157763745,22.859365364820025,5,11,2,0
35,15.401642392673905,69.03217992715511,24.94588842365612,2,12,0,0
30,24.27105767914719,14.920132385096275,68.57949895219986,2,13,4,0
31,99.84028187424089,48.13589044872117,92.01563807233836,2,2,6,1
49,56.429450647632535,51.81224027991355,20.10920347442795,3,8,2,0
5,31.985546958840757,41.22701280694096,96.43422570686047,3,4,4,1
44,99.50362068452108,22.600476691284793,35.34037097154175,1,9,9,0
50,96.8230972627386,38.755045110908696,42.17483412839601,0,2,0,0
14,46.87020890300504,37.067939088242746,19.599678274189564,0,23,13,0
53,29.738295334851298,52.430239091631286,63.50443005590679,3,5,6,0
56,84.64796561875805,69.09467994995934,61.65994698927689,4,5,12,1
11,72.98396811231964,96.9823367349862,47.015625594751675,4,23,10,1
9,70.25943632533348,18.695509716561183,50.22868203901191,2,4,14,0
34,89.8458054256349,87.93662544440278,64.18270819975461,3,19,14,1
12,70.49462771777584,31.99691003707493,60.43217082161405,1,9,7,0
35,31.96080458894717,61.18041315013354,40.5550212565991,1,12,7,0
35,70.91700037819457,56.940010058467465,88.99086660348733,1,3,0,1
1,34.052283571948074,57.910099769684976,68.42774969709882,3,5,3,0
40,77.12770306741453,73.71906811328722,24.51360140698183,2,2,8,0
22,63.87604617669877,41.260389046154614,35.3907843830441,1,23,1,0
29,12.354097438551303,35.31449650750128,79.84841966180909,1,13,0,0
8,53.719359431338496,86.01928445262034,14.929911196909448,1,7,5,0
11,37.61359207359539,25.90902882605568,76.2720398788082,3,21,13,0
41,36.21421010956795,22.123373544558593,39.090031908850555,3,8,12,0
37,62.21434872583944,6.4827064822497835,57.41064938030138,4,20,12,0
14,35.62085832459537,25.00488929277274,31.653021131419763,3,11,10,0
30,78.80490607946291,54.26048616508729,98.71337432294064,3,12,10,1
35,11.725186421061572,56.15834293634079,91.05482775351892,3,18,0,0
21,67.73688397760341,29.16994666357576,93.20273450970392,1,18,5,0
37,81.87350634739042,11.866046153913986,22.553674207864084,1,16,0,0
5,68.91901054244086,75.74087565279459,84.96055911636769,3,20,14,1
19,52.2367735268996,77.00765811341847,55.86272459728857,0,22,5,0
59,95.27916630493722,99.79445764769834,72.24662402599567,1,6,14,1
14,33.49415653081604,90.50280920079818,25.66288634034241,2,18,8,0
26,6.820949314872889,92.97589612917604,72.63854136802551,3,17,12,0
4,46.03899028902688,80.82936344567447,91.85538823436814,0,18,4,1
25,8.136133910531088,63.47277107133741,30.41073165563599,1,24,3,0
45,95.62399149000883,17.211865972428495,27.16918589720312,1,21,7,0
42,24.942214346064898,64.11976325830838,14.919382104980386,2,3,3,0
25,79.94806727514356,10.31580673938953,30.3466341546078,2,9,3,0
18,78.58434790156467,89.10341557076327,55.900264872483184,1,7,10,1
40,25.68424546987869,50.77302686434876,84.10804768656824,0,24,12,0
8,64.0165203956159,71.25991903770102,31.48602495247575,1,22,8,0
39,9.56750200621277,9.96314805111658,64.00871696158478,1,7,0,0
40,50.93958564186741,55.75360017766841,50.56111642143879,3,19,11,0
14,6.39147709088624,33.62002279606944,32.4150088586883,2,1,2,0
32,92.50866861717998,32.071985245038334,53.48411271349149,4,1,10,0
51,97.72817229895932,42.01731189680234,20.95642765760833,3,1,3,0
38,26.1168628306656,5.060748781750815,65.75986818560922,1,11,7,0
33,24.770073286655418,49.33278376341648,15.987958512465816,3,23,0,0
23,76.60341677340232,51.22383494275414,74.44314988860667,4,18,2,1
15,29.071042888786774,86.99743700471109,21.882704446623183,0,13,13,0
33,90.03227312037528,47.60993274883583,99.82511956510282,2,22,13,1
25,59.523267931683314,39.53784791742892,83.24889650223913,3,15,1,0
17,38.323874185979655,99.500969879434,37.664828866673616,3,17,5,0
33,84.10590590319491,59.265265837237145,45.48945336748467,3,10,11,1
47,51.87363653927254,49.89825482024325,29.6231470052304,2,8,8,0
55,91.60512680230518,52.11390428209605,77.87588331209993,3,21,9,1
2,93.1613524892912,81.87222326333648,41.169062145988526,4,9,12,1
14,20.714914452198887,37.36425505216528,76.7426234328559,4,19,8,0
53,5.220723582533376,41.97024395516483,6.7481476946171535,0,18,14,0
40,98.47343931352822,76.8079691370592,17.883991152936595,2,8,9,0
40,91.08306593211054,11.9334552633081,39.67256179674401,3,5,4,0
51,10.267297391864934,87.19107002360957,15.34631067248631,1,14,2,0
39,84.13825507440164,45.86925616445714,62.10715926814288,1,13,7,0
51,48.49146859312463,60.2228326730366,9.829049360741712,2,1,8,0
6,29.601352477372647,76.96023512968434,86.67748448598759,1,11,8,0
6,88.48091974930834,30.27493263173776,77.32425988181834,2,12,10,1
3,23.68338707707919,89.57984979046185,25.544365526655483,2,6,0,0
7,94.99349994490636,98.02637236437802,50.96023108232319,2,12,11,1
51,24.534041331437404,51.95606433358184,47.922242449037455,2,3,14,0
8,63.29990283423064,94.00904967810396,73.86213845733589,2,8,9,0
42,26.19320178025261,5.107219140063362,43.14334554507835,1,22,4,0
52,56.8385231720203,89.9525938153752,8.128853293835343,3,2,12,0
15,69.97763734193842,34.54930537637403,31.00490659073467,2,6,9,0
47,23.07165342791307,34.59206534912219,49.288601497519,2,3,11,0
29,54.48414935656452,26.66844215314424,97.5767605352607,0,7,8,0
33,49.5606757170613,35.11632060933568,88.7100733606628,3,16,10,0
52,11.748555033317418,25.281035451370336,22.233583680208096,2,17,2,0
30,82.73924267915378,91.05756509944732,73.71121434662325,2,12,6,1
39,36.88982806106996,90.4072540852698,93.99841993640482,0,15,8,1
27,59.58530876742856,14.71007491745914,5.835298238349565,3,14,13,0
36,53.90450231864777,18.571550742316784,73.48983899872847,1,1,12,0
29,53.75974793419201,86.89177070601332,48.636682083059945,0,12,1,0
38,15.186127449806309,42.89908823291086,69.62243864689556,2,20,1,0
57,45.23079087868661,21.080809347231437,62.53098098932008,0,23,4,0
33,47.97484212462417,53.51359323147389,98.54322197329164,0,20,7,0
37,74.6960698346226,44.58346474240902,32.43746359829744,3,14,9,0
27,84.80178903246636,25.820347605106697,79.68358327758015,4,16,4,1
55,56.77331641950171,73.47146073637526,27.29078938974081,2,15,7,0
33,13.244380636174096,64.97248467160944,46.38275786726643,3,8,3,0
4,27.500699706671895,14.467853287766854,97.66118302690413,2,21,8,0
22,20.66873255100945,92.91173786090754,77.78294812134449,2,1,12,1
2,16.83843100296685,58.05464674435657,35.00301934693811,3,13,3,0
10,39.76043336869172,28.769426271036473,63.840081893735245,0,3,4,0
5,26.792382704666295,24.597722431874537,9.720747932763624,2,24,11,0
59,25.73879562209367,17.915058230359147,30.30751707899212,1,12,11,0
10,10.195851584745428,45.34055360708332,73.24709651234338,1,7,11,0
33,6.678654255566219,17.876396243629493,59.15888911089087,0,8,6,0
54,14.76298305172927,44.502559196546486,49.61892103279337,3,17,8,0
38,21.35876054524514,19.133190682241175,70.6332257015165,0,18,14,0
13,45.9434542405793,67.39671454476948,42.85359462788347,2,10,4,0
31,53.49942482339024,79.59799206020404,7.484833730579245,1,15,13,1
47,18.35623222646973,57.20466101466207,46.897529233978894,2,23,6,0
36,45.3544174447977,69.60540311121524,90.70227326785984,1,21,12,1
45,37.46614002096309,94.1459800229858,86.37843718984152,2,21,12,1
24,22.425246132305823,65.64529530920774,43.85473261390373,0,10,3,0
52,5.649871074094538,39.59502882746885,7.111036872236355,2,9,1,0
56,49.36669731956546,47.700615074116975,65.44919089893,2,1,1,0
15,70.13691618019394,86.74989647684352,75.41347063937214,2,21,4,1
29,26.496346743661668,17.418430300259157,32.953139728006114,6,23,1,0
8,17.52164884018454,35.94501713279111,50.28307996385956,0,5,13,0
5,89.26906072246138,59.84160655219599,99.2263955485323,4,15,14,1
29,31.12735338634079,69.25700909380127,59.75258623325187,1,14,1,0
47,26.24319888030315,77.532412166012,38.35211603784883,2,11,1,0
4,86.424209262942,35.22964561962828,64.61144328081264,5,23,3,0
12,82.62517442084233,18.85661773086928,22.102119152088022,1,17,7,0
45,47.59291469984019,95.7097249192732,23.928975461085106,2,21,6,0
2,51.47769183563858,12.25726062754375,92.8678478978316,0,14,4,0
27,25.686126959232087,14.101508799754116,27.724003911086417,3,6,6,0
31,12.438658695557962,52.01954148068704,34.524991025495694,2,22,5,0
51,59.4760234087878,82.83074767364184,56.65883798712662,2,4,14,1
51,14.342767551070247,78.57789010375603,90.4707989263726,5,13,7,0
36,47.681081960881734,94.08143028843872,79.23764452330637,4,21,13,0
36,94.34723385873602,18.452244683233896,9.159472463638116,0,24,14,0
26,95.51926697120552,40.69408942093143,70.83781854534507,1,22,7,1
43,27.736567221999067,31.803502228562454,52.88584085497932,1,17,6,0
27,64.29077490433717,86.78266173769384,50.17751999022615,6,21,4,1
5,50.03724509024647,51.393688926714034,70.6980448484266,1,12,5,1
20,88.19008712068006,7.550553769488303,23.64204439080919,2,23,10,0
11,30.785932106225054,72.25661864964768,98.24142304786338,2,12,10,1
10,5.3517286490796,41.92631929352724,66.30412037588266,1,24,9,0
40,20.443314563484435,55.45894252024617,39.73733658812634,2,4,7,0
38,38.20466611109281,89.90980556594981,62.01920976666532,3,2,6,1
6,34.993507328196415,29.39008859011711,25.56473201251393,2,20,4,0
8,80.17947731667417,27.825144183156823,65.21497716122084,2,6,9,0
23,69.65326328318959,30.00328789710849,7.680628370090749,2,6,7,0
47,33.45785036341524,37.120259169671755,37.41228158379479,4,22,3,0
26,48.48566263079027,15.198627591379466,76.01410519101312,1,1,12,0
46,14.078114876041846,71.235867776816,81.7578956658433,0,11,5,0
43,90.32391225790956,24.702878193767972,29.027344264826965,2,23,3,0
12,93.86535832261076,92.98384599070565,56.24389882159871,1,23,11,1
26,98.08133586118912,25.490199821437717,55.20682452046621,4,21,4,0
13,87.51251892465459,29.285992784333637,45.03832440579414,3,12,9,1
40,21.526284331141422,33.216921737027555,26.70113336153296,3,4,2,0
18,9.38866590415474,78.01111921608451,71.80668215673342,5,16,1,0
25,60.06168910420403,45.62261630699283,28.974359765824367,2,19,10,0
33,91.69747755389548,82.83678928290877,91.54744502987847,0,11,0,1
47,21.848379357675572,79.56110267379991,55.20762265625775,2,11,2,0
40,5.669076889293477,93.30159016290932,87.69544204450908,1,13,12,0
43,81.5221243730632,76.8773947348852,32.62055847639558,2,13,10,1
12,12.29559000723973,9.93156111856097,81.67251984457954,2,8,0,0
44,44.30207303145289,84.54172100141055,15.798040565499289,0,11,13,0
36,69.49429703293458,94.11689668701406,77.84888249070238,3,16,5,0
48,27.49577061833711,99.40047329221856,41.75985574290371,3,13,10,0
4,12.976443527439036,16.900421442584186,49.64905843776575,1,24,1,0
5,78.15201670330372,63.260960586020786,20.846695424659416,4,3,2,0
56,64.86663306426894,23.948573258995143,6.769630409817272,2,11,12,0
37,98.90659602624643,29.938415886696905,68.28876184718675,2,21,7,1
8,37.70926316539613,75.8305121311715,60.83323692303973,1,8,4,1
42,10.867426697568972,97.87843318141071,64.13067444661745,1,10,11,0
49,74.7632533568531,61.51127263898718,29.22516701255738,2,22,1,0
28,54.56467479105834,85.80552463311349,27.731358973895073,1,18,1,0
31,25.254373481967832,5.843961363738652,83.87814957057853,4,17,2,0
58,79.26425395545215,8.48000578571383,77.31901149635715,2,7,2,0
9,24.356771155744656,61.68881204595702,36.99506100492926,3,18,7,0
54,29.762857209128978,41.95339465204171,65.59154301768963,2,10,4,0
51,13.790212664838318,89.52699242244962,83.67425039603732,3,20,7,0
29,42.94606650793117,33.68828174314471,89.43879701070513,1,22,3,0
14,44.7982762740548,46.04484761288451,5.55159478637805,1,13,8,0
40,53.88337008308835,55.15137379399898,82.2789273477988,1,7,2,1
41,72.35160537675885,30.938689124193516,38.28727175345796,3,23,1,0
22,91.07958822464045,91.30701240806296,73.24593705373678,4,7,5,1
11,18.08473939434182,49.130690542519226,40.283129636999966,0,20,10,0
23,10.16306934312242,45.29478286630661,62.593663245431415,1,11,14,0
1,6.760467191461662,85.72653964876159,66.44433180057176,1,10,3,0
46,18.644030916537545,34.63794815655036,43.47431323704148,2,12,1,0
37,67.50520114925446,82.65920772854129,53.71460645808576,0,13,13,1
21,74.11032240966718,16.6159210085282,73.99977033232099,3,12,5,1
26,79.7180427851716,22.364910669665463,50.2490005260119,1,12,3,0
46,28.152280130912555,95.3299582863148,6.328146083090825,1,6,9,0
36,34.06000725984439,85.03251162673226,6.225898714763998,1,3,10,0
54,50.89779132872245,41.85039563835859,67.82453075469239,2,8,3,0
23,11.002394201721517,65.6533626281178,85.48756605828181,3,17,12,1
57,63.05844470506838,94.5821679959408,79.60098606382967,3,13,9,1
1,98.45482819919698,25.12659577208801,34.48802868365053,1,8,3,0
54,39.27659958091024,10.605994671185062,49.757149074710675,2,5,3,0
55,76.52051013368147,56.059466128004,27.245270309658363,1,24,7,0
51,52.50322197911276,18.54670347304136,98.9692415133339,3,4,0,0
40,17.14212521423636,22.795313807580637,29.74811267972203,0,16,8,0
15,60.3125576362457,89.69622302450004,44.54485132068982,1,18,13,0
21,33.48805550218617,5.703328571264677,69.7072503758088,2,4,2,0
47,8.268304803078532,82.59790251406751,88.22167861682372,0,11,4,0
9,65.31832436118566,54.11032375188272,9.89018998637797,3,8,4,0
53,86.59857318584912,58.13296682630354,33.59686922257654,1,1,3,0
9,37.753127855488046,68.81795624335443,59.05365555662374,2,13,3,0
10,42.078076985213194,45.987274269260986,63.739742730737426,0,21,6,0
52,89.6470598818851,15.9831293782794,11.652606657486778,1,22,13,0
57,82.29283726989881,14.767921261458262,68.08748009499696,2,4,3,0
53,72.92051823741883,76.66440892247454,55.16611473281456,1,4,9,0
26,28.635721056549052,25.998338610392064,83.62460103940374,3,4,2,0
41,91.47058222183122,7.6696599436762,26.107971739788567,2,13,10,0
35,19.669496966225235,98.0633194643994,23.52756357707823,2,19,8,0
52,64.54319934463608,98.13719433926587,80.3670360831558,1,16,13,1
25,7.736112151919277,40.92342704765909,71.86756724926354,2,14,3,0
26,66.15338160086985,7.424765232925755,80.2089692548791,0,10,3,0
11,31.328713427969184,74.09014256631121,79.28374339766755,2,5,9,0
38,47.71931283245341,83.94614574613857,14.880064203893763,1,15,11,0
2,37.80013244542004,16.876300561001926,31.46538949341933,1,6,7,0
7,21.41189184338994,17.868568416377446,29.708087932962403,1,19,11,0
18,64.08817505891804,83.1112799711951,93.78579173459975,4,14,10,1
27,88.7876777383577,92.5812019279473,51.309324534782824,4,11,6,1
34,96.11300301682832,80.12170948404422,15.550427606501652,1,3,3,1
27,23.27290449962193,24.07077017110531,32.50990106335178,1,2,13,0
17,73.15041353598247,44.094515846250985,87.83065660906479,1,6,7,1
43,68.11223982753981,62.080030457261834,85.47130592570475,3,24,9,1
59,37.62089000958439,20.227880012978726,90.53225092685103,3,8,1,0
44,6.814423938603954,25.00723680008829,41.9102334100169,1,1,12,0
59,70.53016849472228,31.874176846512725,65.92739134154967,3,14,12,1
51,94.82201175315252,53.403760677629464,31.42652238815575,2,16,8,0
54,65.05141158198688,53.52646428186702,22.17840645947552,0,17,1,0
24,46.35280879782524,82.3579793380175,7.080602213004952,1,8,13,0
25,54.889619940604696,76.53596906532444,26.2268902204882,2,17,9,0
7,23.964736727692166,91.8048891354445,62.41554300476593,3,13,13,1
52,76.30169555660507,84.12566366833666,90.89997979264533,1,19,13,1
6,75.90988385093566,29.118367089037193,17.67495255546697,4,9,2,0
53,18.82414353680537,36.47319308387999,92.211098291717,1,3,12,0
24,88.40794633746762,52.54020814509071,37.811597312813525,2,18,5,0
33,30.573025249964,6.355757783546236,45.54869872336047,2,1,6,0
49,98.3143257889784,90.87069059695354,39.67296134453095,1,13,8,1
29,41.37578633353835,9.212700193422226,43.81777329237187,4,13,7,0
43,21.898985579777467,35.63192072758045,29.623349172828195,3,12,10,0
22,38.41341057783697,59.07160516365863,71.36744443958666,1,1,5,0
26,46.81713122623335,54.19493191765225,77.02739547566586,1,10,14,0
28,11.584238438638009,67.1736898184581,83.19572463096516,1,19,14,0
50,59.930746216212505,55.114416652949856,37.42251041919687,3,22,7,0
21,61.77508178754553,26.755135441788266,77.63955464764051,1,7,10,0
49,75.19839325819986,24.10242784041783,65.57915896029743,0,14,12,0
7,7.771139767620613,91.18847156217235,96.00202824983732,1,6,10,0
17,56.41763037121386,30.076839989881293,45.35459083636202,3,6,4,0
20,10.026206160713116,31.692837218553777,99.26942414891867,1,9,9,0
41,71.60870089683208,44.23052512953274,75.33743285074779,1,20,9,1
49,10.294158641593524,18.246641079247524,78.74638672110476,1,16,12,0
20,91.6141455924551,53.19092022020784,7.441961710417795,3,5,13,0
54,71.69784385402717,68.17801736170249,52.25284337692917,2,15,11,0
22,53.20202768308992,79.67004674734986,55.191987669642394,2,1,11,1
28,46.94287271171162,72.58815297710177,8.857009682456962,4,4,8,0
40,17.413899889259927,19.025416587625053,34.65246623160272,3,10,3,0
49,32.64494200864299,48.326378772237774,95.78619715964064,5,6,0,0
7,87.55111497698515,8.665689076776951,45.48058645421288,5,23,14,0
1,90.92301709843692,6.690809688490182,22.736688533039207,3,2,12,0
32,5.071032295200451,46.812389736011056,53.76717716750878,2,10,13,0
13,61.44295719036737,29.03124697347476,8.207729835944198,5,22,7,0
30,73.3335578573858,69.91927551296946,54.01892649723144,5,19,4,1
23,63.7809633334726,73.80287474727419,61.45548907285835,2,23,12,1
51,12.759577662303627,90.06335383303428,38.980964442535594,1,9,8,0
59,25.68386538589571,77.26483878620867,77.44473881888815,0,11,2,0
56,28.78232540123167,9.58319169797146,17.89283731509551,4,4,8,0
19,84.01383997398352,40.30418598398793,88.42742393866618,2,24,7,1
32,49.003946449347445,30.9372184164516,95.76726648708993,2,10,13,0
30,51.2486801344175,41.68258273358032,5.117279837274411,1,6,14,0
29,93.81483942267832,20.20718760202665,85.05855770410014,2,3,5,1
49,65.52315944119798,14.281889850606378,53.07998914619668,3,13,14,0
45,90.37343164750308,54.493531538298065,48.83353521465909,1,19,10,0
29,48.36834125744563,73.43622453230746,27.674515153066203,2,3,9,0
30,19.196444559237953,71.68153568353456,47.49587890560548,4,20,9,0
16,93.34388143703814,47.839710606741576,95.29057921486306,2,18,10,1
40,48.57698598841613,54.61650369744988,25.024825225666454,3,12,7,0
19,22.254985078488076,54.05122863832093,22.008917652822426,3,12,7,0
18,33.72759532887261,70.69918588796534,27.980148885647555,4,21,6,0
1,9.826246020449512,9.552891715822287,57.42424846204031,1,12,13,0
14,49.48855618835659,72.44013034276627,93.37848246616348,2,24,6,1
51,86.04717633147247,60.30908557194231,59.51875112269947,1,7,2,0
47,93.69014332063549,23.82032789379955,28.130835277552983,3,9,6,0
50,93.59720971284617,9.660591105895127,46.8429699555199,3,12,11,0
2,16.896852434730942,15.3101401029994,42.08801251964584,1,19,2,0
54,41.295118838550415,54.84567743483062,9.42409963693154,0,4,10,0
28,7.681732166817105,77.04881035867187,53.510975610260566,2,24,12,0
49,86.24070777228991,36.79244227682761,16.970606730199012,1,10,8,0
50,39.08179739202101,41.01677151699606,85.01318399796813,1,19,10,0
30,64.9561176497623,93.74390942938068,57.15147638311019,1,17,4,1
38,72.91535161734241,25.236242983094723,85.2376158486507,1,18,10,1
51,45.83524362559976,14.856195334658404,95.82424530091392,2,10,7,0
4,34.112021972273084,37.62396081100171,94.60288762127628,1,24,11,0
1,96.41022646101474,75.862601351766,14.540786759217603,2,12,2,1
8,96.62638137726616,64.47734265033253,94.75762179725066,5,23,2,1
29,32.496454962852084,44.50056674010907,80.59598474000346,4,20,12,0
55,50.56438419072352,96.6514906190239,78.87751999977515,1,8,2,0
39,97.42019507270211,74.82466163798446,13.562211325476664,0,19,12,0
3,5.4624987272728065,10.87683531641291,22.053896716941917,5,1,14,0
32,44.20443359601918,75.7399871661346,97.640521091903,3,4,7,1
10,14.543467219692,7.283662811056543,25.27016492975297,4,6,8,0
10,53.37000672844725,66.78071569615352,21.06006636590306,0,22,12,0
19,7.343645681346279,24.99586944780258,39.42340377739945,3,4,13,0
46,43.655350982109645,71.16200985856798,91.76883876581458,2,16,6,1
34,25.966412104606835,34.42905883154064,50.238379037872775,3,8,0,0
33,55.66429443358037,87.93559925577867,92.45545331346322,5,9,5,1
23,99.61939666456648,37.006814476188744,36.76218413944739,1,15,2,0
55,81.05092998704103,63.87110626340821,26.520221296564937,1,18,0,0
28,85.33599870432003,32.163118167128886,52.044285840848374,3,3,9,0
32,65.35017379911268,92.13604678850692,63.470304574879414,1,24,13,1
50,8.948185585864563,79.19461819767638,42.19240486828783,1,17,1,0
7,24.645779224193692,28.113773252737296,37.87289841148051,3,1,12,0
29,92.88113286247022,95.13568769307268,25.71563205345843,1,7,11,1
8,39.78074620323137,38.929971009741685,31.125642791068287,3,10,2,0
1,14.84548901567558,66.92717002838282,68.94620649946857,1,15,6,0
57,71.72850975728919,75.57105695586766,40.1379861682994,2,23,5,0
55,33.44848377375419,7.175705339166669,12.576918963497706,0,13,14,0
3,30.54140672589631,96.1018978849384,18.12476204549079,1,23,1,0
24,99.80785827803471,37.721924078299665,40.37602289715552,2,5,11,0
23,86.52319787753217,23.0289948759663,92.82773083554687,3,7,4,1
59,43.7540927449449,85.81724021420732,41.007874856368126,1,14,0,0
8,98.1248147425674,71.77543186822437,10.760997357909153,1,14,2,0
54,66.7607562248253,13.240610899218495,44.70945449860151,3,9,13,0
57,75.49213292857722,16.119235230793105,68.53767142621575,4,22,0,0
47,7.993739092810101,72.94322771209666,61.39163282008099,1,6,2,0
37,16.552499638065424,12.104409316112978,31.486281426672857,6,19,1,0
3,65.14308701714265,92.13166633678618,70.36844768962594,1,15,3,1
51,90.40727835170097,75.44631301002515,64.90931551720658,3,16,4,0
33,64.25565397832159,36.871759566863936,21.35643203875202,2,23,2,0
28,17.73236496030422,39.47918402640713,20.403775338983277,1,22,9,0
47,15.99720439340084,53.11712913938963,56.98239279645437,0,12,13,0
8,85.19766010328776,39.29209429661132,67.64666330602986,1,21,4,0
34,18.23372217725186,79.42951238664,96.38150556172477,1,3,10,1
35,54.42203624788242,97.60000968965348,45.08340991951907,1,3,6,0
32,8.525765396418716,60.529543966628346,77.66922776883177,2,6,9,0
24,12.663627902161853,47.37354612841525,16.06947099268076,6,22,12,0
14,68.87308542607215,26.16354332548063,89.51285759498649,2,21,8,1
32,70.47223399061409,67.07617482854101,65.14521643288978,3,19,7,0
56,37.439593627802026,70.12980187246272,64.75788147836849,2,12,14,0
46,25.482927698089252,70.09310766636456,18.532050214081373,5,16,11,0
43,82.30247572194426,7.563578407506771,8.760454304960305,0,18,11,0
16,25.624806799639583,90.41659956274474,71.63766810853886,1,4,5,0
4,56.49257161830607,37.12012352577178,16.120363601635727,3,20,14,0
52,96.97983988197602,75.69574743575286,17.06216420097361,3,13,14,1
37,19.04598159692646,77.18165617453039,22.812513902963573,1,13,13,0
54,94.38324541199734,66.80272298716275,14.285915898262232,0,2,8,0
21,22.374840041523523,42.51231969870776,64.41228944087915,1,9,7,0
14,58.90710476220681,62.79650059756992,45.09045655561586,4,11,11,0
31,40.81573263608074,8.818875669498274,30.279128778907083,2,3,3,0
55,96.66821714267346,77.3801002578511,46.871193035299775,2,17,10,1
48,30.98649275518401,14.460921591192196,85.19330019619397,1,12,1,0
18,42.9675101981466,42.69133795096216,93.07254347914544,2,5,8,1
7,98.37171119626494,14.843784828171824,51.31023374207695,1,14,5,0
10,55.96468716290495,84.52207235281398,58.84152693571623,1,19,9,0
7,52.74986098401908,57.27872737641613,29.433993382287923,1,22,7,0
33,29.48895637937917,70.64073641608088,53.79203597052633,1,17,7,0
23,71.62953822949194,69.84530613504823,76.07136265884705,1,4,3,1
21,6.365430418888876,84.95259200755793,51.7530400473361,3,1,9,0
19,9.703699821717883,17.594093317787795,33.696925574971125,2,17,4,0
48,61.939065777901256,67.67417333846399,60.29326298637111,1,10,0,1
19,37.459084512753144,59.637735168347454,94.93232293415524,5,8,8,0
36,95.56505535909125,7.9352266442749615,89.35846612839562,3,11,14,1
29,90.80311561866463,24.135176338166243,78.07802602166834,2,20,6,1
18,72.80209457428718,30.419296430930977,31.239915103194857,1,10,0,0
2,82.72383020714113,11.892855665770783,27.948153185558137,0,19,10,0
1,68.39652571843087,38.69838156038614,84.66103303077179,2,6,9,0
47,16.930299757465264,7.584238327970191,22.225160227799723,0,11,9,0
5,77.72662012047425,57.55243176448431,62.533074211231146,1,16,13,1
20,24.968237028290407,25.092591255079792,46.6983446403816,3,10,2,0
11,35.7270712345187,32.26529502337387,49.45871439277784,3,22,8,0
42,82.82725014972992,91.494804486272,48.18162324011637,0,1,10,0
2,55.96993279737758,52.767600666734914,90.49526393874773,1,8,10,0
3,86.69436784742388,30.556323468219507,13.273953835068223,2,17,11,0
23,25.238355385110097,61.853867033566296,79.37563769832937,4,19,0,0
55,62.73895166765429,24.158786312412083,84.32620379965192,4,9,5,1
12,12.960142392084856,12.067590147597564,94.57332897958156,3,20,4,0
20,66.09079438630282,6.986103668025524,47.99699571908258,0,8,13,0
5,77.4407335886758,95.39525931074436,52.506193229257086,0,9,3,0
37,60.56843492797856,73.83802829359605,96.32297950838708,1,16,0,1
38,30.291992642386973,80.99507408777633,48.55285079017048,0,14,6,0
30,7.977553541592338,98.18718417698904,52.837104932744495,1,24,0,0
9,16.34764397660715,93.50472682427676,36.56416022799148,1,6,0,0
34,64.1187830120325,75.00675387056401,8.00460781504174,3,9,1,0
53,93.7699206000388,70.92877163283534,46.140182417341805,0,11,8,1
44,24.620768377340607,37.00074970886078,67.23367453050166,2,22,0,0
35,74.82748416498438,14.8816389205347,70.54486150828792,2,15,7,1
52,87.31285100865894,59.50364209491972,5.618321454037903,2,15,12,0
58,54.483806952513554,59.74406303341626,81.10001360341872,1,5,0,1
22,68.58025060514748,95.46254211449568,51.77948334221196,1,8,10,1
44,82.42645508423408,47.04422663286239,54.47080933168832,1,20,0,0
24,29.76413998535639,70.6267243090765,96.3656503761849,1,3,8,0
17,33.205089055464086,59.62220960268857,32.0238100723027,2,20,7,0
10,5.059614079703336,21.79222176459968,77.35693895197589,3,4,13,0
30,96.49394243529125,61.24610923671709,59.603743338865726,3,7,0,1
56,92.16676498665277,56.31108738946791,71.57585384801365,0,17,6,0
59,77.63398505714588,51.92106942138877,44.69265791920681,3,12,7,1
46,12.512221992781573,53.7751786966051,31.5247162016055,3,6,1,0
23,47.512774521453274,20.578857336092696,56.88196547504877,8,24,3,0
32,14.679716627297518,49.030384466913446,40.619408903501466,2,23,1,0
17,6.512425389965867,62.537060823051696,26.176561988818072,2,21,12,0
50,63.53738169519674,51.49767387512624,84.72743407080743,0,4,13,1
51,96.2787946226179,51.425188536983995,50.20400152512267,3,18,5,0
17,90.77246222605426,12.36418243033365,85.49499541313544,0,16,4,0
14,71.19170741886342,23.12354444158837,50.033000325047425,3,1,10,0
9,14.180855495662785,35.49240581367256,57.89578128267877,2,17,10,0
40,31.045583578868513,44.83796442296112,99.55162292482572,4,5,4,0
2,35.40538905410264,61.4240571665674,95.3929001433402,2,23,11,1
45,77.49925548582831,87.01778492969076,30.810537713354613,1,18,13,1
25,81.21367202733583,20.120650118422123,87.52226171267608,4,6,7,1
39,41.58508168404244,6.433362870016019,42.08833095123336,3,23,11,0
9,44.69897967867292,47.677527423712,11.768630101487313,1,13,12,0
54,9.228358731236275,46.049775254104674,59.69919640841303,0,8,0,0
22,32.467988249782294,57.43061575704137,97.81992664815236,2,19,9,0
43,47.87209183187579,84.15606828029256,97.55980026550208,3,16,1,0
46,16.11338940659947,81.22425234333541,17.014210925434465,1,18,0,0
4,48.060408771727026,14.504112020851064,78.26748332869573,3,7,3,0
26,86.05170216449103,93.729559834284,81.2691392037697,3,24,1,1
58,60.22549687388007,15.489367494072246,40.0307545100827,3,9,9,0
29,12.49833622864917,65.28419831075243,67.56654221290476,0,21,10,0
45,23.208775288876065,68.87859789157969,51.375150436336064,2,1,6,0
34,50.081713265062845,69.58836128619338,26.64984428244304,3,9,11,0
23,39.34127923307215,30.208361309162136,77.32010671637381,1,10,4,0
37,39.07906685687938,36.38278371767424,29.961507242179245,0,21,4,0
11,55.280407573641064,57.124303139192705,37.342536538957624,0,18,0,0
6,60.51761255099846,23.960812101009346,23.051748466968803,3,22,14,0
18,80.70184917623816,6.929494444168366,73.33077385992691,1,1,1,1
21,37.39182352893605,58.403723178314685,48.578785113905035,1,13,4,0
42,81.51929688885575,49.20146434114069,47.12045920969865,2,14,6,0
36,37.16806676570009,67.38946459122889,62.4334723545512,2,23,0,0
41,10.266133949417211,18.936554704197693,19.940027488497044,0,7,6,0
38,57.64782684545517,84.88786498603588,90.32461951444714,6,8,10,1
34,60.85072086500738,18.891041403750098,49.18535084241344,1,1,11,0
17,93.78132333407672,89.67764246360224,39.820051574792835,1,2,1,1
37,73.97582597593507,47.70451139659178,17.035607845993283,1,11,14,0
25,92.18840198697175,57.231499640406,20.955649414904354,1,1,1,0
38,91.29298497308592,90.17522691657892,92.43422982181671,1,24,8,1
58,62.434540474533,33.491739605321364,48.37861817297362,1,12,7,0
12,55.137396206962514,22.273564642909392,73.60747233912977,2,8,9,0
23,57.956891880541995,47.3464039778481,12.649053502560651,2,3,3,0
53,97.94142672933854,28.21488671013214,66.12913169201596,1,10,4,0
42,78.45093071596109,55.14517159633012,92.544323272055,1,15,8,1
22,15.095260955277604,31.14949712221006,33.49652783374166,1,12,3,0
21,78.95069864423299,87.1265058815684,60.01834756777673,2,2,9,1
27,21.201114645331455,62.695836264483965,94.3208149100058,2,5,12,0
57,47.49830215553444,5.022863625575715,73.33564261144842,4,9,11,0
31,24.993668856770757,81.52000479458336,10.920922726487344,2,18,7,0
6,70.51039122565683,36.37017198898386,40.98002898974169,4,6,12,0
27,88.34442493833839,35.419758494720924,13.148411828292398,3,11,4,0
40,32.58437910983469,41.3909671527744,86.82517163892155,3,14,0,0
34,12.791020414777826,64.87494016798766,64.05795661434347,5,1,14,0
12,33.356844317121514,46.99576748745119,95.85626575921914,1,23,6,0
45,68.87437650355847,64.72037692412174,6.876851272651681,1,4,9,0
57,36.232212117672745,18.944168555400275,45.193300136120904,0,7,10,0
53,31.420655917611324,97.16562412978814,14.9145894567175,1,9,10,0
7,22.52134310550517,74.31259727296707,38.29634314889171,3,17,2,0
10,52.26406055307119,28.769675181946383,20.37924821887577,1,17,6,0
45,31.21513867493282,73.7961412671037,36.23540719937492,3,11,7,0
17,74.4459831682509,59.62741834485574,82.82989044859276,3,23,3,1
26,12.279128189259255,15.372954658333892,20.26643601585684,1,12,10,0
21,68.08313814557516,21.928660544871978,49.998151910457885,1,15,14,0
28,27.56820138393814,8.924273482539157,92.55039773575,2,2,13,0
58,51.4815297999023,81.8776168090947,99.8840323461591,1,8,5,1
46,32.178542592969755,57.41195149654733,28.810906226632913,1,20,9,0
2,73.66302422102558,35.09112162177013,93.87897622277951,4,23,6,1
54,94.80416882390548,17.002765692679002,29.831924676097422,2,2,7,0
43,92.12229404963226,50.984358216236025,44.28520740344137,0,24,2,0
1,60.425490438688655,54.89982793820418,88.4027431621661,2,6,6,0
51,48.947978809412945,71.685107593148,79.68672996780357,2,1,4,0
53,82.73854839674128,97.14403499247368,86.46131793625484,4,18,6,1
36,69.91600444963434,46.3198253887006,81.02438453392281,2,4,5,0
51,22.438590850608623,43.573249626465085,27.330795475953927,1,8,12,0
26,82.98732529323502,40.14335043606164,58.0855359659072,4,8,4,0
29,45.74401699249747,83.5577713518518,41.598818244382585,1,14,14,0
21,22.953637697261637,19.8501360329276,48.67254200259502,0,20,2,0
11,31.770748287666784,37.662225845333495,19.62584870174492,0,14,9,0
40,30.415067873592523,73.87222646316214,34.9979181263912,1,1,1,0
11,54.32466258732871,6.491018857532415,86.47647653510775,3,20,2,0
36,27.265158614398175,32.49116874254099,90.26804893918558,4,3,1,0
49,16.738816303149736,65.93748046169743,62.964542970418165,1,15,13,0
59,16.750630808307267,22.665449310076447,52.33538941507152,2,19,2,0
39,60.41123872821418,33.757504066805765,72.71977037418353,2,1,1,0
40,74.80213244069097,51.174282075906774,62.84105877110922,1,3,0,0
35,35.54563583964237,45.09223876712028,98.44912560304228,5,20,8,0
54,8.291817432331623,15.072583045760991,23.05843525559931,1,1,9,0
34,17.08636425901602,94.13235561428507,47.65924899341575,2,19,4,0
55,91.89598323202044,9.207808455298814,92.2328477171276,4,17,13,1
47,51.88664766099804,76.2255618601677,91.9000206913098,2,13,8,0
24,48.0894169134416,11.78516325365996,52.05795042331149,1,20,7,0
54,8.614671939458637,49.393101287382535,17.806855190131238,2,16,13,0
22,74.22051712010541,21.664072707264047,82.42100691182574,3,12,6,1
5,55.1664676885475,18.4042906607479,60.59069271781802,0,7,11,0
56,24.19768892821947,16.96030777146388,78.4507715064394,1,24,5,0
33,15.457007217200433,48.01473048605752,48.93974498400608,3,24,10,0
58,41.42184704503986,53.97106639179277,24.368972583998527,5,17,3,0
36,84.53038659852744,17.671526886569787,7.278993710554479,1,11,9,0
47,87.20298312409733,98.04259437529277,58.11813553977645,1,22,9,1
20,62.27040613758546,29.487759251911196,20.299386993751007,1,8,6,0
19,74.11596058686355,48.5899272622644,22.77803481679304,3,10,12,0
35,15.939799803272685,25.545607972181266,46.449034940930616,2,16,6,0
52,60.87197621944621,51.92265131770683,46.99732197669529,1,10,0,0
43,68.36174183128227,76.82157533419229,31.066773569542,3,24,13,1
17,24.06772007681026,54.504691357977045,17.532609800229505,0,8,8,0
59,88.6146996264746,32.13664271821525,94.77051142312207,2,5,13,1
45,23.524690064496877,28.59767782972412,17.50585850843469,1,17,3,0
43,34.78034918541279,77.09876859157008,38.3233955371073,1,13,6,0
34,63.95290046722857,16.232626693995012,33.96245929770739,3,10,8,0
9,65.64325618741942,40.1468169685576,87.30210021106242,5,10,1,0
26,71.44155039379989,19.39085808211911,43.9559326054642,3,21,12,1
2,15.64111274147954,29.507703782975785,16.78413242726461,0,23,7,0
53,85.69912084321275,19.504907086070457,5.974797698427062,1,12,10,0
9,55.620477566909685,89.24338831153054,73.58521233007986,3,12,3,0
9,49.77557043998149,74.53089890623802,72.87760379394577,2,7,13,0
40,98.2042743287834,58.28808837420483,44.68944877475663,2,11,3,0
17,75.33593820939687,26.320396137075644,16.99926002967074,6,20,2,0
1,16.21057252884061,53.471548583923514,40.30521219441105,2,24,9,0
25,76.87122088649286,54.47915461251937,61.03883283711793,1,12,3,0
43,14.048648727422602,61.08835393712109,71.8745794716499,2,4,8,0
40,7.609703438733561,10.708089936159489,12.43278978125624,1,18,0,0
42,43.34446005064023,97.4256872636871,57.849209708394504,3,10,8,0
25,99.38992641782578,49.2167022070307,31.23178745257307,3,20,12,0
39,21.61397393851195,93.0205185394148,63.64029727769605,1,2,10,0
35,68.90121263504506,5.931770897827754,66.57331167215229,1,1,9,0
3,21.47262628958134,28.518047585354346,91.50735166859826,3,14,8,0
50,73.85476262104667,14.879579179766884,43.98594566195119,3,17,0,0
37,53.00859848259349,78.1135368487033,56.07111271285517,1,4,12,1
44,69.59731245849075,35.41187971149757,30.480436662248383,5,9,8,0
44,24.272951711852286,84.84678829949596,32.222917293787106,2,7,5,0
51,75.83469158944769,84.07660974300641,9.373209248329438,2,21,7,0
30,99.58381066415714,68.44050531662414,32.1765495183581,2,22,12,1
38,68.23679755946618,68.24927133667782,11.0637255111125,3,17,7,0
34,51.88059981692338,71.51517074694783,96.5720001056538,2,3,13,1
12,92.70152891883016,69.00756428982858,64.30500736072993,3,1,7,0
19,6.505925012028248,41.75629398001316,21.449113312697936,0,10,10,0
37,74.342734332153,69.86862623401187,16.092804182931836,0,5,7,0
44,89.43091909731223,90.25366207327409,40.16164894536662,3,4,11,1
59,10.859085443990958,36.59448172827925,34.22649583878993,4,19,0,0
59,47.75609618949703,94.7644574904206,31.52920418687303,3,6,0,0
49,24.448348125249897,6.290250850383124,49.478624268447014,4,6,6,0
17,58.819225730843854,38.16284113519753,91.72301508276402,0,9,10,1
10,66.70658106734776,17.54934816423032,58.96477416828782,2,20,11,0
57,33.74920237823173,17.02888375927725,54.51699293572882,2,9,12,0
55,48.698258619419576,82.46580193109898,81.62210134030052,2,15,11,1
49,31.537251101273153,92.24498990126168,5.3823381017044705,2,20,8,0
47,40.092160623235806,78.88703415213364,23.75163856974718,3,8,10,0
12,20.15629588540024,97.77849330429318,52.137663766939426,2,24,13,0
16,89.12814714063498,25.55125216579572,72.00436074959633,2,2,9,1
24,5.950989003117961,18.375991659920594,51.07767851926564,1,10,7,0
19,88.8288727121599,54.466859293763285,20.55301822358333,3,14,10,0
8,59.30949344322516,83.7585734005487,93.34836767784977,0,24,12,0
31,36.50749519681666,8.784713629615672,36.2231874550173,4,2,4,0
21,73.69042691873132,99.57873779498878,79.88048973247788,0,24,7,1
17,53.23645442695311,62.21336327450567,89.68426678677321,2,22,8,1
23,52.41532252022262,97.99947215723084,37.91269088042331,1,13,6,0
37,15.463516877301812,39.68275515720881,85.30461922635995,2,19,10,0
54,42.00402246481382,48.51226295069098,72.52349990084576,5,7,9,0
16,27.901112856389982,76.47433702775226,90.90667948289058,2,12,10,1
6,6.491111031646566,80.30654280332527,28.874516663682876,1,6,12,0
8,39.20946492430076,27.138140068272826,93.4713725831362,0,3,14,0
25,13.533102295432451,93.33110319923368,11.204115283643375,3,5,2,0
18,29.398853583892596,87.40519657429921,80.39877210403665,1,4,8,0
25,13.789079012393971,6.729503794803864,46.38817696665511,0,14,4,0
12,14.589454427857891,17.213970056242392,21.899546851031264,2,6,10,0
15,23.906072969442885,52.1292251086714,12.54328073475456,1,17,7,0
59,99.98567822620802,48.79077384075236,42.00701382039912,0,17,10,0
26,5.207493571438634,72.29713122830935,41.98577256401949,1,24,0,0
41,65.6739004314385,13.522580725038232,26.845951509163616,0,13,0,0
45,18.418151312522948,66.26125413622702,25.47396284352007,3,24,2,0
26,92.4596729875237,63.55514345778533,42.95385831444752,3,12,14,1
47,13.895124866694776,27.193861855414216,43.96081890448994,1,24,1,0
32,95.73100277699248,56.52742660549795,47.024655920503264,1,2,4,1
10,63.038006810930405,26.109684664618285,87.53214173913796,5,14,10,1
16,5.120467306971573,18.957687574557603,63.06917811016196,4,5,8,0
7,89.93068380209658,59.4478187921367,6.941150776794876,2,8,12,0
17,54.56262112985724,97.86005643855418,54.314427967407454,1,15,8,0
23,29.953624856396033,27.508668171315776,77.43287311864668,2,9,7,0
26,77.89152186398486,38.75693418873943,10.359359131229132,2,16,4,0
21,93.03322761925266,29.37445646905444,45.14774853104013,4,13,2,1
22,50.950628198945424,30.313683056417,47.864963609468866,3,22,5,0
58,34.977580072095535,43.39825274773466,95.6319429718987,1,15,7,0
7,79.94978677381805,71.67627351180892,50.18997560938123,2,4,5,0
14,69.7696222899032,8.686429782939788,76.24052495290921,2,16,6,0
15,89.43148595627588,95.9267985901282,33.77569429486002,0,12,11,0
53,70.78883121231333,9.396588551478512,79.03413186290099,4,20,13,1
7,28.135192195455947,88.71905228473317,35.65292481724735,3,22,11,0
9,93.5076287271068,89.9659193823899,45.85224079777593,3,12,12,0
51,14.959395984569175,54.82647282119471,50.550816392111294,5,15,6,0
48,30.454561260150548,18.014698718801903,93.00448209471108,1,5,14,1
8,54.41848773376913,58.68886720290966,10.078087041462418,2,1,6,0
50,58.745492476735635,64.72005519077072,23.702379346026685,2,20,8,0
59,6.454505729556016,86.48710099167558,72.04556088876286,2,3,8,0
23,79.1544089529893,57.335060698109125,59.86987768878703,2,8,0,0
29,39.352695250412005,44.01739261081713,28.895482089422707,2,7,2,0
18,43.609761395203094,84.63766341614082,32.474084311645456,2,13,4,0
31,81.89010672150985,98.1904207484988,39.89440113282459,0,10,10,1
30,41.03192221411673,66.28480449000367,47.7829601863812,1,17,3,0
52,9.486363267001709,88.06676854376691,82.71259570901391,1,11,11,0
39,21.76177819468328,61.8798357187611,6.312470264836445,2,8,0,0
35,95.81080137687732,70.52985918397904,90.31187541528044,0,23,0,1
18,11.688509428238843,70.37587616714728,44.23757560499518,0,15,12,0
59,38.71846409196154,71.9547637498252,26.897264168809247,1,12,3,0
42,52.80202086987774,35.49627717322019,53.29920645509779,1,18,4,0
39,51.861678597163205,59.68783264581267,67.66865405645994,3,10,3,0
17,5.376194586153561,61.44288047751056,9.251460823392334,1,12,1,0
14,52.610459488461586,34.93180453775704,72.99884840827785,0,4,4,0
31,41.458383507853874,38.23597493184805,77.27231282046694,2,15,9,0
24,97.34753687008292,77.4134426765879,20.78731701072483,2,18,2,0
35,20.120112979413832,60.358764858638665,20.948735695805777,2,13,6,0
44,38.644648692152025,19.175059056501016,24.3595326813833,1,24,3,0
45,44.850741083532874,84.57551392487287,80.67972764639386,0,17,1,0
34,42.11588602459013,88.89585727206037,30.840290313462965,1,1,10,0
3,68.25392862692694,49.283409055992344,80.61390461516368,3,24,7,0
37,25.47372146703804,24.84620604217806,56.34976659919066,1,5,12,0
43,26.001797517329223,95.022617063466,77.88127636632183,1,17,9,0
40,74.27504010758105,88.81560862935974,57.59893895956303,2,20,1,0
26,52.52759927442707,28.21626590247466,36.89804542512013,1,18,10,0
55,44.439789225444486,14.081404948756251,91.51784355251552,0,9,6,0
23,21.074289909338923,46.86209271716514,72.9530878764591,0,10,7,0
44,22.81508617665583,69.25771371690526,50.9852062389888,0,22,9,0
39,6.002405497510551,21.661915595894683,65.5557052556506,3,17,2,0
15,13.685495541862377,53.75520255101606,63.50511880755433,1,1,5,0
56,57.8996759955729,45.41447195588909,39.02104056790566,4,4,11,0
49,89.72794735079893,89.60235913309923,45.25831594405457,2,18,3,0
4,32.280652687402956,45.808830116677214,35.23439387514646,2,15,11,0
29,36.13598646013217,55.708757404828575,99.95422248446803,2,15,1,0
22,15.98253300809366,95.75218862017311,60.106123128516984,1,1,7,0
25,41.91993983267477,33.47071775808364,13.745255504258918,2,22,1,0
13,8.53606193408627,32.45413853448443,54.315182451655375,1,24,8,0
18,92.17206614488052,80.96153259449406,9.746386643824788,2,1,8,0
33,68.94557807183023,31.36620368367702,32.42194458973176,1,11,10,0
16,99.1211368923558,84.02725765695448,47.3663060177374,2,11,7,1
45,88.8682004544569,14.07588288935627,55.75569622718163,2,6,9,1
42,49.934106401324506,15.5698184943995,97.7372329741842,2,1,2,0
44,54.37007795928581,90.62572054546332,98.31106376139444,1,14,7,0
2,23.104724419133415,56.37716683583135,14.316590141103667,0,24,4,0
55,48.89373756975778,73.28735533595268,56.122603912474474,2,6,14,0
35,90.7876479818171,26.40244472694171,82.62539254325083,1,17,9,1
42,9.831075245403008,20.796064996300288,27.582717924011703,4,9,13,0
34,87.03789628483942,84.3206549121008,76.3034943659048,4,17,4,1
30,37.39004115604793,39.06922366720863,88.46881029197304,2,14,1,0
59,90.45371268414944,48.22809881658947,67.93630262336856,2,19,11,1
55,94.38359110244104,7.657330241159103,36.13181814028629,2,8,2,0
13,68.73216426518107,41.65866974833181,92.6975703373544,4,24,7,1
13,68.1202597263044,78.19159177187295,88.93440889904603,5,23,13,1
18,48.011662082330304,83.0211418421861,73.00340528543357,2,12,0,0
32,84.3763213316522,71.38170494384147,39.548470776531445,2,2,3,1
32,96.3532120511619,70.75707468665551,80.23015442750594,1,3,5,1
35,78.63277103221633,53.09273032673,35.03035324270341,2,21,8,0
59,64.08398970688738,56.141286279683186,29.030520876689216,0,13,7,0
39,62.64532510302699,75.55001594724862,53.9262717565717,1,5,9,0
46,85.69964065044792,28.49367088863367,99.72784637511882,1,18,4,1
52,56.414357748273346,26.99412148337532,81.4105844362415,3,1,12,0
29,81.36668919363815,95.2428582718352,74.33030955124076,0,5,13,1
49,53.344099241553344,7.63053924208366,47.94121093592784,3,21,6,0
29,10.932206122522793,18.249219048192245,34.63525087265253,1,12,7,0
53,41.474965845894744,59.18158048911856,86.31057249929901,2,19,11,1
44,47.22189097879238,75.09430967634312,58.934614098196825,2,24,8,0
57,18.453638273728636,56.09965288357612,82.2592203565804,1,6,13,0
16,14.737151272975217,38.731079635663995,51.33660240924297,4,2,2,0
56,55.86917021741064,97.90773133853192,76.62596193114953,2,2,10,1
44,13.088645472827803,71.86600508762035,87.43540057381101,2,20,7,0
47,33.77979094955798,83.98212990137252,42.18205251464995,4,13,14,0
57,75.73671271649222,8.823453047879385,6.2891091408815125,0,14,2,0
10,96.62105705895816,27.41241049497145,29.218023771986356,4,6,0,0
30,73.19770515243322,40.54625389120011,91.91692890301884,3,12,12,1
25,99.29942710302268,22.347132817816416,70.31651475246764,2,13,12,1
39,71.34210727154326,11.925430907368984,75.03577806150933,2,24,3,1
20,32.91047471216111,26.383708136494626,35.90241835521503,2,8,6,0
5,68.84499134800939,55.69538496751905,71.62093354412454,0,14,8,0
1,71.70489269370586,71.095798593887,66.39680381389539,2,18,9,0
30,40.31406353856376,78.5319876816827,21.94549803031775,1,4,6,0
49,6.682815807891957,9.07893471243312,97.02562385591123,2,6,9,0
3,71.80397955367125,45.65868636019616,38.6324313680353,1,22,10,0
45,7.061509051176454,16.610100440609894,36.28226251480401,2,6,13,0
14,64.96286741570675,45.964036712243825,40.07034670186881,0,15,13,0
56,20.543566430542732,46.22770566642803,13.713363455473086,2,24,13,0
30,58.732335136064115,52.33011023766315,64.37153412385551,3,24,4,0
50,52.871737411157,89.81890949500774,27.669303155907695,2,13,12,1
4,6.283796019087344,81.4840727492885,81.31471185649718,4,7,14,0
18,39.47225261453483,65.48848028795722,42.444837112724855,1,13,0,0
37,62.10366090264876,89.11369567868542,48.56305581761194,4,21,0,1
25,85.61762243038407,69.45451856793922,66.4100951409781,2,6,11,1
48,89.42100081446914,82.79122127249214,77.37775772560522,1,6,8,1
1,50.96574715315621,58.55893859349203,26.955953960570618,1,14,3,0
53,74.20013629344662,54.89573390493556,96.79796132322387,2,3,2,1
46,35.063184770678475,73.78923806337654,64.12054686683472,1,11,10,1
15,37.507708547072454,6.870484637696352,5.5356692325368195,2,13,4,0
9,23.47403432231981,70.58586930498522,44.48410994273736,1,3,6,0
15,58.385070449357734,93.77923074841463,46.49769295992165,2,12,6,0
49,34.8835943380997,72.82449758354164,81.87067271756771,1,23,14,1
57,13.015235161657978,8.495403808235757,33.98827854144787,2,22,4,0
24,70.07557823300198,40.899135873408774,36.46651904802153,3,21,7,0
4,72.23655472251282,81.91022371577218,11.696938820993951,3,22,4,0
12,39.19927978401049,96.0678122542199,31.936872329952404,1,22,9,0
59,12.288722948322166,40.16551878545584,73.11136164115575,1,20,3,0
58,45.49828315332546,84.91343530830628,65.30190735818286,4,5,13,0
37,47.02186851477047,87.06193815364374,12.732438360749937,5,13,5,0
37,68.52373406529983,16.71220793597475,15.895919750904383,0,23,2,0
43,34.96455716957493,85.3499043382753,40.80796657288526,0,11,3,0
6,69.84693157922402,35.80374008566843,75.65698740339593,2,17,7,0
39,87.79141146695189,61.35758354871464,84.12723642221985,0,10,9,1
56,27.561174024408984,56.201401338859995,6.389284085951654,1,12,9,0
46,97.99735783139047,67.99011705493146,36.25600484420306,2,6,2,0
24,41.70497302799666,75.34414183974937,45.30487704471462,4,5,10,0
11,30.389575088970865,46.883704273765105,91.55761702509338,4,22,12,0
13,45.0435623384776,89.38952810416758,52.63362298239707,1,1,9,0
34,13.96776021086662,81.90235004834832,30.621572698339957,0,20,12,0
25,16.942061118650987,79.61500380154668,42.05447119056526,1,24,2,0
7,44.371234461991484,48.53344998375772,46.461271942000984,0,20,5,0
52,77.43222958421451,8.569424155237964,68.64960798528145,2,15,7,0
4,90.52966275957664,51.76435860599972,8.903339381905395,3,16,9,1
59,68.15770911804573,90.35232574369738,41.99790798731328,2,10,1,1
8,14.995857747626124,23.092764782714298,66.42269050687288,4,24,0,0
20,68.84187740715083,98.34628484100584,31.915619959617757,0,8,9,1
29,65.36565246678234,81.73060890125129,61.21634563309464,4,2,12,1
54,81.54757223786648,72.43383026679615,38.94149835988419,1,22,0,0
53,83.39862333195718,69.33019600262047,77.07848241314367,1,7,6,1
51,87.479292199003,60.76745878370745,10.756781163936878,2,23,1,0
45,44.34249388501434,73.46368070866754,92.20638816662886,3,1,8,1
46,71.2971175584537,45.081027840835446,21.303192055152685,3,20,9,0
10,30.48378409761952,85.30237026191232,20.06197324118817,0,23,3,0
43,99.93694659843293,71.15286582905168,84.86107975345519,2,6,13,1
34,21.656752930801694,78.26904567605716,87.58187768726943,3,13,6,1
57,5.960871007779402,80.28630510576807,13.832464777351028,1,12,4,0
26,19.13682787922672,13.74665434234574,91.32829816141648,1,19,4,0
41,78.70786750669204,10.285873405335105,30.963297339252744,2,17,6,0
49,47.44444926828009,81.09365750604991,63.76906011376527,0,5,8,0
58,47.51252354199069,29.641481998633388,11.516381588750097,1,24,3,0
3,95.72717736310852,60.28713171362236,41.16280460717909,1,15,8,1
56,92.36531626266704,47.152531245803694,47.81883786493109,2,14,8,1
6,34.563500091380874,7.093724348425252,61.9835240888495,3,3,10,0
5,24.860522234182284,8.826719525795792,54.90083728437424,5,5,7,0
5,85.60580994370527,83.57689801648559,48.841831341701294,4,14,0,1
54,91.0718117492145,62.72936834142877,96.16582011773085,1,8,9,1
47,56.451707665856254,54.76509248000026,22.57716381383712,0,11,10,0
23,64.79525255612455,94.71344792981628,20.009451911433477,3,15,10,0
49,29.40685704576787,21.445927463240263,72.7748107855638,0,13,14,0
9,81.07625535795984,29.50722976758586,12.082429062672052,3,5,8,0
35,65.05163070265719,76.89021243238459,50.87468831945629,0,13,2,0
20,52.833783573309674,78.6473466560033,50.98504631945968,2,3,7,0
58,10.710312827447604,43.465233661720625,34.45240644111368,3,13,4,0
49,92.0138214385596,95.3429512911572,93.39215545961878,2,11,5,1
59,63.46788493651857,94.1341848829412,31.841626334121084,3,9,2,1
42,23.305653995831957,6.178922930715156,32.40198546263342,2,4,10,0
35,62.60668111339002,21.37115072236888,27.25849660125351,0,17,6,0
50,69.35901865279747,82.92084695996778,18.84986334595349,1,15,1,0
18,54.94818198490642,36.84558505847079,39.58105025810301,2,18,12,0
17,73.21966510582213,14.068954476483697,69.68428970004086,1,16,2,0
24,60.238125053219306,79.57492157024043,75.50547196322181,0,24,1,0
3,95.03811029305407,48.1854330296449,82.2747970609147,0,2,12,1
32,10.10122246693415,51.77902473796033,23.766669410498064,0,6,10,0
35,15.093342304608248,22.70509193753627,8.385105382774327,3,12,8,0
38,21.498805510662287,67.78503012419814,97.59515655639724,3,5,10,0
13,70.56625170741155,57.36792522164867,6.361589332210711,4,24,13,0
56,66.33160791123183,24.6339290899622,96.26448960601556,2,17,12,1
47,89.74559171992094,37.33149330172464,83.73736977762098,3,19,13,1
25,74.62335802397034,61.703532296936345,91.64710229738796,0,12,2,1
9,53.29377131863627,92.86286426617396,41.782642698058865,2,5,7,0
4,99.22402028404488,92.4357532805417,23.734189890848164,3,24,5,0
14,30.28025583608342,32.35106091776088,62.61405009167867,0,7,12,0
37,84.15320767961812,74.88399288718907,75.41886121806625,3,2,0,1
34,45.54508535842234,78.6743126497619,17.431801300842753,5,12,10,0
11,66.62983819319474,81.83819449836551,80.77404389503073,4,23,12,1
41,74.09050469298123,59.22241705139061,24.816365401193003,2,5,14,0
56,65.20663828308196,5.998259819460841,51.7093428263037,3,22,5,0
3,18.34819379531636,77.35924711739361,86.36583273842453,0,8,7,0
59,47.080346021053614,15.126757733788256,23.37532854905579,1,5,9,0
28,58.33664590364681,16.102781690938173,27.979041558364816,1,16,13,0
29,85.65915712196669,62.53435625138451,10.963259867423194,1,9,2,0
9,47.14634613586437,98.43444949740363,18.928340619397392,3,1,13,0
3,92.28099395640388,28.041249960250983,18.919952879230024,1,5,6,0
25,46.83555118739501,66.35203360486472,24.325612704643063,3,1,13,0
34,57.13408662998611,33.847096345072096,32.18903772117347,1,17,5,0
12,80.6471398795661,90.37898079300032,82.42341962546138,1,1,0,1
42,60.39143002010364,61.38410475081709,91.99756709720616,1,15,1,0
9,96.22071687636834,24.710346127364733,43.59665787675028,0,5,13,0
15,67.73190389884212,29.90244979231569,17.17985043888953,1,9,10,0
40,54.6573981364221,46.08566938972149,26.261942884075413,2,18,4,0
25,7.241236939175607,16.594138392832207,74.93956780124643,3,6,6,0
5,44.30462527013133,12.479669985030757,69.35542432522452,3,21,3,0
11,33.42859982971524,69.60583259605583,96.8846936525406,5,12,5,0
59,76.07003844931148,43.68068089846643,6.376424656532907,1,14,1,0
34,24.78637913958685,73.99145022767632,76.32208222682391,3,7,4,0
24,24.49590829293682,15.455529041574042,53.050392043033256,0,7,9,0
15,23.004309107550796,62.93722705060409,90.75583290263364,0,19,14,0
38,16.933483249842414,47.11414537012534,59.73583404205236,5,6,2,0
8,34.5456653487343,10.509872173417714,47.43343382383447,4,3,0,0
59,89.16260087212538,56.756187936217806,68.2558079018345,1,16,5,1
5,78.61820486906572,12.866406097881848,84.18472700719477,1,16,8,0
48,74.84886554914537,83.63337604014576,31.837362266420936,2,18,13,1
26,80.74699653674645,65.03595921205275,15.215069159504504,1,5,13,0
18,30.59469948630931,57.9119157072426,46.13672124033545,2,20,9,0
6,89.30696062148634,17.679555424617607,25.379387917114215,4,4,7,0
37,18.043820638452416,32.30842578288788,45.80641166254486,0,16,3,0
48,36.952844037980284,51.82321022785344,99.14957641590026,2,4,7,1
13,60.74107130189758,65.16193379577037,59.54159890853208,2,24,10,0
28,14.77598339249006,22.40691828050478,70.89202117044066,2,13,4,0
5,74.36236783876036,5.842296422694223,69.40320013383476,2,14,2,0
13,41.788374579330124,37.75221779058308,82.96657944717603,8,17,3,0
17,79.51853823279801,50.87278818284314,94.69221690646106,1,3,6,1
50,51.82514713053726,22.52118303169629,67.58771932976508,4,3,14,0
40,22.183079820406952,51.75572305624455,50.228991251554774,1,17,4,0
45,74.80237207875771,37.156156564080526,35.193939909701584,5,13,3,0
32,28.95367580469964,48.23351828010874,39.22605851176737,1,21,2,0
29,51.626978620464065,38.008486304966425,36.77565777178538,3,20,2,0
51,12.175660569906222,64.70444572974601,35.824221671019544,1,10,9,0
58,63.697332169143486,9.07521604438931,70.98937541629896,1,24,5,0
3,68.25648779054633,21.23600254470599,60.83235784542709,2,12,7,0
56,40.97404994741443,46.11133256554496,24.189529267183993,1,9,14,0
40,95.67016413050202,38.848187977426385,97.1144718207886,3,21,3,1
34,88.0460475407965,42.20503581561262,45.633923958660326,1,1,0,0
40,72.2543869952995,81.35726601364557,58.77820810146745,3,4,3,1
27,72.79694707690555,89.20150753349974,71.74709184502746,1,19,11,1
13,28.978162919504367,28.623534432269153,63.29935078430507,1,6,14,0
45,67.39744695340265,84.45715072719902,34.54991806408208,3,15,4,0
33,23.829595197374367,48.58503720258399,80.78212448130078,1,18,7,0
6,18.680306272383103,31.01295883219098,15.464595760064553,1,5,13,0
24,99.94944994924512,98.61832674544443,59.05460429684879,5,8,12,1
19,64.12571348995155,83.35617018624589,30.965136186339564,1,11,6,0
16,45.9438479024331,99.45406531322092,63.49742492893674,1,5,1,0
40,32.375629673975375,20.97812452068419,25.70938070301513,2,21,8,0
28,62.372442147911606,18.665054025046572,78.35896724488713,5,8,14,1
33,9.711383280908182,52.82090552970273,26.6159514702541,3,11,2,0
59,13.99469409795553,65.67115720328262,89.58725282184909,5,21,8,0
59,8.121386285337653,21.250708790668405,86.84771594367196,2,20,0,0
48,52.421134159952864,86.74091346841155,39.427377941312066,4,10,8,0
41,62.05762977278234,55.54128047301952,41.65292744303245,1,9,6,0
13,10.93557732899298,44.03947415596151,71.6428284803116,2,2,1,0
43,73.51632441239707,62.19509892806929,13.585486107385972,3,17,9,0
45,26.887531793883618,65.32060273236748,12.687344156689536,1,4,6,0
25,70.09413810813727,9.064411693460444,17.9507986992246,5,12,0,0
53,98.28022830334834,99.98980333697968,58.43515686773597,0,19,10,1
42,70.65505765511585,39.572359796425175,19.155218958953856,4,19,2,0
36,88.90334002774281,10.84655145644014,31.37364176843323,2,19,6,0
27,95.0788581405914,85.97070160367394,66.45658371631976,2,7,2,1
38,51.24134959346998,99.33677452516966,6.484258894487976,2,13,1,0
7,71.72087304487215,82.55405837552857,22.12247775557963,4,2,4,0
5,85.93707908780496,85.92883653668534,93.34341297319185,2,8,14,1
43,38.87784672306668,64.46383585084784,68.03987422382774,1,6,2,0
45,29.832745073237515,92.62092993098862,34.02735585120528,6,11,12,0
58,94.92686441394216,8.395162414109416,9.303825285811016,0,9,8,0
57,73.9988325350377,77.8387669806491,60.67463679918057,1,8,6,1
51,25.8698026707035,68.71747169173717,26.172299439781856,4,20,10,0
31,47.662922304230776,9.710572199780213,96.21666667824164,4,24,0,0
23,80.6629181060919,56.67749000276554,70.26129072375024,4,20,0,1
42,56.970984137252,53.93073284699761,97.54176920288008,5,15,5,1
10,66.74544932575947,70.69575138231279,85.64539525409884,5,21,14,1
32,76.60797919427998,12.365484102871392,50.88760444310136,3,11,3,0
43,64.09087293685316,81.50148460619914,68.60849902714364,1,15,0,0
53,56.3075355826086,18.243326991092943,82.15018357623352,1,23,8,0
30,76.21335701683847,44.7731382788779,59.9269557579492,3,22,13,1
39,74.11848836605907,88.72236071265543,10.841312591980824,0,5,1,0
31,64.83787801740199,58.25050252207216,49.69239981799495,3,16,0,0
18,39.17999427128331,41.06113680669976,17.404466424730792,3,2,2,0
36,43.5521487590258,9.579212994354494,72.9104436449662,3,15,14,0
2,97.19166214398923,68.86598413416355,69.6597469855722,3,5,14,1
14,15.676663567694954,98.72194270414448,99.32627824495076,1,15,9,0
13,30.507967139019357,91.62065788204636,64.73693117044023,1,23,11,1
29,51.778167124411894,73.14312736947565,81.01310452647445,1,11,11,1
12,84.48932018365966,15.002821534314778,30.487345834439093,4,6,0,0
39,20.549188054324148,27.74680887303745,37.302292853118075,2,6,12,0
2,31.310688721837938,22.750656848062267,92.11730397589454,2,5,3,0
32,11.250830690547703,38.768855824286305,76.74326466444577,1,1,3,0
13,72.06860027482776,27.37413664019587,67.25057160577558,2,20,5,0
46,27.62989637018353,28.221747367310854,29.132630795388824,1,7,11,0
27,41.924101313740294,63.58934386066354,71.36490322889068,2,16,2,0
49,47.151637467818446,35.27675231633143,89.24254627898537,1,17,12,1
41,89.67482388261328,69.33047326488494,26.92577721499236,1,15,14,0
17,44.0763775814675,95.04951761888717,72.08177505200321,3,20,8,0
40,18.79637689194866,65.65540207825771,42.40092557276333,2,22,5,0
31,54.80991914231149,76.40738433498527,16.2829042293589,4,10,13,0
34,96.48100949161982,76.4001394518696,77.5287642706998,1,8,6,1
24,62.73013589982705,36.41676489793454,20.877994972511956,1,23,5,0
45,98.4217859437544,6.421009486376372,29.02514598158528,1,9,8,0
35,84.90519434919266,10.229556484450372,79.37949388347576,0,23,1,1
48,8.416746840274216,31.79572383403305,75.50261463434057,1,19,10,0
6,67.54796156081898,70.5066024474718,29.14739127421753,1,10,13,0
19,32.24285336799895,91.1348981715878,94.39163836290489,4,20,7,1
30,58.16360128624876,96.0858349081209,25.452096382333192,2,3,4,1
7,31.53779313846652,7.455623064806978,99.39411042158308,0,11,1,0
10,38.14268957750259,99.05828833511326,75.10048783538674,0,11,12,1
41,92.70102761664704,35.63723574388591,42.28823060238325,3,8,6,1
32,24.631102564712,85.08084168233596,17.383174632935976,2,10,11,0
34,88.04036621245389,22.128068766194136,35.4484457401633,0,9,4,0
28,7.893491766697196,10.975334472651625,23.405158589179628,1,10,7,0
15,13.633271145116597,40.943765285955315,64.07476071693183,0,10,13,0
30,86.19412893150503,86.59791191041583,38.901239548105885,1,18,9,1
37,64.90282293637355,25.978367008392524,33.02568981816641,0,5,10,0
29,75.98743311375728,19.62594594642501,76.92765321324535,2,5,5,1
22,24.894678728076155,91.4314112502681,26.906946310767392,4,7,6,0
4,56.02292828105983,94.1420342490386,60.75448515542294,4,20,10,1
20,75.03582623927396,6.192078922946348,23.48662881823683,2,20,11,0
32,64.59484301597494,74.10639505447075,72.90586773464408,2,8,0,1
36,49.8113828546649,34.374734970286035,64.38654095649669,3,17,1,0
50,96.17945971158292,40.59691514688301,80.82458394181795,5,6,8,1
4,69.2349466780773,49.56478262039154,11.507222102454502,1,13,14,0
27,91.2363260229176,45.54514216657935,24.960017702977044,2,13,6,0
17,74.32819859949971,53.9225095733,19.67373425257924,1,13,6,0
12,74.8690352167799,60.32436299530155,23.10331782714498,3,16,3,0
22,12.601735626979536,49.2315729596028,14.786337518114818,1,2,12,0
17,39.14913907612464,71.64853634650416,58.39778063642692,0,5,12,0
10,86.54509363836755,73.2671579700035,61.37598366980268,0,10,3,0
54,27.097366904131817,46.834123755488534,85.13152678143098,1,10,2,0
1,15.973057284864288,18.53399906827531,44.68512676215745,3,11,9,0
22,35.98007538068538,65.86069752541165,55.57654774207253,1,20,3,0
26,25.941599064798325,78.43088767331734,99.17388564405556,0,24,11,1
56,92.90237850534974,65.62040451437522,55.52528291912202,3,9,9,1
59,87.45683099020246,60.86520275544749,59.48972833644153,2,13,5,0
18,52.469906876875896,26.7941391672876,99.61215441335148,1,13,10,0
50,10.827668075967464,66.28801887782953,99.4422912377284,3,2,2,0
14,72.88342287884984,36.811340384740134,45.28289233174226,0,5,9,0
47,64.22411447694513,92.35809196726208,65.31994881228162,2,5,7,1
29,97.2026937192071,67.10340881219817,50.67623824453906,0,12,0,1
12,58.10055782568581,31.427069287288756,73.46796790743403,1,20,5,0
36,36.95740372327639,49.92805638957336,94.1467195076722,4,8,12,1
59,54.3070608899628,85.42522120907921,34.417634295460964,2,6,1,0
35,98.03001268342904,36.86907536235151,82.79314119169942,0,18,10,1
52,71.1544310906379,54.916854164476206,67.2106486137181,4,8,13,1
12,68.83773310306985,69.56864745889465,31.617556121050644,1,21,0,0
7,27.864751023959112,76.68028718854046,80.7434675272894,3,23,11,0
29,75.64223916825868,21.519756631150763,45.577636823769296,1,20,3,0
11,76.27582379981831,58.68946894434246,16.437731670723018,6,2,11,1
33,35.142453458711,91.65899054713913,99.37455394120188,2,10,12,1
6,50.95281407711775,96.99417924342092,45.4364016323703,3,20,5,0
47,32.987316629343326,67.33377904313903,56.44749200073532,1,6,6,0
15,29.576981680807236,98.44777639519864,81.75636442255727,1,5,10,1
32,7.460126673701089,59.219848652733376,96.28323283639368,2,16,0,0
51,32.09511574206655,47.047477829188665,87.92434574622999,1,3,2,0
11,57.627145238436114,57.40080860008336,54.880054741148825,1,23,5,0
58,5.152112817157739,15.9926774550346,56.84112717564595,1,4,12,0
23,31.905812961918407,43.16301237011184,31.684258977917978,6,1,12,0
26,88.73398157070875,48.54848003790023,48.96627342511295,2,14,5,0
34,61.39661558519928,85.61964087849293,94.949693806639,1,14,9,1
46,62.74696828769314,77.07161631053249,74.05938967417235,2,24,5,0
34,43.31960897750355,62.13552559635607,6.128314120445627,0,19,6,0
29,69.26485363177905,37.99133731324565,16.068144273160392,2,6,10,0
4,23.04361279188412,22.76828564080242,92.76207064599625,2,12,6,0
17,82.78094698649821,38.03767698688965,85.62833624812335,1,18,11,1
35,16.085466393910483,69.58138674111753,51.1856242460977,1,9,9,0
13,67.32012869204539,29.988590913078145,63.61293668238957,3,20,14,0
41,37.40918595286989,45.554236092370765,32.516370986168866,1,23,7,0
39,76.0137322053353,41.74317231375979,80.31892144954028,3,13,10,1
15,57.2276323702719,77.73105606015072,62.31515745449679,3,19,1,0
55,47.97353865547804,88.95977091471372,71.00844201831194,1,13,9,0
29,21.095128198858465,71.44024089704281,40.6164346108548,3,19,13,0
29,65.49803910701351,37.45221478863824,45.891610618590654,2,19,0,0
11,97.60313512493924,46.15181965270929,24.72979788162339,3,21,9,0
52,83.43232536616642,18.618264635103536,95.06499157748284,0,10,13,1
32,10.700778295956122,20.969257537827936,94.92291693672458,2,6,14,0
2,40.74179094431315,20.607793915018924,82.68636848779089,3,3,12,0
47,92.93038587307582,17.40570396832447,93.87773632392246,4,16,6,1
14,52.78915601791704,22.060216708367367,68.20616499513598,1,9,11,0
20,67.90062345177702,24.255379244943978,27.291927583792106,1,17,0,0
22,91.6969378311821,15.625364660775126,77.21999960828666,1,23,1,1
11,88.01049558988866,65.82476857900157,35.90123987796173,6,9,0,0
27,52.672935676348544,99.08814578530895,46.845760483349345,2,5,13,0
3,46.576398752472194,88.52274074196433,31.06326556626012,3,19,11,0
17,37.270798755560776,9.33225876347819,45.24408218352062,1,15,11,0
44,73.30684710047466,45.19058687368886,69.53514973738602,0,10,0,1
56,32.26374594979661,86.63450502711338,15.508003323977828,1,4,2,0
28,28.739322610935513,17.79410770923966,14.99465825433656,3,24,3,0
29,38.84373998735911,85.52628893194405,69.95815114837349,1,12,4,0
21,21.83543040348524,61.306560594600434,79.06021084358771,2,14,4,0
47,71.0363825148479,93.47336249663064,57.38933504767468,4,15,1,1
16,63.542861686408166,88.22371585512039,22.25589633640922,2,19,10,0
37,50.87346074100514,69.31826059557817,45.921900594293895,1,5,2,0
59,42.080949029847694,67.49315268790608,77.02667462648137,5,12,13,1
20,91.36094157518949,25.250599227231273,70.14464464748748,1,3,7,1
6,7.766759573965002,16.091531880010812,15.437220392840157,1,15,1,0
19,78.06523563319342,44.46237584703584,97.06898219103329,5,15,3,1
57,90.68140931614442,22.72510375184685,26.21956868420197,1,12,6,1
5,47.40368504584296,14.7295881793871,25.9370029351432,0,15,8,0
3,57.31559668971144,33.72103966092488,48.68643853581831,0,6,2,0
59,94.7240503487936,86.7465445656816,36.088097255004605,0,17,2,0
1,25.16636395212387,6.6290746317443165,98.47866892121743,1,23,6,0
58,54.41281053954506,32.800579763606684,12.266528459142538,2,15,7,0
38,50.09850707718022,45.28495759537677,34.111723137711365,2,15,13,0
15,29.54730154768516,53.504126213452224,41.35860524059312,1,11,3,0
34,82.76635688544525,22.249863296383975,51.87860440358435,1,22,13,1
35,90.4620565025074,96.60091898461296,6.558610729060131,1,12,0,0
49,79.28359507987985,59.992939139358,12.824402521786652,1,22,4,0
25,23.559101280617796,54.60050197041919,29.491916059332095,1,19,10,0
24,13.241120372631247,5.83814594838241,57.63019776013164,1,1,13,0
12,62.51722610400752,51.14296104262067,77.93829916837987,1,16,14,1
18,10.424002248438974,84.57870979824249,70.21705813742018,1,11,3,0
15,68.918459413018,25.866231589868057,58.86736670864801,1,1,13,1
44,55.390300931088056,38.36471899670923,42.737119774127635,1,23,10,0
16,67.96464461064804,6.954289145331077,87.7159777143346,3,4,7,0
27,61.06622349672568,97.80811385221054,48.67839160953474,2,6,12,0
8,45.156744105081415,11.331920727163878,33.429016532848344,1,4,6,0
46,24.083332113321685,90.3310067714091,64.78683591094544,1,24,1,0
25,34.04170290199641,34.7338328471432,70.75092467569935,1,2,5,0
17,54.82755455080276,60.81785818865846,42.854673261591266,2,17,3,0
29,66.92746889652256,69.53497629677032,7.673611699361884,1,1,6,0
53,79.05088660403021,18.37877090595588,13.942492522487504,3,13,8,0
8,77.88121825266077,47.15714088913187,85.33189472989787,3,12,6,1
15,97.4054306098031,35.91927952343102,10.372052512604254,3,23,14,0
27,32.1549376230239,10.377234232519209,61.24186836900257,1,2,1,0
46,11.755517280276496,84.15339716735217,22.45239161769223,3,19,7,0
50,37.83740887647663,9.290936867260385,26.74799766819682,0,12,5,0
52,75.61297514628728,67.05950615096734,30.966726174937207,0,4,8,0
7,46.62060684816304,34.83735075988547,8.637681688716942,1,18,6,0
3,82.68990090599485,23.252286084177328,21.837351043327775,0,2,4,0
29,57.186004692671425,68.3731748768768,66.79749852882433,2,1,7,0
44,93.3302136498978,59.58108287998955,52.37812793976048,2,24,6,0
53,95.04702698991152,34.94934445060884,80.7462631451989,4,13,0,1
24,11.583928071781129,53.73127108462772,10.818000122391886,2,24,10,0
58,48.35927677268031,28.3925246145899,89.44533814390495,4,5,4,0
3,62.92046081870896,87.05116360525577,99.65786053044992,2,19,6,1
20,29.307891377160217,34.81278413108035,6.495297363634384,3,1,9,0
46,43.67229404100312,28.289537807395483,96.92580622629366,2,2,6,0
15,69.37974640618134,76.42420255066686,27.4069577322469,2,14,10,0
25,26.539751555344335,6.671286359421914,70.79159812957352,1,9,13,0
30,62.18822853257298,30.461114548177154,32.785927094967995,2,8,2,0
14,71.25754367560907,40.66254596186145,54.57222348101445,1,11,4,0
7,13.59714955410734,88.81260637018127,53.48975843443575,2,4,7,0
17,52.26528502260801,95.2919712420927,39.305020547661854,3,3,14,1
44,29.992602842798124,73.06540685682523,73.1669429873917,3,5,8,0
20,73.81670381981424,51.79051919591768,61.965465777014856,4,24,13,1
36,23.007773311009345,65.85904716048042,53.286315374601685,2,14,8,0
9,89.76260197612011,44.33009990972664,98.36973463223435,1,10,9,1
38,45.939426969241055,33.388454025623446,94.300885987796,1,6,4,0
48,23.810287879217583,95.3153664732647,95.76640535039785,2,10,1,0
57,46.612070653281286,15.96207175594276,88.72577618131236,3,11,7,0
22,43.830657466810145,37.90738896476036,29.23975718166608,3,20,6,0
54,45.74730115190248,90.41345119625636,38.24772294292719,2,8,3,0
53,60.62832288225746,73.6984359058046,26.95018885682325,3,4,4,0
53,54.511503866786065,7.764637875682776,98.6868042861704,1,21,11,0
2,19.22882750968575,7.194468975303477,19.50287762753166,5,18,9,0
24,11.23001190143045,54.06868394933459,39.81861677809603,2,20,11,0
8,74.29446762902136,51.00404034185206,23.909220348338863,3,14,11,0
11,58.17315641318978,47.08419617235023,26.228112157504057,4,3,10,0
13,39.105072967530056,33.72265737470585,28.473349056305096,1,12,10,0
17,81.79399313731702,98.73067838229572,65.76871417819564,0,15,9,1
8,41.86555505479091,30.83879568342124,12.22469016819514,5,24,1,0
21,80.61668351205772,51.55381961185338,59.39033799425948,2,8,8,1
18,34.04683211367559,43.4648441981913,82.8321924469898,2,14,13,0
30,11.920303266793976,21.173695466365498,77.81975877742093,1,23,11,0
18,93.60077091099326,24.248787816901466,19.36131133682092,1,6,14,0
46,42.48235728173045,92.23876049092844,91.89951480398648,3,14,5,0
47,80.3057944206909,86.53657367131574,78.15858623345353,1,4,8,1
31,31.51869265611893,23.909209052933477,5.503738538620376,0,20,7,0
38,66.40468565174731,88.18794927140378,75.05049518626068,0,6,0,0
32,87.96453295948419,24.87268235768004,75.05505946908987,3,16,12,1
11,8.95618212229813,64.52190056603122,52.19752765129855,1,17,8,0
45,83.91039764517848,12.721649715465912,9.36832952060536,1,2,8,0
25,59.27663547233322,88.63511449461623,60.0910641368232,2,18,3,1
33,62.70981662131408,9.892528449219364,77.74594220325937,2,13,0,0
38,54.70001007656835,57.719574478857986,30.733035255495057,4,20,3,0
41,88.07513481194603,79.07259489213658,68.37148073391981,2,16,5,0
8,9.12616893738556,16.099299959014715,38.622988529216286,3,21,3,0
11,29.79769719590557,43.42562541251791,59.51620912571196,1,13,8,0
22,88.19744119161976,8.98526439155476,41.533746196004344,2,14,3,0
51,76.47284174053581,69.86149484729613,33.857339271689014,2,18,9,0
24,6.676290216967555,34.207711521328434,86.31187516604422,2,8,7,0
41,54.11559690492232,58.14254824065465,76.61463462261078,3,5,1,0
17,55.30940466770411,93.60956568993436,37.817667727449155,2,24,11,0
12,43.08380283715149,34.05652025951002,46.29000595344485,3,9,6,0
57,33.252366545889025,9.61960980535138,70.71182469815787,2,15,7,0
46,69.7638607891725,69.18463793137653,82.05248415609837,0,9,13,0
32,24.740094146951613,79.74990777884591,70.01241996834769,1,20,5,0
15,80.90011339681207,95.99751318836972,56.38850016485065,4,10,9,1
16,81.28853027290982,19.991083317438253,95.6666540334708,1,18,12,1
54,44.44983656941795,42.25329288603423,78.54364387544855,7,14,5,0
22,31.937061036416527,85.19334370242011,15.981226737172422,3,18,7,0
28,31.968427251117756,81.65278236054355,58.02321438524182,2,16,2,0
20,50.81767577963996,64.35559219671694,43.90788093258689,2,5,1,0
33,73.36002635118908,30.59001179425592,80.5188854951254,1,10,8,1
10,39.09252564441658,31.98335261182387,9.242988216456038,4,20,7,0
40,62.954117818486395,16.780284489293543,44.01873914643067,1,6,9,0
32,41.33602375534646,92.57609900966142,35.23624995763116,3,9,4,1
50,33.92970296938142,21.42849389074731,18.41266853507324,2,23,12,0
33,7.361654012000446,59.42422711209111,40.98639095535934,0,16,4,0
2,5.371840044862111,60.51338461330072,68.91602642752551,0,11,5,0
33,26.584729394040423,40.112516913550536,39.35939907809,1,20,5,0
33,43.60859724609457,38.48925379551824,60.10062465847469,4,23,1,0
41,85.86981089939573,68.51589976303657,61.31712061423436,0,18,6,0
13,80.85600307839042,41.88828890511121,60.77555707051316,4,5,2,1
30,30.38069994585904,29.235962367110066,55.30552897469952,2,9,7,0
33,28.231342083508437,42.917511728002935,16.113882389826852,1,11,8,0
13,26.595596751652607,81.72789737822687,25.753313106355964,3,9,2,0
52,37.22754735024237,96.81545323746263,81.00637224384397,4,4,5,1
26,52.32887835836011,65.41527189311526,52.724721447657465,1,8,7,0
22,46.67343834299967,79.2996164209901,72.07725000444992,0,5,5,0
39,25.73595388424191,55.61836182469797,59.141362620212355,2,3,9,0
2,17.392883944643714,64.35819849887659,8.675574177522641,4,22,2,0
38,6.194892186188562,98.8682323899732,80.64030805670055,2,4,3,0
39,19.626507673317867,46.64979214668159,11.1107984802597,3,16,8,0
26,72.00885516844123,11.294196210648996,94.60153486006443,2,13,11,1
46,28.145664087830376,95.9156571928387,25.460807561982204,3,3,11,0
58,49.51717196154343,80.34086348583703,53.67858362871421,1,4,10,1
50,61.17360914770825,42.839484947039274,11.04086403424972,2,1,11,0
15,89.24988576900267,98.32753009416304,90.01857597325301,3,8,0,1
34,89.44123434737485,37.82589628311949,98.0943241836564,2,9,3,1
42,75.8447046997291,40.35141862076273,18.89778775851304,5,22,9,0
55,8.339914244607636,62.92447855304248,33.09972153688438,1,5,0,0
44,59.63168981311441,31.063001684758888,6.50807007041554,2,12,7,0
49,79.72542972899312,71.36429108741962,79.76172173690837,4,9,14,1
40,6.642364252519505,19.520778875298063,34.5891116047342,3,4,6,0
11,57.220038297374934,15.262405339024584,60.939559587473966,1,17,6,0
3,86.48759384967279,55.81341071859478,8.725757621601385,2,12,1,0
59,50.03969720501536,57.771899827468104,72.96872533410101,1,13,9,0
6,5.390089275257603,15.13223161482061,55.293376518889055,2,11,14,0
9,6.0462690418827085,96.59674480745934,73.87312336988934,4,23,5,0
6,44.5804235543063,59.46223247267296,80.00860974934157,3,17,7,0
9,19.725823404591683,19.34832428720798,13.4780722869892,5,15,7,0
39,68.12281242385966,34.58703981156841,59.91875147535639,3,9,14,0
31,72.33593016608462,81.02225032365045,66.74468321875408,5,4,4,1
32,21.898580568759716,54.70699514722553,54.08828162477453,5,12,7,0
41,89.41066240982606,22.874093111922782,22.328892835186615,1,3,12,0
50,46.98124527299796,14.770652345871452,80.58174198548501,0,20,1,0
12,18.570361221232755,45.92356916256106,99.75854123976184,1,17,13,0
8,77.60390181659257,37.05439732521125,97.08067398070966,2,22,3,1
8,80.04757750159342,67.31214848578747,78.86530867283697,4,7,9,1
50,65.73306990321846,92.89846376036073,44.72023366471005,2,7,1,0
28,86.07922755424255,28.534377148545083,37.0435472948021,3,21,4,0
20,75.05043234291378,86.2472236618703,11.51185091457902,3,12,10,1
47,88.8095450365641,92.44388795229403,44.54719885641059,0,21,2,1
59,46.21936460612055,90.69024694964064,19.824616784520902,2,22,5,0
7,76.02172716944703,95.44734634481637,29.1617977830727,2,10,6,0
11,99.9763985257592,85.00031910228115,89.72924345184835,0,8,5,1
20,73.86846376436382,61.38117051268367,97.0099349935658,2,9,10,1
16,15.847459122527557,43.935379377472984,95.11310504424723,1,14,1,0
4,54.24027863077238,51.710339673208274,23.368790155122134,1,6,1,0
6,60.79804016808765,87.8981566133706,90.58494978235566,1,19,14,1
58,21.550014131782145,33.632845854632336,18.44300358552519,1,22,3,0
22,96.47470524691356,20.129860962403967,53.22771974823424,2,15,13,0
26,21.680078875288547,18.37782572271054,66.14801989011548,1,20,6,0
3,21.868002372756163,83.56448794097504,48.93435294453978,1,20,7,0
41,91.94087810758272,77.34114020135928,95.4245563645968,0,7,4,1
42,49.194516146558755,52.27630739940244,36.65520869370248,0,22,13,0
14,11.00288653107904,31.112785668754547,55.10087799431603,1,24,9,0
11,61.82781249416022,69.37325167654808,12.167743870568042,4,8,0,0
18,62.17350312013954,8.651144256084631,85.96133510742492,4,3,13,0
54,11.127572075223371,58.98164248833283,44.26952261467474,3,11,8,0
12,97.38963708519788,42.85039103024905,71.55055098123975,4,4,14,1
23,56.68284670298468,97.896665212137,69.81333494969473,2,2,12,1
12,58.1805936070776,53.21822366549997,69.24497481925344,0,1,7,0
13,54.41096437772748,57.465436482775445,53.1591364819569,2,7,14,0
25,63.0195190662389,72.67445302706783,31.364285102044864,0,24,0,0
45,30.10847651350672,51.03115570693643,64.38398306333171,2,12,8,0
51,32.287928057609875,26.334018831291385,96.37019286206572,2,8,4,0
58,53.57721353063261,56.04139542210256,84.22517931489982,1,13,13,1
19,81.63515620254006,94.70554273461843,15.332981997608774,3,6,7,1
55,9.737134766946992,43.94154387600482,7.202803150722258,3,7,9,0
46,62.32340016092337,69.56589072496894,52.40227890269129,3,24,9,0
36,81.64392353809983,97.91324794414008,78.70378841289993,1,20,11,1
45,19.90714084353658,83.8426197334316,34.82074255088469,3,24,1,0
8,6.427141488153798,67.60824264291576,71.61763640090162,2,6,6,0
29,34.707763038438515,74.91966639139886,93.53252010268686,1,12,8,0
55,60.87365213931182,93.96590856162211,48.603528158793544,2,7,6,0
53,18.136901473451033,96.17644991803388,28.195167341909077,2,10,8,0
55,45.48162524238612,97.0519723805896,92.18699689762347,3,7,3,1
32,57.470542250556406,64.43595467923959,49.86507658035291,2,24,4,0
51,61.89389400194513,41.54760673719747,43.744734134135456,2,15,6,0
44,31.069113495035637,17.649547250848492,38.56934929638778,2,21,0,0
18,43.00281541869768,41.627060127338275,45.18661048168725,0,2,1,0
6,78.94222676141807,94.5807681998838,68.99749614732403,1,8,1,1
18,94.41539594146512,89.530722656277,46.20336458591463,1,17,14,1
19,86.87863145623444,54.74766789597347,35.801269413125915,0,16,14,0
22,58.60693266467603,56.015692226422786,75.64557822817336,2,13,14,0
37,43.97781627967492,34.3474332115221,24.282285567317636,1,18,9,0
32,36.63087836528473,48.17824955669573,24.18370384088437,5,21,8,0
56,16.870873777981714,72.87260692424253,71.16137597215089,2,4,2,0
41,15.122368485530732,43.230918936540235,87.33712036799996,3,12,8,0
59,70.39397436679748,22.858467847223213,27.915029752227294,3,11,0,0
3,29.680469536260237,56.38165998838239,23.156872622760808,2,2,10,0
28,29.192860211082447,26.40700658816116,68.67905872262146,1,20,2,0
10,99.82853017538964,97.557317821197,63.976239568449515,2,23,9,1
51,22.852965998010564,42.08229183113564,47.48897291936316,0,21,14,0
35,19.065677151438816,91.41817230286604,14.106760785591154,1,16,1,0
29,14.375096637192458,26.427629677344303,13.719615943277974,2,13,1,0
54,60.081507790845635,22.97485550404876,78.84746995921367,1,4,0,0
15,64.64706347019964,63.60560725877505,47.91806615259012,3,2,5,0
33,39.696652994403784,79.04101243881546,86.5068736679481,2,18,4,1
7,55.86426687358944,58.842633565975696,59.59969689619192,2,1,13,0
12,79.89795543976669,26.83058994249964,63.78012341567511,5,22,14,1
49,82.7198959905661,8.599964473979625,93.7484719813126,1,6,11,1
30,96.00164719298658,63.737438013145486,20.638509933746608,4,20,4,0
21,83.30545866267308,17.448536409727087,56.58730178321461,0,20,10,0
31,58.65993648815552,37.60175676807147,10.523166996773302,2,19,8,0
58,22.06741175450037,69.19955159876699,39.09787954880131,1,10,5,0
24,14.477537981770029,14.31222685537853,19.06935748111449,1,9,8,0
20,10.178629541531624,17.0888905794758,22.844416417034203,2,17,3,0
37,68.31995401961146,10.858289694203393,93.80549840575016,1,15,6,0
4,81.71594426280934,99.62751724614851,63.014840179463675,0,2,12,1
28,53.324975314987505,41.77229301715022,89.75502265303236,4,17,10,1
44,10.197846609195794,91.05054093479028,47.13441751712121,1,7,3,0
20,55.86970458617713,32.8906356503068,61.77611793302142,5,16,0,0
24,93.89617984483228,76.5542436883471,8.048978658328004,1,17,3,0
50,61.77325313858374,25.811328549675995,49.602712066061734,4,1,1,0
49,81.89561140396741,52.34084741658378,58.58538396765988,0,22,4,0
51,81.01450159721631,83.33849523309907,6.593882855226773,1,22,10,0
32,93.55226447916202,82.55176789503285,80.00147179824583,4,16,1,1
41,78.17173273673797,80.45666814945407,33.06518350627752,1,21,12,1
36,76.03154883124351,83.25476923866252,47.986272121273174,2,4,1,1
58,27.239753172210857,25.089866724058528,55.88487710395832,1,16,11,0
53,10.692889755502735,50.810545893236714,99.25872954720116,1,24,10,0
34,54.17194918011173,51.06279008673007,14.422493953047372,3,3,13,0
36,16.821249754941743,89.59773629805169,57.75155841132731,2,1,11,0
2,96.40860824640916,33.204723792945735,55.406443851025585,1,17,3,1
15,32.542852450137715,93.49210987195958,11.546421082302306,2,5,6,0
34,86.02969932150785,47.82559494907941,65.22414421853684,1,3,12,1
36,41.82433939423363,68.62976530185479,32.25117121991201,3,19,2,0
6,35.703453736450854,30.543895666536766,14.857956785638963,0,11,10,0
39,93.840064375779,43.97832014897419,21.970983437253008,0,15,11,0
42,39.51564434819128,72.43108854656833,83.24230715546231,2,2,6,1
51,42.07735132299796,53.71097847584589,14.89185243155242,1,22,10,0
51,15.078719063226371,93.41726111039172,49.35810188283085,0,7,8,0
58,68.69243320183838,75.02687176026036,23.55094651202602,2,18,14,1
54,32.43974437536378,58.61827792350699,20.420386898076146,1,1,2,0
12,60.632395944753185,89.23362688195978,24.54261714462189,1,8,3,0
3,61.1784118850549,68.22785693493071,51.81437877936393,0,16,0,0
45,73.32397108159786,66.49544497494107,27.589900005599272,1,15,6,0
18,75.79794118638192,28.40527664902459,14.189630283493234,1,4,0,0
40,53.87298126814625,42.51141172518004,81.13308257848101,1,13,12,1
21,36.44423502232328,69.91384699738204,56.28303330131014,0,12,11,0
15,84.55783500929972,89.72021259089999,19.90109697501436,3,9,2,0
33,34.43723669380605,34.97700999626694,49.785835620056154,5,13,13,0
35,53.213363974586485,25.471134084583547,11.494437487926438,1,11,8,0
26,43.118995404354166,61.4011179875063,60.14083704378206,1,12,11,0
8,86.23244666712037,11.383724319757746,37.32895786180825,1,4,4,0
36,46.032260458853735,72.88146163775049,14.835210314865591,1,3,9,0
48,41.67942293956101,71.79816161231068,22.44616573749776,4,5,9,0
30,70.53325082527556,38.72177294368473,37.84175696081902,1,6,10,0
23,62.23190543683706,89.80437706776566,81.60870815776306,1,4,1,0
42,15.188449182105376,52.70720844621712,21.50679114183322,1,1,8,0
44,53.276036602676506,66.34767031582899,15.41810104181584,3,23,5,0
14,74.87044689165853,24.909955784142095,54.014205614240005,4,5,8,0
14,99.24710263617884,44.6473318402,58.076211578125154,2,2,11,1
2,64.76894922718031,86.92966632562798,13.572925178404631,4,14,10,0
55,40.177841311925185,25.229257025072567,32.026025524693694,4,11,13,0
37,26.48440198120125,42.104565871284535,29.962583601854135,3,9,3,0
5,87.91887224456542,35.21727172067234,22.691052898805957,3,8,5,0
38,82.38369515078276,19.35546756215411,34.98562208406211,2,7,11,0
45,27.222667974041563,32.52320222211588,8.525308596138181,4,15,6,0
41,24.06004856392448,27.11336693964559,66.89722938058046,1,9,10,0
54,72.93799379706168,92.7413948938261,98.9062787782149,1,10,13,1
47,34.92044588228215,75.40248643156562,65.23444290957863,0,18,5,0
14,34.10788584438599,35.02965026936831,39.302262801659694,2,19,3,0
56,19.46757347142725,77.51721005805743,68.4514786088393,1,22,7,0
39,30.07767437243384,7.1032955382177825,59.29401249723975,0,2,5,0
25,45.61321797130171,55.01984752325829,85.44200340579773,1,22,1,0
20,74.61964204087947,28.781783554793947,64.07808329329004,1,14,12,0
2,36.949268969306225,15.860596821808846,65.23725368901863,1,21,11,0
39,36.217412250585056,88.95706019215642,26.058097885934373,0,10,5,0
6,32.066758992481404,23.937350754944397,44.48458766107135,3,5,0,0
17,50.43694841354909,83.12715382989683,37.71952572428933,3,5,14,1
59,22.160486304424953,44.256154361718266,6.085392803356343,2,2,8,0
25,51.13491973305192,6.357623153866532,34.76166929196083,0,22,14,0
57,71.89667783849553,74.59061878359739,51.17590181068027,4,13,9,1
28,7.830097883099107,61.65417703083995,61.9856201549577,2,7,11,0
2,5.929041129047377,37.69632890094284,93.78404993749324,1,21,6,0
35,12.136676464678375,31.74686372299502,27.715807139182555,2,15,7,0
37,55.88770586417065,12.0006689751913,19.480754155313043,2,21,11,0
5,86.17323290261332,94.43543150935086,87.59734045490103,2,15,10,1
1,5.464024271923934,51.92856404574814,94.47551193840252,1,6,3,0
40,93.9828239355447,13.124829169730262,51.35565361520302,0,7,7,0
12,15.0964585992009,87.52457318572469,15.945573318754938,1,4,11,0
56,84.9884351655315,31.48915141769259,51.111888431312266,0,4,0,0
36,50.87120267337994,24.34225799479221,15.397116074810532,2,1,10,0
45,67.63895179149017,31.68905664251078,88.90262997656296,1,11,3,0
23,53.51488352248233,58.634288567675576,72.27425993854375,2,5,5,0
47,50.31958139203869,12.035366027218467,27.908016682450377,0,2,9,0
31,84.31544569461718,50.76690636665426,89.23561586509474,2,5,6,1
11,76.80920605894255,90.0956272868097,65.60066425968533,5,5,11,1
10,50.92321246968539,22.87630160538177,95.5600169884825,3,20,2,0
3,15.605413292625853,36.46293335446317,98.14558565600196,3,13,9,0
54,15.963281134868772,42.63158667990701,5.311769977393219,0,12,9,0
14,81.14624876831216,60.690967595088296,16.42034985761685,4,10,1,0
16,55.29210902801568,92.3291534199996,56.95762142664939,1,13,8,0
10,50.75096832083945,42.48122478303042,95.8060230743927,1,9,0,0
29,69.65384992926793,11.569519864387544,99.45219537342108,0,5,9,0
10,86.58995042435473,38.05533183594428,58.903753853834395,1,6,13,0
12,64.74294871926399,23.058114196985255,21.511141449796877,4,17,0,0
30,77.4705507229155,66.91857548781482,20.489751900827084,3,5,9,0
41,77.7006997911109,7.779900370896557,77.56648702084314,2,11,1,1
1,38.84483763533111,32.73334725194197,61.23407947709829,0,6,4,0
5,31.037903585894593,56.79148318709889,57.13352039861248,0,9,0,0
20,81.11058638164008,31.346749574707655,49.24766771354905,0,12,12,0
8,40.83198521950313,57.344551917799144,73.88778952525975,1,4,5,0
43,90.816920619657,15.897670607782404,86.51514700560283,1,18,13,1
12,11.620616189361364,94.56652135901412,33.78101771358545,2,15,7,0
1,10.530663647157269,32.63614669633924,25.98718788170961,3,4,9,0
57,93.0653952096338,92.68507974203892,68.66892079991952,7,14,1,1
54,66.60321684723631,35.95436675289381,91.89958028522057,3,18,4,0
20,41.06193886259157,79.27481816143384,38.07495681368819,2,17,2,0
28,76.73073940753737,28.387798958819033,30.882580821854457,0,2,1,0
57,68.87104694939592,68.62804572701211,26.48088987238385,2,21,13,1
43,55.46409944786164,35.75304031316288,29.17663623117993,3,19,5,0
37,14.39296755295188,53.37011727491758,17.818667581229874,3,22,0,0
47,82.1570607928114,69.01234384754967,61.693931622793585,2,14,11,1
37,87.27220311465935,60.94383799428125,31.67847652281929,2,4,7,0
12,21.356025412501666,59.74665636195096,63.419714357500936,2,2,14,0
37,85.79860693782133,11.239679387473643,12.88807320369397,1,13,5,0
49,88.3954945465736,28.662299056301222,15.968395251198512,1,7,3,0
49,57.19571816740902,59.32473253637146,55.93348314070973,3,22,11,1
56,67.33700844115526,6.74013468549388,53.59543972522133,2,8,4,0
44,41.31254540137668,28.811204236018067,30.793443040099422,2,10,1,0
56,31.77020651338027,26.77259774596369,83.57743090395154,2,21,7,0
28,73.58839896040625,28.73633046527927,22.7694806624172,1,3,5,0
47,86.87813915650177,55.882902458832106,39.262806797402675,2,4,5,0
15,67.13736753079601,60.28623363182328,57.77361207687821,1,21,2,0
6,53.60110801142218,91.35480946541706,87.38505473895964,2,21,0,1
44,20.097852850196297,41.672949657490825,44.762342640843784,3,6,7,0
59,10.078577697457725,93.02499712859697,42.86709076688592,4,20,11,0
20,47.34072007344091,66.93566277349618,60.056055663020494,4,7,6,0
50,9.688208551255022,91.7027376105528,35.086064468975145,2,7,11,0
14,59.08679003118638,84.1798496596046,72.371459050161,1,22,0,0
2,41.35927317518827,70.32033212373031,28.62611436336545,4,17,11,0
9,76.9329663697871,38.83006045430115,83.20361970932015,0,6,12,1
37,34.03660719943743,27.905492530095756,30.87357424767881,1,19,7,0
20,61.33335659190605,26.12718637364306,99.30661041759866,3,18,9,0
26,56.07993456673454,95.45651455834673,35.06393506112605,3,12,1,0
29,5.44768042461291,96.06451509728902,88.48848317224379,2,19,10,0
1,11.876992835109483,73.85898048480935,42.74881564007544,3,11,7,0
55,32.58498018617195,88.96061848726535,28.37520999293838,2,17,4,0
35,88.81233269697269,92.30463549251076,26.485508793733747,2,3,7,0
6,18.966420715478964,53.59783866933466,85.76817177573844,1,15,10,0
37,72.53496139375146,64.76067060939135,34.33153369972329,3,5,11,0
53,97.4698237844673,44.781677302420384,37.16348585117596,3,4,5,1
59,80.10391750565974,44.75662260709999,23.714340304699352,2,1,14,0
5,28.079809360269177,8.650747271238389,96.3258482210406,0,21,1,0
33,91.29469973924276,46.213038746056526,28.250674356888855,1,3,6,0
49,13.845179868297055,68.98153209375242,28.507143803253143,1,10,10,0
51,49.4734844777199,45.08830578012426,94.67029957419612,3,13,14,0
14,89.3164812340093,87.87891930331087,90.58539122454238,1,7,10,1
12,65.92024237940262,36.59348047866673,28.646533902091463,3,14,12,0
42,44.29623364913139,17.6047944232807,87.14892910420899,1,13,14,0
20,32.81722234003104,82.09807561926064,28.733205243181104,2,24,5,0
53,40.63444350524325,69.02505224121624,13.024095661023072,1,21,3,0
50,53.34946919588219,27.97285082045527,82.93432809760338,4,24,8,1
24,35.309173337916704,55.96286932401213,78.2980249924522,0,22,12,0
59,97.05194689781848,43.17597216641028,32.99337656068979,1,22,12,1
43,93.64237704128378,94.1916787613875,13.563203586647886,4,5,3,1
34,87.71378948036048,62.69654863745976,24.611694025329037,1,11,0,0
25,45.07383437465207,20.046979812764203,78.25037423611421,3,22,12,0
50,70.67366808684675,52.70410300051359,96.65104241953054,1,14,2,1
29,90.76878416841664,86.94289908976582,29.605196820476696,0,1,10,1
57,85.79080132949817,68.79218365308385,82.73458609836767,4,24,7,1
39,44.36106633191973,85.03294722937234,26.65360244702967,2,5,2,0
31,15.676674685614769,28.78793481723583,69.56203722338294,3,24,13,0
56,12.1848845642822,89.39338081951648,12.943279557995002,1,3,13,0
47,59.821084296441754,76.78307652329634,60.6030858363147,2,22,6,0
43,66.0496538450385,74.24680676661748,30.573039663498225,2,1,10,0
50,85.7350474367173,37.92140162753482,92.9553651296974,1,17,0,1
23,32.78892693239795,89.32751605725018,32.526334434000596,1,20,14,0
44,20.909696602254037,65.60804085235557,42.85186601191913,0,12,13,0
38,41.00555415192895,85.92475030196624,84.86451555968519,4,13,3,0
20,38.58963674506613,39.29228831869582,46.63608534194546,2,6,3,0
23,17.5845506316962,18.836948651113868,27.64916392051725,1,3,8,0
45,68.86685198874945,36.57203212093062,57.01671048495823,2,11,11,0
52,53.325734369290714,48.25011300064234,84.79916358674828,2,11,10,0
16,73.5066618309028,55.67370063882178,46.15187314044198,0,21,0,0
50,38.50565641612479,53.52687549259606,17.624406474462425,0,10,10,0
42,35.94171009988172,56.87518628147362,41.3932567458791,3,11,11,0
55,49.89470603916629,84.96204769618001,95.6751376439482,0,16,14,0
8,88.35369781253897,21.15961838787614,11.84205393474836,1,20,12,0
50,8.826724139728132,35.02487304104273,43.80229138256188,2,10,8,0
21,81.45911764316484,89.41780659136789,66.56273542431572,4,12,9,0
1,40.05382320248687,58.243529433041374,12.45918399012317,5,19,7,0
55,86.18880744990538,60.42203768510935,37.77049196529147,4,9,14,1
8,81.20928583940636,50.415941738325465,94.354943624325,0,4,9,1
29,38.132318502628394,57.152590323683214,7.91039075958361,4,15,5,0
32,70.91827085555352,23.817574403209612,76.41547855306459,1,23,10,1
38,20.165111893476812,56.95235544472219,84.93062178291963,1,21,3,0
5,90.14674745555986,99.7314471515561,31.320768914686266,2,7,10,1
47,43.42665112293139,58.77451942779751,25.397865104382166,4,5,5,0
22,48.28443345874402,9.218234232572884,91.90798489068968,1,19,5,0
47,72.04710984851357,80.66138621331267,77.58016107066882,1,22,1,1
34,82.97982248696084,42.665165728721824,15.77116741266522,3,15,6,0
1,27.452560616179913,19.59923410764838,25.158739274058274,1,6,8,0
55,67.82826328831456,86.93938159153568,64.02873972429268,1,20,7,1
55,42.239814169469106,23.80745927582192,44.84460824520478,3,15,2,0
26,40.02677778037633,92.47290203656064,52.89656519160048,3,17,7,0
43,70.5524532743622,46.97066659204752,95.39653133471542,2,19,3,1
10,41.78241104481376,75.5651293012215,44.92236900323752,2,3,9,0
30,37.880307515618725,56.964605782159445,88.75978960235555,0,18,0,0
50,84.40939877199303,29.379546371946645,67.77074827275446,3,10,2,1
18,14.621231763945604,68.75356657711228,16.553848577787836,5,15,0,0
17,69.20979916887002,96.00169233456404,75.72816848153337,1,18,4,1
26,28.62891241010934,78.11551184518419,54.4198620258499,2,24,9,0
8,6.472332973488079,62.381709674641925,26.38423878723891,0,15,14,0
47,20.84260554290574,99.1096702852564,32.50718569281832,3,24,10,0
40,62.63284532870743,30.20603339755505,57.94658035132137,4,19,8,0
49,72.36708319116406,10.9224413513975,62.16173656385034,3,20,6,0
12,7.000489437850404,8.052432281013452,96.9767583828006,4,5,2,0
27,8.460417113663414,72.51534855808583,86.19841295900636,4,11,6,0
8,90.74150091008056,83.87207464974621,24.55473226455124,2,9,11,0
25,11.964052720803384,65.33455106103003,78.52924670387883,1,5,7,0
46,89.94730506857427,90.97752675710385,5.787721774406326,3,11,3,0
4,26.675761806336048,71.30772449729244,17.33180381068868,3,22,2,0
33,75.30169101503022,40.240691408856954,23.971539526296905,0,7,1,0
1,34.42465864987115,22.219537704838753,61.7339385026181,2,2,13,0
19,86.58144243287246,92.84151046311985,23.495075598517737,2,20,7,1
31,71.543212215314,14.84172924976055,39.70092949335418,2,22,2,0
16,43.17227856716104,56.58389835590852,28.064079303497554,2,20,6,0
14,12.248733146537557,34.830752900983605,37.054579316096515,3,21,10,0
53,74.60651746772668,30.78442571436889,94.53288724973626,3,19,10,1
48,63.60405181669225,66.35431093210515,99.75075349656586,3,18,10,1
5,5.27661319420993,26.967509052148444,70.14360009509038,3,16,1,0
41,5.894886317382306,92.0546851405276,59.36924778828968,1,1,4,0
26,81.83533245330592,43.57417136441679,72.3025453525469,4,3,4,1
28,29.642975186176116,69.3506579393195,78.3069590397963,1,9,8,0
2,65.43269843416624,74.13679314621554,75.20621064290387,0,17,7,0
50,48.15036987769851,69.87946098940638,12.779790179000456,4,8,7,0
6,87.0258513795679,90.82302288483724,34.47787483224353,1,21,9,1
9,92.1113057447364,26.95743204256982,37.62598127002622,1,16,1,0
33,99.69673270449114,13.175181745179612,40.079175044263415,3,12,14,0
41,19.59999290168845,10.269241240179689,37.70980897189649,2,4,1,0
25,86.98158441517016,88.39519429512735,79.77376825778113,2,5,11,1
48,30.27203078923617,97.4622697442223,76.02244344901594,1,7,9,0
13,61.12750811507323,33.7400214144477,5.43702877480192,0,24,6,0
9,53.04841921757504,70.88382273962208,33.15624473199831,1,18,14,0
53,6.708872499376827,5.846714496316146,64.24804653960592,2,22,14,0
13,93.613271591079,22.919993461018837,16.425234088935955,1,20,11,0
31,12.441070239175753,70.48106633385338,11.763837976125576,2,14,12,0
41,70.3807973437349,11.259278234947118,83.69782135235576,1,8,12,1
11,79.5756494397849,49.50845474238333,48.00500585634656,3,13,3,0
4,80.55234565953,67.94541011552515,86.29029995248108,0,4,14,1
34,17.871979298240255,77.76602627402414,83.23750908177372,2,12,2,0
38,47.51914529825735,48.112511803815195,89.87019960335564,1,3,12,0
46,83.79574269122809,64.87698375215258,9.586083538261471,0,5,2,0
4,33.754524985981696,56.259684808395825,22.682356280296535,2,4,6,0
38,49.43612416059304,9.969048347915503,33.13360061813495,2,15,0,0
19,30.91541980648535,75.56644528968542,17.941886844596713,2,5,3,0
6,49.03738469910579,21.374382009110622,51.11963297464285,2,9,5,0
34,89.34460264632361,8.021525467214927,80.90280455371057,0,14,14,1
18,48.2368019481131,47.860952047395365,95.36227203072193,4,16,8,1
13,57.811641622060435,87.23557079174348,89.50954277526428,1,3,11,1
41,43.37774691379294,19.32879657779772,48.44698460150179,1,15,0,0
23,48.711132404315926,6.221465741112624,65.46665463024046,3,18,0,0
19,6.441548909410061,15.448027397714627,26.916131727622023,2,18,1,0
45,31.95582344624332,39.547615861502635,43.28585499353239,1,14,6,0
11,46.47526356547332,60.11632764917386,87.7623465649003,2,7,6,0
1,65.21071271930924,23.33615272865979,7.773764591850674,2,20,14,0
24,47.75493340261976,81.1865804771442,55.612130901130065,2,6,13,1
54,37.09261911554859,76.56322645216278,87.91583830040702,1,16,4,0
7,41.86937985769493,71.10704357687642,16.590938015822243,1,22,3,0
25,28.01786627404432,51.30963178997668,98.3418891853566,0,19,12,0
21,92.82695686353502,39.69561073772861,6.177189078211073,2,9,14,0
15,54.56560645013688,40.68072899165702,89.18140108900062,3,20,9,1
1,6.2738981178516955,52.79170082079466,38.59889456752185,6,1,12,0
12,6.847394549856928,12.34489525385218,17.605605259387456,4,18,5,0
58,97.43135532044396,69.81901897237081,19.949026649180833,0,21,7,0
7,26.03783468045828,38.3932166808837,71.61197824365573,1,14,11,0
15,81.5327874373599,26.352083904175416,87.71836928231468,2,14,6,1
21,10.536153648254576,31.441071697370695,65.90130361164485,4,8,1,0
19,92.51045998598217,22.127957102190692,93.22887227927151,3,23,10,1
29,88.06961534833445,90.64896812513992,85.03548553040541,4,17,1,1
25,59.2538504312789,21.05856405444235,5.85802165936179,0,18,5,0
33,5.854872441909299,88.87798129501195,68.5958181208628,4,15,11,0
49,29.49203303221707,59.36312261700287,33.94029542785779,0,10,0,0
32,43.64815150285417,87.40784076194171,48.17750111343896,1,20,4,0
49,48.706091091018365,50.03610060602365,13.93292107275154,1,16,13,0
35,33.27948206342534,93.125203350702,31.79942037780679,1,7,0,0
44,8.130047483325347,25.091620642793263,65.10516690608821,2,17,6,0
38,61.0621035630215,57.69571652049108,25.746302374350783,2,5,2,0
26,54.79469343100181,16.95467559879857,66.51598348576334,3,18,8,0
11,31.885060365762385,47.485927094224614,92.68805622568388,2,14,4,0
35,8.60771691911262,59.140851181450024,5.469328975470937,0,18,0,0
8,99.48644778608433,62.53914610645134,79.64821837433654,2,18,9,1
46,50.788687748508565,39.72523570619152,65.92529361550288,1,15,3,0
14,76.82040296853732,12.251886005813018,9.430112459710264,2,11,7,0
10,47.96983332987687,67.255976781352,80.06587803829593,1,5,13,1
2,9.101177631979438,51.401026743061394,26.329498338027452,4,16,6,0
46,34.41207078312251,18.003492330539405,30.25295136864936,3,8,5,0
9,35.41046339556061,93.90821709357948,13.88398983459047,1,13,8,0
3,84.64352588465651,95.78852290742712,55.76608245760964,3,22,11,1
21,67.15184790998806,86.37759658398005,52.331255325481536,1,17,11,0
26,31.16584084574992,85.16748854917175,37.981578101947456,2,9,13,0
8,96.93529569261317,14.373771207465332,21.03161173784344,3,15,3,0
48,35.54647407779778,99.37491041034394,84.60558767741125,4,7,9,0
2,99.83223245372844,43.0361645870545,88.25595085642881,1,18,11,1
6,99.635550851175,20.496506007375785,56.35506301779885,6,14,13,1
28,23.16499918594047,82.14966418063601,28.201406691940925,1,8,0,0
53,34.71040603789802,26.444423003990497,14.130456241374976,0,2,13,0
29,51.174198856042146,54.98665546361119,87.51169591169845,0,18,11,1
26,68.08956375904964,17.161526194326452,14.12500836100766,0,4,9,0
25,55.164507655360936,50.09134371120941,6.252103586197874,4,24,5,0
12,97.0969395675644,58.02344187327952,49.59276984717068,2,23,3,1
5,73.77897060239069,47.36277619537755,74.47074708803676,4,2,0,1
34,25.14426069138257,11.601248351502036,48.46601542531886,3,10,9,0
48,14.98426727029564,51.06920790536252,9.88400766372093,2,6,2,0
37,70.39812261738889,49.549570126877505,70.55276577507317,3,11,10,1
15,20.052981817172483,29.853926342614013,66.02159895299583,6,20,0,0
44,79.82929983189665,92.55215196745648,69.74532445683272,2,10,4,1
36,34.54848338973201,44.69027160633433,25.0642366781597,1,17,7,0
15,36.054859990282615,87.09100063865658,80.59134886879392,1,24,11,0
43,6.025847277003637,15.41806381517698,50.52098011607267,2,8,13,0
48,71.59607037402887,35.293341999587234,55.95351700609182,1,6,12,0
23,15.76062654114515,21.751431107963803,56.853850917153665,2,16,1,0
6,78.42365485903422,43.79902484557829,32.246611521764095,3,10,11,0
46,51.72744308213465,15.605485281233468,28.76273991201902,4,23,13,0
50,79.50658242068407,46.898306555333946,5.452782395745958,3,19,5,0
44,60.47302122378542,38.61772062758245,42.67798249526303,2,4,5,0
59,12.831160841804122,26.214929491030492,51.08478347421122,4,2,4,0
43,77.73697198699239,66.00704413527993,75.56635583725337,5,20,6,1
45,11.630951065001224,95.33659137404403,11.3295612897085,0,2,0,0
21,50.47666345408656,24.675779987210753,92.77899417787758,1,12,9,0
23,21.37317534377151,72.62012979035279,30.076054483468944,1,4,3,0
43,76.47184190789908,75.52618447939058,39.83846556218354,2,16,10,0
55,91.60116664158204,52.32144906045693,9.594434231549872,4,2,5,1
16,57.641985519036055,90.27849287955388,67.04795902772172,2,16,13,1
47,55.07899295842215,96.8070562761598,72.34766575203736,3,15,3,0
53,77.5765036509337,39.413412945115695,93.23516564252772,2,14,5,1
15,5.482487232694085,66.84816331030282,36.998755314946735,2,11,1,0
25,92.18707105034026,67.91019870051066,29.450029338432177,4,15,10,1
36,23.757637623657512,43.34537499398793,73.97821783923271,1,24,8,0
11,98.49129396349254,35.09515207698835,72.14608440207815,0,6,3,0
51,74.9441250562439,93.70569883164228,94.02678549607177,0,24,12,1
15,78.55385903156375,80.04824718470415,24.505269302161977,4,16,4,0
4,67.33928313549262,15.874133767581691,72.00279915598084,2,1,14,0
21,49.80800236459023,16.388986800564265,11.352514832988652,0,11,6,0
13,59.30463086931072,92.64156304101851,50.63497014193577,2,14,7,0
22,9.408274171436938,12.73392767755782,16.342123840242294,1,2,0,0
19,64.27615339604135,70.40002789310076,67.04886886897484,1,24,6,1
34,64.47931968876944,26.54203345971911,62.13934236071015,4,16,9,0
14,89.6640757531719,8.342607560453773,9.63912869482422,5,4,8,0
4,53.03735395587084,10.665566877608567,35.363693145551835,1,14,1,0
48,12.328715538175796,40.4845998495584,42.52819506629151,3,16,10,0
53,34.088612445797715,12.370902910489644,28.56572560373162,0,15,1,0
52,67.28479415086017,61.680723993678136,8.673654181786963,0,2,10,0
46,27.729591961389072,66.48917858053719,35.288080130075585,2,13,3,0
27,31.650143076263088,40.47951433838965,80.29936563782871,2,17,11,0
29,82.94455655428108,75.57341719324332,39.21036341620604,1,20,0,0
47,60.51037451745736,51.554039416109845,35.72012674726356,2,10,8,1
28,53.310106018489385,45.871707823197795,94.46654810160054,1,15,11,1
35,35.252936846551414,43.66386843506188,8.954918277877624,3,17,4,0
8,74.43816341363816,45.95511629782605,77.89237858598838,3,8,2,1
16,32.33325127655279,96.94932674376976,50.89389183986325,1,2,5,0
42,75.02103417619665,69.73367070365158,94.72393821350136,2,24,6,1
36,11.65964062540699,34.9449354803045,42.37972069552222,0,1,3,0
30,87.13142745029795,74.71668766952871,72.26402201552457,2,23,13,1
18,52.45881402071362,36.375401890677026,11.64385961709891,1,23,14,0
2,46.65826158640215,16.94291623954424,93.2333804304687,2,5,13,1
49,63.04722409648283,50.15923395828666,37.731553345866296,4,3,12,0
13,64.29824692514569,76.34726661814933,54.78043469950722,6,22,13,1
4,17.543341804549577,40.877691534295515,18.155752832481877,1,11,1,0
26,76.84219103254026,87.57154349449758,94.82799776592287,1,16,11,1
25,31.213188305255976,41.76050688833718,68.93218837333988,4,21,4,0
30,90.97137861614183,38.23470742313952,10.12501029943066,2,9,14,0
11,82.69581302440909,99.83317181701032,19.74464402203192,0,4,11,0
7,37.89527394580111,50.834842184056214,42.98422977605172,3,9,13,0
31,81.73523285406787,81.49601492278308,25.59324617650582,3,14,6,1
44,38.8570974334909,81.47386532569264,33.939429104051406,2,10,9,0
10,14.59002975542386,93.00508702442204,99.76166028323676,3,22,9,0
39,96.37938267894224,13.065030172778847,67.57162622923124,1,16,2,0
13,66.9971914454668,30.76592626055002,92.61067221987294,3,9,1,0
31,48.32945503294621,77.93606869691122,46.40084561116126,5,3,1,0
7,42.78846839544877,58.44714177786367,72.47681702660394,2,1,14,1
56,35.84700675453508,58.16341952368072,48.67057775532242,2,22,10,0
49,98.23752156576728,20.790453677672875,36.18133157122729,3,20,11,0
42,17.800990187436202,31.70953634082333,54.32144891760035,1,11,14,0
42,34.90648059745399,54.52673814308977,45.594548969811235,3,20,11,0
56,51.122275826853034,31.33222964408901,98.1513616246659,1,20,10,1
36,50.40995678015958,24.97686530637793,52.13580849555808,2,1,3,0
20,49.77981601874513,13.336825298149632,82.05574762538558,3,5,3,0
4,21.699462503886274,19.79397113271783,68.34784948810561,4,9,13,0
54,18.768590075402553,78.04243743673743,50.564587535655136,1,3,4,0
7,29.202920701218908,73.28402215554797,50.04425688430193,1,12,2,0
54,91.87998461119533,9.354200013127604,37.47956112089358,3,18,10,0
1,15.740031944278462,24.311988107690546,15.16327172504533,2,2,13,0
44,76.95538482046585,58.24325793960804,77.3395862490451,1,10,0,1
56,76.96709734767028,35.64964520249345,92.2190053540512,1,7,12,1
45,81.92818837023992,83.2087122545554,25.705711192711178,2,22,14,0
42,89.22847145398877,79.57398422790396,92.93898192327376,0,18,14,1
47,29.988436866198377,89.7001530060204,27.068900715536422,1,16,3,0
59,26.33314958054515,58.478466992986014,55.35751468845864,2,13,0,0
13,49.223038320110575,38.44726558186436,37.64408963207809,0,1,12,0
55,30.183471031443432,62.576146137567186,15.87833466166453,4,7,11,0
22,74.75944895339521,13.467984575818493,10.019645620776997,2,11,7,0
54,65.41425979043619,5.910671685439423,39.707920553701605,2,6,14,0
21,88.1238303650019,6.623884411433759,9.497667132196796,0,21,4,0
22,12.8601388312718,43.71657910375053,14.899611566095874,0,5,1,0
28,91.9329166690171,26.66737143979101,18.5182699858085,1,10,11,1
9,32.86811953365851,19.947082051004532,5.18199208700491,1,3,4,0
26,51.61596286306348,63.455971483726195,19.558960505147077,1,15,4,0
9,46.66808641426615,99.5340290482522,59.84147463594559,1,12,0,0
15,77.22960685492026,21.886554343475954,82.85469659911396,5,5,4,1
10,44.93166439602504,56.91003530032419,23.375846143766633,4,14,7,0
24,94.6375488366939,16.37411382998991,12.682897365512527,0,12,9,0
58,90.74071885066468,93.7524619018532,74.30384885140785,3,22,1,1
57,87.85530943710312,32.71674101420558,5.775457588435523,2,11,7,0
42,11.76954160158165,88.44228290412094,74.74539969345622,2,23,12,0
8,86.15451584762425,31.8922617287858,17.456137407353722,4,23,7,1
24,79.255367317105,81.57498561773835,26.68708090134333,1,13,11,0
16,14.833729965582446,24.891226677348406,16.406641534362805,4,10,0,0
49,15.204360916441075,32.81499586457721,28.497124919882477,3,10,3,0
26,14.610562094166411,23.285159713345227,80.82671415387051,4,24,4,0
27,6.076596354426316,30.10468839571729,17.591689986882198,1,21,9,0
37,57.12025899348544,84.31224675666495,99.44573506788572,2,14,7,1
4,97.47245768642412,65.70808726693626,36.07428872929023,3,20,2,0
50,46.67504677548039,43.55856853953628,92.58697192329124,1,16,0,0
24,56.37196267929885,97.29449757280484,23.05314258437693,1,12,6,0
19,96.95713069314576,49.16184507730951,22.850264394718167,1,23,3,1
36,29.242311733551915,97.12719726959088,58.70688988909201,2,18,9,0
39,86.55467399683498,23.67575767653172,9.807008065944403,0,24,11,0
10,56.90709438511493,90.9406505759202,81.09527527538133,5,4,4,1
25,59.10026889298602,6.313109389261995,46.76344881346512,3,10,5,0
18,37.60151643469194,56.80380422474696,71.42366496852118,2,1,3,0
19,58.35051429185627,45.189977457741406,21.59005933212184,2,18,0,0
36,11.948538400436972,54.883345319838035,66.02394832468809,2,15,10,0
10,77.64113939834066,57.5772590350314,61.43671216341089,1,17,7,0
33,32.04533734670581,41.95797863643254,76.78781893220466,1,21,10,1
55,89.32279130192572,99.82879545417904,33.25312280184221,0,1,12,0
50,39.94581598770856,97.76818307855946,93.65072962229335,4,14,8,1
5,18.568290496253848,96.36581078693654,96.32360159259451,1,12,2,0
47,71.10874956500608,98.01307950077585,87.4717430660287,4,11,9,1
49,20.63492374778277,80.33617788309286,59.34320778525147,0,20,3,0
35,76.59964897658409,98.91609550750152,44.927385712828304,2,19,4,1
44,96.97066245858107,89.77422140113848,10.509279764145711,1,4,9,0
34,79.05752253554986,44.51360051808,94.986641138794,3,17,12,1
33,7.1326786009758445,79.55382529642374,95.41922765134484,3,18,8,0
55,61.989149865013594,91.64644528693444,6.775403223069966,1,4,4,0
21,71.0640137421238,72.69757699077378,38.90431693086841,3,1,6,0
17,83.4185409506471,45.16432235373237,88.60345498453488,1,6,2,1
22,10.320219349205017,11.2500729915604,12.680943138763736,1,7,0,0
48,50.6102436554672,81.92120902075582,23.6738057874697,2,1,5,0
37,55.86023290064746,95.51057294701468,97.97434509786112,2,6,12,1
15,21.066861951196913,39.434009721843005,85.49243715143311,3,3,9,0
35,35.63273192251172,19.43107484394926,91.64603193795756,2,23,0,0
28,46.821063994335695,36.017864749702795,18.504669772255134,4,16,5,0
7,84.15492035599114,60.34912402693339,25.07501610185027,0,2,7,0
32,93.29371877666966,35.108255311812435,62.51457551341616,2,2,13,1
11,64.70016874717892,63.00877936865362,52.66513099525642,0,11,8,0
10,42.5197926720389,96.8509620632399,33.357822101969646,1,20,7,0
9,29.132946690903665,68.71977686422984,88.96539847503841,2,11,12,0
14,98.30284252143429,39.45263979713406,90.63191847587944,2,8,4,1
13,98.38689981725403,93.8965322897958,32.70998096392806,2,19,6,0
57,92.8728100823283,58.73535052660867,19.79654835623428,2,24,5,0
25,79.63856923839282,17.195377860593833,19.163779973179786,5,23,8,0
2,35.94905665583373,52.403195493407345,51.02039356223421,2,21,3,0
35,82.61504593227491,67.09546226645475,17.62725706312853,3,15,7,0
7,43.83533664076139,84.63416475259015,49.9673210990464,1,20,11,0
21,36.04344432472929,93.9652947372265,48.883736921686456,2,14,10,0
18,75.76220905429656,35.154532703056596,88.99047025453743,1,18,8,1
3,12.567123123940174,19.773674587508495,33.139991781003516,1,20,6,0
42,9.61345871308786,12.013721008418829,58.26198357089286,4,5,11,0
54,47.55560123221263,75.14368725728687,75.63248710698916,0,2,6,1
39,47.33568607810538,80.54003400796603,61.61190552974111,0,2,1,0
41,90.08619454106432,43.89044705817585,95.636445273113,3,2,8,1
49,16.984544147342596,42.61291368149475,62.216360647478155,2,2,11,0
11,16.711973107979215,95.65251800719004,90.67690695466062,4,9,14,0
39,19.007997045115612,92.0847258826311,28.28035697910558,1,12,4,0
24,7.824944822987248,27.160260682119105,58.27151341404645,2,21,9,0
46,11.814515092416295,79.17672653623168,56.61406302383217,2,22,2,0
19,67.68763734875871,64.15653764212931,98.99795046330792,2,20,3,1
4,46.00051126616337,19.651160216365792,24.428099772916735,3,18,12,0
26,77.5422913733613,38.89324947322323,18.394372844767855,0,3,9,0
38,99.29678326525772,21.859929424210836,63.10884737488994,2,19,1,0
42,67.60829470440513,33.03982368807467,26.250753616546017,1,16,2,0
32,9.793279208911756,63.45361169846841,65.71975783677753,3,11,5,0
39,14.933472151662444,40.65021974912677,97.38646340935732,1,24,14,1
45,88.69538805739724,42.43565438440643,94.91806956275848,1,24,13,1
46,55.11211473303484,56.26649279863303,26.95478734117981,1,15,12,0
36,83.3595301425953,13.28629318996366,21.23515308015415,4,22,11,0
40,86.37817194136798,75.18574253569442,58.270232280441846,0,11,0,1
37,93.12908144245432,43.162405674267305,60.74384238119926,1,10,1,0
33,95.23377452120477,50.63772337922042,67.91375678116178,2,24,3,0
36,57.70845066781409,97.55847424119,75.4416379687468,4,19,0,0
3,37.39691636432322,37.71485439023413,62.0909445138404,3,23,5,0
9,96.37716306305988,66.58079891752291,15.616535353367963,1,5,11,1
8,57.0036085701164,42.28791014310202,80.06500720409754,1,14,3,0
33,11.104008680688048,89.95685827494943,12.554132529839467,1,9,1,0
59,66.06377225568717,85.44184536452875,6.899305190633248,1,21,9,0
6,60.830051287526025,27.954305817426512,78.11752867812827,3,6,3,0
41,90.10032292499707,70.71584269803556,57.0939553213892,3,1,11,1
39,67.05278296999218,11.191339610234666,71.36618476571971,2,12,7,1
4,38.15998032384738,96.50261200533956,41.36099579972188,2,14,5,0
13,96.79144394205294,38.154060261344966,6.053786884826787,4,4,10,1
49,81.15385116829319,84.02506339555286,36.44645816744741,1,15,0,0
2,64.88967374622867,35.25097977734444,62.772847127698554,1,17,12,0
5,32.827894323296675,65.11322041370285,26.441791694660424,0,20,4,0
44,40.486328149858075,98.44112523851152,70.34141169512849,1,12,10,0
27,68.64714278918238,88.29123699750488,80.46809593973477,3,1,5,0
32,11.838177754015565,20.234761440966203,48.15536484472812,4,13,3,0
21,29.38465620677503,57.01140114919977,88.19352331657092,3,10,3,0
8,72.8205886726768,38.11051930089557,86.20757363406621,1,4,2,1
38,50.601758435238985,46.26219090658772,88.41550551522421,3,6,12,0
8,43.22738865737086,36.842397275783014,67.79851810239933,1,9,9,0
50,19.388474128039377,36.91612857857375,33.95495496899009,4,18,9,0
3,46.97565827538459,56.542558158778085,50.71887182529934,4,2,5,0
54,78.21573722222222,23.236580866699494,72.49851170545368,3,6,11,1
44,30.081220376829837,56.05256539716965,25.003547059944413,0,11,8,0
58,5.5128615074493545,31.501716533838582,75.19013337918,2,13,12,0
3,68.50796560934337,32.45337590297096,57.068418623838824,1,6,6,0
22,97.39952742109249,75.18106275838416,14.121656826938512,1,12,8,0
6,62.64852354091538,7.8113923381939,57.94220106501589,1,19,11,0
2,16.392576598077362,41.18984745401168,11.343733130185912,0,18,13,0
23,35.46964377274394,43.715766114596285,6.359192079429094,3,19,5,0
44,87.42595339842123,51.08546327322641,89.51462864119202,1,12,12,1
2,27.09396705439871,68.55604734930617,51.54203060242699,2,20,1,0
38,62.73111083227276,40.12024436002322,56.61251722883085,2,13,5,0
17,43.25376478412979,25.24802490911323,31.594088304875356,0,20,6,0
35,24.745153534866656,89.06291985189932,56.56074834846188,2,23,1,0
34,82.27365488864457,98.19866953471512,21.042525754224613,2,4,13,1
23,75.56897126424057,6.901395851428616,75.83635075152988,1,22,0,0
30,67.85115126613022,56.9143508450663,83.21817023836914,4,6,12,1
52,27.451976075531363,37.46172601537383,86.30819909232973,4,13,5,0
8,14.296415258062751,31.31400966178488,15.132008155653352,2,10,14,0
22,59.735136333466784,36.89210713264387,57.98666803275532,7,3,11,0
44,57.599394186246165,65.69338686048906,81.83134213518312,1,9,7,0
58,22.896575886812936,23.11802097183051,17.180566380176888,2,15,10,0
36,10.343435959941386,91.72176760750529,14.454628776537282,3,5,5,0
5,12.667303148428667,49.2808798692502,82.609489873652,2,22,7,0
13,99.31324371870971,35.929799149186195,80.68992369466615,3,22,5,1
29,79.44047000057395,77.7254764970219,47.62584801152945,5,9,5,1
31,92.5888102166914,6.5529331974383025,15.422561041706158,2,15,13,1
47,23.530198612454516,46.0260222451135,54.03169994511041,0,13,7,0
57,96.25401095072634,38.753842095116845,42.506304000443286,2,21,2,0
55,18.552163389950397,37.12994144902477,54.26200594918121,2,3,14,0
16,53.362773713814754,37.0217793986054,46.79004419243035,4,19,14,0
42,83.82109001962108,7.970780885990403,59.00886927213447,1,2,2,0
30,38.23131867860004,19.45105828583978,74.07732325876292,0,18,5,0
57,45.358710651805545,18.479090134679367,78.61169084683156,2,14,3,0
55,17.177585478414297,98.9179979578546,66.65330883259519,1,22,6,0
16,16.67757859990241,7.105746809608117,23.899358429407307,0,24,10,0
12,63.85898135397266,20.87199735343983,42.726687432486315,3,13,6,0
17,69.17557501890539,97.5465783225762,11.766282729893556,4,24,8,0
16,78.84658883780835,64.68437641195041,47.90900416714129,6,8,1,1
12,57.88479500476659,47.81337645763947,97.18224420886084,1,10,10,0
8,66.34713276482407,12.48228863940514,65.96441722114602,2,23,1,0
20,6.284140811473406,68.61781035512328,19.688188893032205,4,2,5,0
3,20.406219078032866,18.09128382972045,30.514877678666096,0,10,13,0
16,98.56690277160594,68.76268160512225,11.134496398741948,1,2,8,1
30,12.21938310000402,98.02176723400557,22.32931956443677,2,23,12,0
45,69.48488111472327,55.53740256861051,51.344956130388894,4,4,6,0
23,21.727850138013043,25.338042177752776,37.76135623572011,4,22,5,0
28,73.08826564792598,64.40195633356183,24.376420144332833,2,9,4,0
51,72.06908828138938,53.72832034017188,18.926849288471328,1,21,7,0
40,27.24891067986857,55.648325043011376,67.32675611283457,2,10,11,0
54,30.6152679258244,50.4201598813997,58.01972580292086,2,4,1,0
5,67.20321779219839,69.0053545531378,85.05082966041245,1,3,11,1
20,42.0581736841203,59.33480942866519,22.409024144136577,2,7,2,0
40,23.48205712149157,98.76453235816544,85.55861869318338,2,23,11,0
56,74.50956188481076,83.45702499902029,59.901561393186334,2,23,5,1
44,19.644014811951745,30.146345882545624,30.291203428072983,2,16,0,0
1,86.28614809376992,73.94686958097249,30.987548354008567,4,5,11,0
57,53.89360478492362,25.35853319154978,42.08613706366598,4,13,7,0
30,15.041557368533566,79.32290876773217,48.712085583345456,1,10,13,0
21,70.93687168544352,19.017975797847505,12.837983050003851,2,24,10,0
20,54.320488759581345,49.98761418698762,84.98992073830115,3,2,10,0
6,33.31546932050691,80.10758883907708,16.546401585798435,2,16,8,0
22,45.14124112126621,31.610706719123712,50.92868508783876,5,20,1,0
18,33.342085640812385,84.52631688750799,41.38198215313757,1,1,12,0
8,29.987454395564484,66.19431735822734,53.66727300963457,1,6,8,0
39,20.542799980152655,42.764621265185504,89.31083912147635,2,22,4,0
32,39.46287764806021,45.22458738409583,98.96339228633008,1,19,7,0
33,28.84378460002672,92.96919572238626,6.925780404862044,2,1,0,0
53,69.92627627012212,25.69014500117603,42.35774601389345,0,5,0,0
16,69.9682904105141,70.86944844159747,82.67300043713814,1,12,11,1
12,52.67482304278565,72.19294954544587,36.02727362488782,1,17,11,1
38,78.9047301096805,92.63272085244547,66.65843671225956,0,19,3,1
52,84.92727330557457,72.75060553194736,99.26462435781374,0,8,0,1
34,60.077813456255946,60.52440471554562,66.44327243751466,0,10,11,0
14,63.79884046252621,90.73964120654782,15.563180874210548,3,3,13,1
36,31.874161429704692,83.76754281659781,85.07853591062863,1,9,0,0
33,90.01257406702437,73.09376320925149,96.83245654279033,2,7,11,1
23,7.299574220140333,8.094946327256576,72.68830002339242,2,24,4,0
50,38.117234597070336,40.48443973283433,44.81146948509167,3,6,1,0
45,73.57104004723632,65.02951885917616,95.09801665781532,0,15,3,1
2,12.608503418760318,54.61379981389267,97.01434142967383,1,13,7,0
41,22.401105105687797,35.33524101729517,93.83609063241995,3,14,10,0
21,60.98214414697086,18.72027197342877,44.12280521945766,2,5,5,0
2,58.19939878903801,57.534675355447554,80.02222902704045,3,24,1,1
27,75.19818813244072,32.162169706910234,67.1470391082357,3,2,2,1
57,82.19820071337632,27.135046531854652,22.072133259130748,0,7,1,0
9,17.215059958608567,42.90103157021869,55.873915659329626,2,1,3,0
1,6.746194028647995,79.62168615535552,76.03064586722051,2,16,14,0
11,70.51565936759609,51.34608272479966,90.1116662167044,0,7,4,1
3,33.63222059780413,25.566759997373644,86.94684518862259,1,15,11,0
52,64.46847182220559,16.105798516604597,19.6925575176208,0,6,13,0
23,19.301735865911347,52.403790058606,51.36315841609503,1,20,14,0
26,49.558804433266474,80.46480785011228,50.43551979877457,1,19,8,0
4,52.920350876026504,67.01771224712434,90.3800208803026,0,9,6,0
18,60.58239255545553,27.054143613608716,5.1840443680023505,2,22,7,0
55,53.751151551403616,46.487125640501766,75.17778607455813,1,6,6,0
6,52.09062317172782,86.24688451768654,63.77094407189521,1,17,10,1
35,36.609744628466274,21.877311246019698,92.5492899517738,0,5,9,0
22,11.762122450218191,55.54765421487522,48.407148281515106,3,15,7,0
43,13.50441869570002,38.84199333227995,67.47886373817256,5,7,12,0
15,46.2089360686796,16.79707670880434,97.41096789004652,0,14,10,0
22,38.80034714299434,9.740872486535332,75.67085747701134,0,20,4,0
37,54.03280644407729,57.80778154135054,11.401477542327902,1,18,2,0
52,33.95962607934536,6.971143005335998,20.91568734240408,5,22,11,0
42,70.35145868825582,14.827381085828817,83.03785478117607,3,24,6,0
12,87.0757080909035,38.01860671036542,36.8055763924976,3,17,13,1
47,33.39200293475243,9.13441760879746,72.06222050683611,4,18,0,0
49,23.333480754207717,43.04229651292906,71.48325466766366,0,2,2,0
42,16.037154554138468,17.384677296804647,99.40154972187946,1,18,6,0
38,63.544133854227184,38.23794361651462,49.63790874545238,1,14,12,0
18,47.16631915835409,80.16017027355649,75.0940742480627,1,4,3,0
45,22.86149313364745,64.50461272528251,9.631523342179722,2,7,6,0
35,67.04798966272627,47.313102389813366,48.94614696584341,1,7,9,0
30,19.10590238550202,13.72416424624024,22.73474675762744,1,1,9,0
24,57.658567055555494,63.81921763489965,84.8542974127518,0,8,5,1
42,55.07909625440014,20.55241698835978,84.79129154152675,2,20,3,0
30,74.75164111267792,12.275702666853414,27.454619967041054,3,24,6,0
14,10.23541579436334,68.07962165866275,35.23708954606448,3,10,7,0
6,89.34792852587638,91.64569029299572,71.73538952373346,3,9,13,1
3,71.78421398394785,48.756376493199625,75.13526272416537,2,7,7,1
16,25.531969843132412,8.894611507770833,67.4750022008655,2,3,6,0
7,22.42350811792527,88.62828315476139,99.68599056498532,3,12,1,0
52,46.00772034365942,11.362507781739538,87.52490513858564,2,3,7,0
14,82.66870630673671,87.41375805665078,44.62059367148964,3,5,4,1
9,85.08024934821518,42.222840456178446,36.06278854647894,1,7,13,0
15,54.44332875324139,39.71248116919352,61.70072605962765,4,12,8,0
21,86.77703195524006,56.56575104836292,82.67545190418286,2,23,5,1
35,5.517152373210604,95.9230576572008,50.15763000497252,3,17,14,0
2,8.341589995501678,90.38035178316792,75.08079764900576,1,14,3,0
27,91.62305139549056,49.68135838895288,6.820203753074027,3,3,8,0
2,78.65653333916202,71.10320694726276,92.95481028831988,1,1,0,1
35,47.81707553378664,60.140778972624176,78.51429911396798,1,22,3,0
18,76.59296249040878,70.8788500110009,42.44805824259263,6,23,10,1
14,95.78574886372506,83.78610870589921,41.48117092433275,2,18,4,1
20,78.34850476872208,8.276913742516417,14.774246736108006,3,14,3,0
18,85.02527671274059,35.94718612315027,82.5346037688402,3,13,12,1
10,77.25762523205587,96.13626528221738,78.01980337943252,2,12,14,1
25,20.980053781186452,95.1869493098678,64.87372221588355,2,5,8,1
2,84.189540416345,6.065984547858939,14.63836485368328,1,3,0,0
25,23.53533790229995,24.136812342624793,29.922429735521725,2,14,2,0
54,89.79807616419396,99.40815402271446,48.59687496013874,5,7,8,1
33,48.571740317702215,51.818382210451155,30.267334657601467,2,7,11,0
36,69.3127914695477,59.42227037685099,46.22752269952584,1,17,6,0
31,52.23788054866113,20.80991762463299,26.465966360576967,3,6,4,0
14,13.929138294577193,89.96188283206031,38.212047861571584,1,15,10,0
1,32.61861922396319,26.970108466665724,66.96820394167962,2,19,5,0
46,98.45452612971556,23.016524851855973,89.77430267407104,3,15,3,1
16,96.26790140863264,26.671628315431175,41.5779147171184,2,7,4,0
54,35.44625527727699,92.36406175089584,70.73128196027196,0,5,7,0
46,99.64819640329644,71.77043718180067,17.80534320633943,1,15,4,1
52,85.32736357220546,78.01665747657613,56.37770789629734,3,20,9,1
3,63.04115244606419,40.81845402750401,92.5619014276788,4,13,1,0
35,8.811838924795902,91.37181641840333,7.653901423451424,1,7,7,0
41,90.63744880614604,79.99375547224203,30.417949364046812,5,13,11,1
6,57.95578153011037,76.30674943819551,17.586885699613706,1,13,2,0
25,87.5052343642631,97.2393269489304,55.6465405521594,1,13,4,1
13,84.27076639104553,39.78869892536813,69.5660340867759,5,23,12,1
53,84.13559044410317,63.04249644560871,10.489023245995387,1,8,11,0
34,71.32651676791598,91.44332140283554,11.677019960852371,2,5,10,1
8,32.68443817422462,80.13444960266548,87.61477331114601,4,4,5,1
21,36.935224485729385,58.52100103143343,48.34214911391329,1,17,0,0
34,34.3045751953552,12.24030005411889,48.98040196567155,2,20,13,0
4,6.904369955593646,67.00872675778896,94.7351375210211,0,14,2,0
25,60.34404637540706,55.02277790244595,35.41991297516852,2,11,0,0
15,71.38919869237311,22.49714384103951,90.21724646811508,3,10,14,1
4,86.11726938489434,88.81404671754676,97.55420073474504,1,1,6,1
45,18.315716171359384,37.60861651538061,27.96094877679088,2,7,12,0
12,56.697399152796166,41.81058988414321,53.83369067519158,3,6,1,0
32,5.7607733640093715,68.878147135659,55.76383452552455,0,7,9,0
32,14.0338965325193,51.43588049391789,87.28597062024606,0,24,6,0
28,10.15011569956934,13.481702246519191,33.871272956273046,3,15,11,0
13,73.92041323147126,41.8069536487473,80.8140321185744,1,6,14,1
31,12.7006585683723,13.974281204132147,97.24570217141112,2,18,13,0
14,73.06303324808505,23.121288296721215,84.83198201070843,2,2,2,0
20,28.714346919005425,5.681571643293115,91.36832692838816,1,9,2,0
18,88.38273126620925,22.224742741042903,72.2936717185821,2,6,0,1
29,82.24924889456234,36.39249862984428,90.8757972263315,1,22,6,1
6,95.99387066015127,56.130751204567986,20.6608103584711,3,17,11,0
32,88.95739146851304,92.33133506235956,72.67433442895447,5,24,7,1
29,93.666294816053,56.33105238799525,74.52834872229023,1,11,10,1
43,86.58052766876423,72.03233642961244,46.72218991744496,3,24,3,1
2,70.87128055841126,38.97932367404855,12.575154399001653,0,4,8,0
23,21.174619451916417,76.4049253888904,64.13215589477859,1,7,13,0
19,30.81221429113883,63.944530874890354,9.928676624195663,2,15,12,0
31,25.209061782375944,48.68043126111182,41.32823713487221,2,17,3,0
51,62.34064982752953,23.408035514666448,42.39867175269641,0,12,9,0
5,52.84389410749213,33.8363862597434,99.89763830401662,2,13,4,0
19,87.37259973005025,63.98987830069673,33.4811932042655,0,21,10,0
34,95.5039223174122,45.47535081463443,82.94312410275042,2,13,5,1
10,43.46168951372371,89.49172289115992,10.051310095743611,3,8,8,0
25,53.103302561677175,27.3098257958806,55.32776861165484,3,7,8,0
2,97.29405389639322,11.94190196406087,55.98570946282115,2,4,7,1
11,31.242699454198636,60.98811476802102,64.73123605347392,5,3,9,0
50,80.2771236590873,89.17482981805722,81.95049432204414,2,17,11,1
31,26.397790721848395,39.65020779677992,77.38272126369905,3,16,1,0
56,69.73871096540084,66.53257681247568,77.29577219157558,0,19,11,1
15,29.093484625663596,26.98419910682912,46.067923760807254,1,2,9,0
9,88.95467193898175,58.05483255890539,74.10979083432001,1,21,9,1
23,58.3404046549843,79.74524958195205,51.674993186166546,1,14,0,0
19,22.663695883066534,87.36800188378497,11.360361942775208,2,16,11,0
9,26.315071691356177,14.986317335977684,89.56726934811407,1,17,1,0
35,51.91567359226953,38.85557904785832,89.56551408318224,5,4,13,0
21,96.3521924296135,65.76622198390767,35.673482642238234,0,8,5,0
9,78.11600556894717,8.29867246889696,91.82074883168931,0,9,10,0
28,51.38941606845528,70.60844401432857,77.00848365798274,2,16,13,0
46,37.08331873341062,55.16321886636358,43.076116931892194,2,16,6,0
51,57.18050686810205,32.41379652590251,36.493031850399085,0,17,13,0
7,76.09427917571887,82.3921728064348,97.6385564416796,3,3,5,1
16,79.473215903016,32.55481766809864,72.69956149557454,2,22,0,1
16,35.837835819209744,99.18442938936133,40.98694570326401,0,21,0,0
33,73.51013048031834,82.55516796576734,65.98846935817649,3,17,0,0
4,67.48993410343768,72.25814763139333,59.294988908550046,5,18,0,1
4,96.11566773964792,10.828018006451371,54.83130215687627,1,18,9,0
39,93.4535775982614,90.909485338791,66.24668038712517,2,23,14,1
40,79.99103593233981,80.05525404506733,56.07450060713438,0,6,13,1
17,73.7224954412182,26.757382532721216,67.20508360020615,1,6,9,0
37,31.033951021906205,42.26357722605445,91.21901341124573,3,1,13,0
39,85.36669932936067,30.51999740381857,99.36017197380085,0,16,0,1
52,45.61304185276978,98.51952324720132,72.38225296806127,3,17,1,1
29,30.86285153807425,86.14866225652816,93.1429761662911,2,4,1,0
52,41.49527200557894,93.37140375603474,86.54897411888064,3,16,3,1
36,84.41387155156825,79.93355245566583,33.02855280822152,2,22,2,0
38,19.120155479899076,48.35308290167352,93.62625838908838,3,22,3,0
39,48.335080406383135,24.51625373239508,11.72685500499904,1,21,4,0
50,51.77397148030152,24.76761490642471,36.34257299913676,1,20,3,0
37,8.479821271887843,19.409870594834317,65.794768834956,0,2,2,0
52,23.595872807075708,56.931707278822714,55.05696736003849,2,23,2,0
35,83.54053071470636,92.39681967204604,56.52917731878944,0,12,3,0
7,83.92290191650225,99.2208166543478,80.51439133111856,2,16,5,1
27,32.77943296900356,32.29348100349266,23.496849817188263,3,6,6,0
28,88.115237286803,71.2448813281893,98.29717344690856,4,16,3,1
22,78.31937921149304,61.72431148298589,46.5585315932312,1,7,7,0
14,44.7012109605639,51.44893110324955,95.23511015653156,0,14,14,0
7,76.09860271847859,68.24802116214393,41.396007127199105,2,3,5,0
37,96.32678996350658,40.27948680310655,62.16973354090539,2,1,4,1
22,48.602123216208135,94.72605363387773,47.77958977569793,3,17,7,0
5,27.650582000580947,72.01764243210201,69.21384056593718,4,20,5,0
55,94.4725675047648,76.64910373928225,22.44434929149772,3,4,0,1
2,62.35570741350936,28.030099025577023,43.05971061984607,4,7,10,0
27,15.000190435640402,21.01529033227385,11.496206600205984,3,7,0,0
21,59.4048675063855,42.46237534396069,61.81963461405128,0,4,13,0
54,52.55518449758838,77.83388610693463,96.45476136596666,2,7,12,0
38,86.28094493717852,94.18561142652146,9.361118939951648,1,8,9,0
15,55.41604302753453,45.59633346753074,67.66485232764882,1,9,9,1
21,29.247081262706928,78.54489528723077,78.63430654557767,0,22,5,1
10,69.18618606716441,49.68872384934691,25.245300296874746,2,15,7,0
23,56.544667990880114,33.04668370776906,30.94205787001197,2,4,8,0
58,27.139239685352884,75.23018931895552,24.150203192803357,0,18,14,0
56,59.494646504576245,80.82920272822608,33.25420048424921,0,12,3,0
39,83.04587989952019,24.269875437664624,15.457843123370546,1,23,10,0
5,7.714237183780991,33.99110269430641,40.18304777211512,2,6,6,0
1,64.93084867128562,52.00380012999791,40.04827355486751,5,4,8,1
13,38.210593599517246,22.719573827853285,81.69040837751385,5,4,11,0
21,32.803787347145295,93.23925838161028,81.09103998206825,2,18,12,0
26,42.29583628430557,61.1767216932711,80.68871951438966,2,1,7,0
50,37.49215310355826,16.514311350310805,58.868411755798384,4,21,11,0
45,84.06271513730195,22.482837144833898,35.95866525230178,1,6,12,0
21,31.105792022950553,95.66375780586024,44.0416290580412,2,9,7,0
53,74.6495371951256,75.12601564117874,35.18563295239777,1,17,0,0
18,13.935682921715928,74.76848302797367,60.28315097316853,5,21,9,0
37,95.38265538601948,11.88736643048018,94.10801652479827,3,11,5,1
45,64.12008053861243,90.05338958234996,32.02719448529285,3,21,10,0
32,72.13826481923321,47.15485944306744,48.59092267638232,3,9,8,0
36,33.31373654897284,67.67314565079299,67.2361083632373,1,11,14,0
17,44.14917402727089,96.17047581583132,85.24601662058036,1,4,7,0
35,26.258946695742743,14.501176133872908,29.066722460891658,1,13,1,0
49,93.59092815121129,50.81626365122498,31.627545343137104,1,19,4,0
11,51.36992247463088,9.71320998288352,89.09072556431394,4,3,10,0
21,64.89257098750905,52.45681521575297,12.624521398651286,1,22,3,0
52,74.75584290041796,28.96464399631925,62.5175225668852,0,1,7,0
55,40.2550786544562,91.55122528101772,86.74326452911878,1,17,8,0
53,73.40965718121842,42.85678695594325,92.56556128339568,0,17,11,1
26,69.21928652685231,65.21788237494752,6.205289152122532,4,7,2,0
4,72.03763671802491,86.72729015738216,40.11826786194751,2,14,8,0
34,51.47684051943823,98.45072654963175,29.44015468149943,2,5,14,1
52,41.37905131770363,52.862840181211865,58.9630959335987,0,14,0,0
48,26.09780787985403,48.29698177183831,65.12191629729477,3,11,6,0
18,83.33950351608483,12.195266303163578,99.97857537252524,1,3,7,1
40,62.79325442050948,6.210199617035428,53.71243720539793,4,6,5,0
35,47.21345862926202,62.836198787357134,57.389353480040626,1,7,3,0
41,94.67961113750808,11.21911345402637,44.35978324153598,4,19,3,0
29,9.544687188168687,41.13599901865496,19.02933759466469,1,9,6,0
52,85.76633479447952,5.342611430113842,33.81584082665685,2,2,14,0
29,99.77034632986738,63.44661240173872,28.463567182548022,1,12,9,0
38,89.2595005338724,45.41444024184714,81.11587067809249,3,7,5,1
42,81.9914756334844,17.066973129697345,56.85256004746967,3,10,14,1
21,40.55906937360084,33.154922649878095,33.138394870457496,1,20,3,0
42,26.97484731491788,59.117766402332826,51.463825774882814,1,15,4,0
13,74.8107994474621,67.38776996094782,25.792163894064473,0,23,9,1
49,33.934659797414,48.92190856802745,22.587079304455703,3,24,3,0
41,21.723769804722213,81.37611602863986,86.69451253797916,1,19,0,0
17,79.71995927484117,15.68183911178364,94.7570311742832,4,6,3,0
56,34.69164696248861,13.03184364817874,12.60138774356385,1,20,5,0
9,91.87196430129714,9.20320555669179,77.66385718270995,4,13,14,1
41,84.8601012578169,55.903644747697015,48.06459596059256,1,20,10,1
1,85.52583130337923,72.0920119022735,41.95230592428407,5,12,1,1
2,78.29912397530349,17.399532945140322,70.494074407043,3,18,6,1
48,88.68373525859998,65.69983407626229,30.294100106764738,2,16,8,1
29,81.54595475692142,50.3100377880058,6.9552164969408015,1,11,11,0
33,62.23857953959922,98.79772751435594,25.330270542901424,1,11,14,1
10,33.103158265277,73.15999288030909,22.567882287371045,0,1,14,0
50,89.37987335534416,67.45996684320446,8.23469124758844,3,1,10,1
58,84.85734416345323,59.192724812872726,35.524964522500525,4,7,9,1
40,49.923535610001785,99.74978724722186,50.07926068384329,3,7,1,0
21,8.712475170185742,98.14362123118484,74.90372621980495,1,4,6,0
28,65.66165410318177,56.12093692197955,35.9378259217967,0,14,1,0
11,9.806701099275264,48.24241799675486,23.481325237485624,0,24,8,0
55,92.99659637559868,48.90091765666647,26.908878079092514,1,5,11,0
34,96.35496937940415,45.692527080719735,89.66182252036288,4,22,0,1
8,23.0015638604624,55.482839164650606,24.448438609650033,4,12,12,0
59,69.25699091521645,30.99050544236522,88.52786341406848,0,4,3,0
22,13.765555433462463,93.04493439587053,47.47440457134056,4,3,12,0
8,74.3041082144466,51.57185773888385,93.76804107311,1,18,11,1
49,37.99232828450408,84.99074212466788,43.76875294894637,1,24,14,1
15,69.6997606143923,50.1538490934239,21.87987871155265,1,5,1,0
17,40.4232683742069,73.23757602147307,57.15784327507708,3,6,0,0
23,18.828913434157396,37.003786625275104,60.83212727066143,0,14,14,0
24,43.580448147743,64.35665148465975,65.37148381096063,2,6,12,0
45,15.703985030305052,52.34528731783734,44.09218825460509,1,20,1,0
19,59.80391112280985,39.875854370692934,9.617127375477043,2,23,9,0
5,8.890395554200579,88.74784480146009,64.53839268020363,4,12,5,0
32,55.09536956198667,15.707609861146352,93.63786465536232,2,12,4,0
44,89.20502147407637,51.25769909031549,95.96806970804435,3,8,11,1
1,84.59796066133946,23.465061960282988,61.70410994679639,3,23,12,1
23,88.8642614645172,86.80023366567119,6.889266705671023,4,20,0,0
37,92.5946362020752,29.079587747988025,15.073655680637168,2,2,14,0
8,14.930149348190952,65.17588231062305,84.22909994809706,1,5,2,0
13,17.230984273192743,20.728533933108636,83.82572157706751,0,18,11,0
8,57.91564659974722,43.46679859972948,94.8714825004944,0,24,9,0
57,89.92740350032078,90.4389335866896,58.558570172347245,2,3,5,1
23,97.56319836978292,20.776122218184344,87.06254797450171,1,16,4,1
43,9.394882147299995,68.00360340809226,83.36425793977834,1,5,5,0
1,38.79853799906272,24.428485202815704,60.994976589674515,1,9,7,0
45,25.22495419269938,44.49615999055576,79.4455675698701,2,6,5,0
51,76.81675564846857,56.358604015586934,16.942501728684785,0,19,10,0
24,65.81841751101804,59.84410972802604,65.72426190361143,3,22,13,1
35,16.389362990965314,62.238577067549755,95.57784085203345,2,16,4,0
24,50.934596399672294,65.8124844621376,20.38596235174374,0,7,10,0
17,70.11684962527268,30.81802627901077,75.6840547710001,2,4,3,1
5,79.00551242278358,43.12991114313011,35.47465074762154,2,16,4,0
20,6.90500742948081,8.54527303963112,82.62487275319386,3,20,12,0
21,89.59460952846953,78.03191277048063,71.23503870203842,0,17,10,1
40,59.08173138029982,84.52445266994572,92.98655447262922,2,19,8,1
58,82.13136592119095,23.927492531126827,72.63386487092005,5,17,13,1
31,81.75411285135692,24.137176639819774,43.979506521471855,3,13,9,0
46,23.03600272574207,8.993458208089967,6.03479077658095,1,2,10,0
36,15.466351424095144,97.18646316528633,80.32710519322868,4,2,5,0
11,73.52229055251354,81.68272397113677,43.80417183226353,5,24,4,0
52,19.860557288053812,39.266804276073046,68.71023900931166,3,22,10,0
15,85.74406168344876,50.7812857896334,14.981315718599785,3,23,10,0
19,73.98800096689999,32.736861261832516,89.64202041027723,2,4,7,1
7,84.97340961469995,61.738176990598014,46.38749075361799,1,16,4,0
51,33.40620456288788,73.14429917168329,92.37071471182476,3,4,4,0
28,35.07681573900406,47.500005409227846,72.16665621047665,2,20,7,1
51,68.76604785290017,87.99144836270423,16.538914899315056,3,12,8,0
43,7.987365730600016,54.11745691078695,60.02367827373143,3,22,7,0
58,74.01719090205515,18.704060562392023,91.4437725544698,0,20,14,1
5,84.39939173118712,64.11768070457595,80.99720318892598,1,14,14,1
5,44.44054072738988,48.911941761241245,44.70813871974375,5,1,8,0
30,77.66348885840452,93.88882699276397,95.73111773912116,3,17,14,1
54,21.588037113314886,42.22992248891178,30.514737176145044,2,24,8,0
32,35.61473741285104,43.27224521925989,40.63523181524,1,18,7,0
8,97.55897149549536,66.82347202925297,76.22284646224584,1,12,13,1
10,98.701176488212,55.06369074101066,27.125932935474022,3,10,6,0
38,53.69748003705086,40.57273836615131,53.960574646157056,2,24,14,0
47,93.7556301890683,99.0285694896085,74.23497305989466,3,15,14,1
32,54.65941441540119,33.7076234499446,66.17693778352307,1,17,12,0
48,32.70087217530995,31.36523523857771,19.760141841491983,4,11,6,0
28,30.35543236938333,87.12062470959982,64.81773003214428,1,24,11,0
17,93.30304200997412,5.320429637302773,59.407500236485184,2,20,0,0
31,21.382406952516614,24.119050285966225,57.99525837871568,1,7,14,0
8,60.065083529172725,61.09243538488773,83.47448272103838,1,20,14,1
40,57.774881465958366,20.43280014524316,22.47012213987632,4,19,6,0
25,75.26406004203452,98.65137265874088,76.39876876912751,1,11,14,1
9,52.4280762148536,49.098584130054945,77.28797168483277,3,1,9,0
2,30.867137767272748,61.74958712125233,73.6513167601825,2,18,5,0
15,21.092667464999963,20.23547918499335,53.0669897804822,1,23,13,0
50,63.97778633305972,32.49091958283314,42.57618103508506,1,22,11,0
3,73.30412190105714,63.38935435454448,42.49433020692356,1,15,0,0
49,59.104521474793096,57.20757046220778,74.71182782451285,1,13,9,1
36,75.1433713265135,79.51457481691078,52.30018674537278,0,24,12,1
4,18.44451423274621,30.57715196456003,37.15120380193805,2,16,9,0
14,88.83466851959787,67.08650393712072,64.41962001850555,2,19,7,1
41,60.32757329880779,32.642673046142214,84.51606974778659,2,6,8,0
41,17.05017305479673,60.74149887588143,10.843330410986766,4,22,10,0
25,48.882894399544824,62.477941930094815,97.35301098828656,1,16,10,1
58,85.25521509726158,16.574715578676432,14.181934260280912,3,18,1,0
55,90.2684083780502,57.12014551519528,53.61512146677723,1,1,12,0
50,30.141702974882342,6.1341384956473375,58.21990668359063,1,18,3,0
10,72.57025334749304,52.61502138059569,18.130017009328075,4,9,10,0
21,14.498598510958786,71.26457941776712,91.98140653667954,5,13,6,0
36,8.186857784154991,11.919109254048928,49.789372342786926,4,16,13,0
12,58.23790061289456,94.17752755961756,18.59644887373737,3,22,11,1
27,71.00862003617196,48.58177553899816,72.60317827053822,0,19,12,1
40,80.5997394617677,94.14954618428588,68.02341279804793,4,23,10,1
2,37.320542653256794,15.202850250657589,96.47222912923752,1,1,12,0
54,5.619913990744264,95.2407464698558,46.944050845336086,4,8,0,0
13,50.554327525578614,15.37372444540794,30.440617450652137,5,10,7,0
53,6.506086810488863,48.842100852876925,10.699430598049895,1,7,11,0
32,13.738528513725994,94.10924633905223,74.64654488262559,2,3,8,0
31,36.035457140516094,27.107279036942796,63.64138047689013,0,13,12,0
16,46.531344708216835,8.304573181579734,97.39802931557216,2,20,12,0
32,31.549596916816615,80.34551412768099,72.65567308134509,2,11,7,0
32,60.27720031794724,61.60894557855594,93.65034059413053,2,23,1,0
34,10.258229975719043,53.82251332563686,99.19998550406014,1,20,7,0
11,18.73507247276055,8.262621513555747,45.700958702105154,3,5,7,0
10,71.04954807176618,67.05697053665028,19.278026270081323,0,13,1,0
15,18.503381091802183,21.304218429033657,23.60582380581005,2,12,10,0
17,65.77864414919013,93.46368461944606,35.24564619567008,2,16,8,1
40,10.195038971569728,70.1440603521898,53.34509787129592,2,17,0,0
18,43.701316516318336,72.16821936321446,16.629899942653836,1,14,6,0
55,21.85389966151232,27.095125898071643,33.66319782624739,4,21,12,0
9,15.41544684084271,88.67161461538825,34.24041550137696,2,10,14,0
25,58.868114432616615,56.0845942244041,5.388137221647717,2,13,1,0
40,93.19189834053408,86.4229968923519,38.64603026830731,0,12,7,1
59,10.204769552737138,30.74001010906622,16.034459008043786,1,4,7,0
14,45.04765358071325,76.76886274433338,45.82258106792697,2,19,3,0
58,72.21586658581715,59.58385584770451,23.670990053356164,1,12,7,0
25,48.955344010343566,9.599834052005257,83.10085277085362,3,1,4,0
50,81.6171148799983,43.507520758462256,12.649908513513235,0,10,8,0
22,22.06630500709251,22.471494186729164,87.23774098472902,0,21,0,0
52,96.16144947763534,39.12149084848183,60.15002847483684,2,2,12,1
30,41.59044963839135,41.418405255196134,48.57086300384396,1,5,4,0
20,37.449115129706136,50.118193537696555,57.225520104921465,1,21,13,0
21,88.08755047780076,62.027592059204,40.73036727187858,2,17,12,1
44,58.56736802971783,59.24287698732893,17.123130974234783,1,4,8,0
32,54.062212480768046,8.704183446974533,77.7585824994591,3,7,14,0
51,74.06290235520093,76.31547575642857,93.15160105915947,4,15,5,1
46,60.08425263670359,95.17246902491298,95.25642419638714,2,1,3,1
49,20.438986251925957,38.124722453571835,68.71759309116072,2,14,0,0
56,69.04877417216832,22.07595562713456,43.983005519083385,3,15,12,0
21,17.679543531802207,56.3001484959616,50.44419641626716,0,2,9,0
35,81.55648200673589,71.9667281831937,67.41174121398498,2,20,14,1
58,99.02497678266576,69.49596498012801,83.19188906829305,1,2,11,1
32,40.85182437260375,63.15040986258153,40.583878066588845,2,16,13,1
30,47.251810329191194,18.892063952179814,92.09421635420556,1,2,5,0
55,9.41119727086717,84.49836496828485,35.80585471840823,3,16,10,0
39,6.304652867844937,45.43404842978745,55.4316786560844,3,17,13,0
49,92.53483681325112,26.03951538802765,96.3293710033833,3,18,6,1
12,17.219285741723244,13.195283400994168,94.12889696543296,1,19,6,0
41,47.34898101814968,44.588315922439655,71.09578350513618,5,16,8,0
47,82.45868926627834,63.7074394504942,35.833218475125825,4,4,3,0
18,89.48528219319036,68.21088236939323,25.808328152480335,1,17,3,0
21,54.34278010192943,96.46000658273938,12.613618756686702,3,1,4,0
13,58.67808987271523,19.549067948056955,72.3221684502416,2,23,11,0
21,68.61997738401088,98.64849819376744,52.82781593019339,4,21,13,1
8,96.33133466365295,67.19420865436165,59.36733092470444,1,13,8,0
46,62.25364628972798,48.15176048218414,49.877256522945096,2,7,14,0
40,58.150149648352894,89.37845145557513,50.87991118947708,0,9,14,0
46,6.380742850269114,70.97557548557232,59.270993824471695,0,14,1,0
7,12.690221692123828,38.12813541141645,91.85489058672358,1,1,3,0
23,59.83130452927964,88.98814117476385,7.789798449464531,0,8,13,0
44,93.9428368416843,68.32846839785581,81.15549405945042,2,10,8,1
32,87.33567809794252,71.38954880045085,42.09904475303525,3,4,5,0
11,98.34499768425944,90.15703936817248,75.76780539188498,1,13,13,1
22,55.14423356832103,47.59953975706025,95.11000127821386,5,18,5,1
22,79.85343915158785,67.40589006617688,34.097264385001836,4,9,6,0
43,84.83803149148734,75.74545705558914,13.5076904906609,0,8,4,0
25,66.56300744643187,48.12430552242424,27.068351449917937,5,6,3,0
22,37.181240900378185,12.927950995090375,26.09881895569345,1,21,10,0
28,49.64795129249047,78.28677806396426,75.47569465872414,0,19,2,0
29,86.50212186313894,9.542553510619372,10.87652726388615,4,16,1,0
13,33.362052968305576,73.20186816366014,9.838690086294708,1,1,6,0
18,92.7555974703316,91.53314480983254,70.89281647596441,3,15,4,1
2,26.831602435153183,37.962054845151755,57.888370063222254,3,6,0,0
29,76.20405943989417,14.695869588093547,44.68791676010433,0,10,3,0
21,64.90312726284515,27.122079030129907,59.65999866281929,2,5,8,0
15,76.21194690647242,58.41674859191228,74.84855106702071,2,8,14,1
52,46.54801938109651,94.5526755950782,14.829780407144034,0,1,7,0
27,93.60090094262854,53.666859339181094,57.56220951818954,2,13,10,1
50,65.08485922909036,15.710042378686143,83.319599126859,3,16,6,0
31,32.388101432654345,64.63940150305211,39.430771204939674,4,17,4,0
15,65.65323171195365,74.62026899485443,77.48670882415071,0,7,0,0
51,32.247495984667964,42.36194864931514,85.31497971891837,1,15,11,0
23,32.89507721718805,73.54383611281438,82.98827322291272,2,24,4,0
24,42.96185860398245,35.85816743822303,66.78385818865681,3,14,14,0
44,85.9808896690663,79.96356440165927,73.14772924766358,3,17,7,1
13,52.52829806742924,37.401855159156554,79.8291421679042,1,23,3,0
22,69.4955800118697,29.330173702059465,74.70238440227504,2,7,11,1
43,42.23693532607399,88.52223355969963,47.90961541722498,1,24,4,0
37,30.042516781653735,57.10497501166264,20.11648957283578,4,14,7,0
33,95.69081526804196,32.089847430460054,34.42440698912508,2,8,4,0
56,62.34021847669095,93.8332545164714,24.68842341299553,2,13,13,1
3,93.72537716535824,70.63086166927468,39.33719466087521,3,1,3,0
54,24.32423520883993,25.966537967278885,51.48645261733068,1,4,10,0
19,18.95494557172861,63.39102368631416,96.10943381475336,5,11,14,1
23,86.30317617677085,87.68408897245733,96.14896552397995,2,9,3,1
29,69.68713519863888,71.13454854130546,78.11090948710138,3,19,12,1
30,22.724957429095927,28.25211932221239,98.11332739451734,1,22,5,0
39,30.58917156303609,66.64059122597891,99.8115025033236,2,4,9,0
44,81.06307444490456,63.82014040841908,89.09939104087113,2,1,0,1
47,48.11751889961393,82.98014803997542,12.552840404583112,1,19,3,0
25,68.70134811807863,21.92259671468648,45.47418982910488,1,19,13,0
37,35.24344210292104,71.46529336512918,55.7413981974075,1,19,0,0
47,41.216845513613286,7.6002157527016925,16.78784563348651,1,11,14,0
8,99.11769306919498,71.13665356039792,81.81990958809688,3,6,11,1
42,28.52362328159826,96.24154387416291,19.124924420134185,2,7,5,0
58,53.11335581846883,21.566885293713657,41.416233662333475,3,23,7,0
16,85.21822260310056,34.573478417805845,11.546657093148728,3,1,3,0
8,27.726205298256502,60.37279934271237,54.83634335607107,5,15,7,0
1,44.44530688501142,74.57752935643929,61.71893744929498,4,4,13,0
44,63.43367230014889,37.71528208843076,74.84180076526457,1,13,1,0
5,50.712874390134736,68.10460282831308,37.24884142488054,2,24,4,0
3,48.65271532418016,90.43148529095164,61.10049246230219,2,12,14,1
1,39.43842447560174,74.02308478630488,74.74399726774483,3,1,13,1
4,60.73140113861788,72.54715817221319,77.39333914645228,3,8,14,1
40,64.31540630274297,41.28721254957851,33.65597541275353,3,21,2,0
35,67.06250638562945,91.58578433962909,11.43187336692188,0,23,13,1
32,11.684970251072786,31.345679486302387,8.573850367397654,1,11,6,0
42,64.94824669264464,24.50163387887157,77.96572704579545,2,10,12,0
34,95.55753198421712,39.60127370401786,41.61669713221835,4,2,8,0
43,56.39369237516795,66.76484097015692,17.724552966318395,1,17,0,0
25,72.95037283837821,86.85940868847814,22.52644887452086,4,13,14,1
10,57.88956923712569,17.54748432299512,77.78429510629672,4,22,7,0
21,86.20035876623798,82.31120683971548,61.89569006562267,3,9,3,1
46,93.31039398676904,82.21822249355453,52.63330078553923,2,16,12,1
39,22.500890433154133,60.75733887605818,64.1857206343306,2,17,9,0
27,46.501703472927026,77.26155425991244,18.062457644955288,2,10,10,0
27,42.27629958860852,22.2786663244008,35.30901307646492,3,17,4,0
2,43.495436713431474,21.11067007796777,40.53603415158185,2,20,11,0
41,16.92479721664821,86.96600324222908,34.87728809107993,4,10,0,0
48,82.29349396816833,52.32410153728386,87.11954965281893,4,22,4,1
13,8.397793086418849,28.364035354020665,60.23500874199864,3,14,8,0
9,55.18152773407991,70.42938397260076,74.2855337109699,2,15,7,1
52,67.87844686424566,89.72814085875099,27.48707853819117,2,9,7,0
36,24.709596615593338,65.07065136470374,30.08703354309629,1,2,5,0
22,91.05576824938558,37.99777907930164,26.406918392423897,2,14,11,0
42,84.66217466735534,50.90758770283638,70.35805987632796,1,21,8,1
26,49.7529543009729,76.46559878980726,38.158894590599246,3,7,3,0
58,44.05914857231318,11.412616742876814,43.48299257839549,3,4,5,0
54,27.473952895054506,25.630629015862016,72.3665527446918,1,13,2,0
12,74.34935634127154,48.945402731697484,97.32087667890453,2,22,1,1
17,17.515660965036595,62.402891589224375,20.378154804665208,2,22,8,0
14,69.62258661515939,37.22073114902082,10.954245482306328,3,4,4,0
14,85.03341368124929,33.34713757763867,23.510363536908788,7,4,10,0
57,26.704799712117257,8.931498591473522,74.82126507151143,0,9,1,0
34,87.31060327538184,8.097168344887516,23.48959264965655,5,11,4,0
53,8.165703946753304,31.47601115876843,60.5134782493642,3,1,5,0
57,91.7148016117199,55.398079508506584,61.080070967403294,0,13,7,0
20,16.244411645873313,57.85529216231409,32.9701945282227,1,21,4,0
11,66.3471219041131,51.93261182235254,11.528996588279728,1,9,14,0
16,28.757834546824473,43.93866498026926,42.924049157902445,1,18,11,0
51,84.4724771611133,28.967700979825473,22.744615114370884,3,7,1,0
31,53.66853428696932,43.06597100131431,22.524954975319787,1,14,12,0
55,17.84791316841763,18.18219671162378,54.645942747730395,1,24,6,0
6,59.24419927596795,15.949626757473496,68.94650811928659,2,17,4,0
56,43.7488479687134,33.494609397310185,12.16442996532016,4,18,12,0
19,67.83754257824461,99.55813566058586,59.94053287103758,2,1,10,1
37,88.78081205252865,36.01721001405785,28.38915612760377,2,9,1,0
58,43.89196746242475,93.963357083735,68.96331579686985,1,10,11,1
4,32.538664555716664,42.26490384793093,81.97050443922484,4,16,5,0
47,6.378933980122835,46.70594916396289,81.66629538825896,3,11,10,0
4,59.609708596688115,80.7209739042118,40.136829032869755,1,21,6,0
20,43.21610290598618,13.895641107508387,58.89061901836671,2,4,7,0
10,40.59167580640873,22.319765741395752,80.40104246455113,0,24,2,0
24,22.37885552200019,97.5148251726454,10.776974840645334,1,19,10,0
54,45.855257793171056,53.06214729626599,62.5343119363744,0,8,3,0
35,98.52198559042,9.209419809819876,84.46958846332234,4,3,11,1
26,33.28664459886321,9.501169640324798,40.37391480064501,0,22,5,0
37,61.97191927376952,91.18786495885232,48.26377082822224,3,4,2,1
38,78.76625372498835,87.96968350807818,71.37916651313824,3,8,10,1
21,76.16999320177051,48.54791515978451,11.449047627241384,4,23,5,0
54,36.23355731179612,20.50609816473688,41.635416239959426,1,12,8,0
40,63.03170793410079,83.87703760443557,33.09252317126565,0,5,11,0
39,87.77014510066493,35.8370101915668,6.614453710777426,3,3,4,0
21,6.4675056346424045,44.81054787299406,23.617402817159707,1,5,1,0
10,46.39476390011423,69.83525600968521,42.608938730940686,2,4,9,0
38,26.305974732981,38.57284357372718,23.755727298054236,2,24,1,0
46,41.9200675878897,64.72364303633783,62.22784022848286,3,11,13,0
4,44.51901275764796,89.10185749204551,47.62199769694935,1,21,10,0
57,75.93374165473051,80.75046053357536,8.750723003471556,1,16,6,0
45,13.9130778775671,41.25305201738024,31.12882510968911,4,21,13,0
20,53.69547079758849,32.353972696854804,6.850293186025333,1,18,3,0
17,58.5985052208808,32.123492630258106,39.022842089975214,1,6,8,0
55,51.94497233742142,38.11615928577539,29.615451685854183,2,16,8,0
7,74.52795904095841,51.884113738853365,70.37774430600385,5,1,5,1
4,41.4601693111505,44.57676066592459,34.20365793167056,1,19,9,0
29,94.77187104580725,17.635381993827494,40.64007313551458,3,20,12,0
14,50.77132704119943,20.52830654172129,73.90672352700481,5,16,4,0
3,59.26532141340577,37.57831289282742,50.687179211322025,1,10,6,0
24,83.4254282179412,58.39608950559145,57.86316596660479,1,14,4,1
37,31.147430063456635,61.303075262682,84.92793305600762,2,18,12,0
16,12.144192732466234,51.18967116517985,24.654389018449994,5,13,8,0
58,72.23947794443583,75.18370871471389,98.97262521012108,1,13,8,1
55,50.886126277095975,75.03863493188997,90.50998372483744,4,15,14,1
52,90.1679038411045,45.62460981030191,32.2225187171008,1,4,6,0
4,98.35460462863124,16.821877022289705,89.8291496739532,0,18,14,1
56,42.91538830459928,55.3666031278767,76.62583503819728,0,15,3,0
24,44.46670654466778,41.2395610794141,93.4218648364044,2,6,0,0
34,43.756447209544014,18.102684027551817,70.65784287194585,1,10,14,0
30,35.83264042443798,98.27263494665972,69.07535138349506,2,15,3,0
18,79.26027428780776,40.12676198160971,5.329118864265475,3,1,11,0
19,77.10459743661913,64.45079476401693,50.08809522413035,2,5,13,0
31,50.47126270229986,51.56224182697668,24.025517586950187,1,9,2,0
19,9.242815555995382,18.56868652559278,35.787738621055695,5,23,0,0
49,34.40813364374198,10.276644220394203,97.98748522965244,3,14,12,0
46,32.76878942270957,64.44809443278609,13.12268599348678,0,11,9,0
19,82.05328838902454,28.46707768304913,73.63621469311029,1,6,3,1
22,13.3196794745366,28.147129963302927,21.429759977732957,2,16,6,0
24,81.5391610090569,95.91273802247952,5.703127252134088,2,23,1,0
45,68.57244695891859,48.86846390957268,52.63477734055054,2,9,12,0
12,74.58193861739268,7.795476317565478,20.315453382170844,3,3,11,0
30,46.06025282057723,37.28505793923165,96.71929431824982,1,8,11,0
58,69.57395062016703,60.52669651396153,24.351190025383133,0,17,14,0
38,62.857749747157,36.21390475912648,23.243351033312447,3,22,6,0
53,78.0531185467198,7.55093563324352,8.055857842779623,1,9,14,0
31,47.44313427448395,47.20957021933986,36.332865674496574,1,17,5,0
36,49.91843436514873,15.061101936603896,7.290609118254917,1,5,8,0
19,66.13974116028292,63.82020234295692,52.39423034809707,3,24,10,0
48,15.26736189830689,63.86077452115536,53.033011068603834,2,11,1,0
45,46.44322259461014,8.587118261848069,10.058112271078668,5,6,13,0
36,97.33533029968152,32.613294851940836,27.80591631380454,4,22,14,0
30,8.567470405704332,44.30019505520536,84.05011608871341,4,14,5,0
55,35.02044867230741,57.27508929662191,48.94175342790981,3,3,12,0
49,34.840432813490224,33.126025822278535,46.28795395064831,2,24,10,0
55,65.1790913273984,32.335918692382826,71.38380999937083,2,17,5,0
33,15.05103414529329,98.38643984377464,72.91378463148087,5,4,5,0
18,64.7116829334918,8.976965593485492,77.38644707559021,3,8,2,0
52,14.028822861903846,98.95931433865942,83.89582088318846,0,6,5,0
49,14.020596504741446,9.53643440244767,27.0638114082251,1,11,8,0
59,74.17741893290581,32.39243564049516,11.306157691538347,1,1,13,0
28,35.79284151411565,51.90063122208826,41.12516346826549,2,15,11,0
59,97.85518003280605,18.613342586360893,86.23430150919947,2,16,12,1
47,8.548528961377718,17.810404439278766,12.412723107128958,1,2,10,0
11,47.28513305320944,29.349707759789855,59.71561088628027,1,13,2,0
57,15.747914079032244,97.4831824394891,71.60288016843236,2,12,1,0
54,38.381001842020325,41.1111015930836,50.73368526181823,2,14,7,0
45,99.8311328078598,58.76950963557322,29.241667142627765,2,1,12,0
33,89.44003861516052,71.9076832262564,35.99940077321948,5,11,13,1
17,9.590818841262706,75.51107437479999,11.806949308440675,4,4,12,0
6,58.50930516343992,70.36389180280871,32.795436997174605,4,13,14,0
4,66.54311895832139,37.00817835321386,9.21591071832106,0,20,2,0
20,24.905789275261935,15.614143598825931,74.00087482272701,1,6,14,0
48,18.785029472662774,31.76306515665503,90.3095514586102,2,5,11,0
47,90.91620779322471,24.97804654310313,65.18374720309133,0,4,14,0
27,97.03756194092078,17.946343962585093,67.38680617865273,2,13,4,0
15,99.22982144536596,7.327189516403777,49.85352202833669,2,18,4,0
6,80.02736850479027,93.89395566054937,19.823462674485267,2,13,1,0
47,68.03269659349942,92.49826672180713,5.733888419070117,2,8,1,0
14,37.8443739583348,9.78961553486608,37.67771977300425,2,19,5,0
11,21.282839670851484,21.443034417938172,76.39141295024083,0,15,1,0
39,12.503156939792012,18.2525447889654,96.24100003498025,4,1,13,0
9,70.86325951239174,31.71617877004415,45.95306794548041,9,11,5,0
26,79.54872444203903,24.386542695480404,39.71214617168563,3,16,11,0
16,83.51309698322311,94.85608605279624,47.366058101481215,0,10,11,1
5,91.80767531386088,12.996191473219366,45.63861510139835,4,7,6,0
57,88.5933085456455,25.108728565427807,64.45858413487127,0,8,12,0
52,99.9754208645188,12.668713935376871,74.74400272431886,2,23,3,1
10,28.186081041888873,98.13660812122146,79.57101220918511,1,20,9,0
50,77.51422344516,92.24928336421549,66.71245689630105,5,16,3,1
3,60.71365367560578,73.08000102771405,46.583776084799005,1,24,12,1
13,29.818287583090328,45.467438060891766,95.25985677739617,1,10,2,0
43,98.28100561725957,23.06692287477929,72.5468711552703,4,4,0,1
49,90.30031995355397,26.04152387691353,45.532513880386865,3,12,3,1
30,17.208988502191062,47.08880081282109,47.42526882407291,2,21,2,0
54,7.485042520724885,77.98115377696575,82.70818074325646,2,16,7,0
45,70.3914224216043,30.149302119901098,46.851384333631586,0,24,4,0
6,62.392409741370834,34.525231690791436,54.04599416401366,3,18,6,0
17,93.90248429055886,61.99470768342471,32.69746773236429,0,16,2,0
59,27.230502280235136,27.58428941643409,84.69690921910336,2,13,2,0
45,13.01685505002377,60.500769022816336,54.6171206288154,0,16,10,0
51,29.625456708338714,41.77743486086703,57.49091414699564,0,15,5,0
53,6.798125848589028,8.264979560628063,88.66416325777288,1,8,9,0
19,8.409811362948581,43.256622192036566,92.44914044548491,2,15,3,0
42,91.91149156247216,92.35490155431876,83.2984106833194,3,21,7,1
35,38.44157533767844,32.845628517678755,11.210189232844296,1,21,2,0
46,44.026855095919665,35.669076996464554,47.133364669110875,1,7,4,0
26,6.745307181119919,11.264384365632251,37.61643921948041,1,20,0,0
51,30.699569116325424,63.42950761408296,25.28390422626628,0,19,13,0
5,81.44896845543595,85.6780246083422,91.35061820534966,1,22,0,1
29,63.47164116833832,38.52767484384466,89.55655103987786,1,14,14,1
37,76.60915710320945,27.823327964398903,49.20329891190881,1,6,7,0
20,47.48530537540958,95.87812614556655,17.783280813922033,3,13,6,0
49,34.42427606637635,75.7818983861914,6.269733931519808,1,12,0,0
21,50.86695886619518,58.880538131910136,46.65437265365778,1,22,5,0
10,35.69175149854636,34.02546080276399,8.795739114486594,2,7,1,0
5,84.70225418403646,25.975811707758083,62.90781448237721,1,20,11,0
36,33.279002981320346,72.99568370504439,62.79884273360656,4,3,0,0
6,67.67754584304296,54.5699376280477,90.3992475521576,1,3,9,1
26,18.013311119405145,54.4569825962832,23.05466718748888,4,3,4,0
4,70.25231690481644,12.00243277386316,40.28245302928668,5,15,4,0
39,91.7634726020032,53.65847529216256,86.65681193450648,3,16,1,1
39,62.81539969079129,83.1606829487519,50.058167736560925,1,13,11,1
50,58.186261103275335,94.94593139059712,10.6737124523347,3,16,4,0
35,96.30623546205582,15.134827760764836,15.524471601575216,1,2,13,0
1,64.6026727550054,64.96069501641173,82.27818429995285,4,6,14,1
24,29.657291160942844,58.99298882583346,75.65125585270873,1,17,6,0
57,32.77714726553534,89.57968664007348,88.20874413084523,4,6,3,1
36,72.00413104091308,76.3681828675628,16.291810761368655,2,24,1,0
6,74.8664764197577,96.69987757070476,77.2395906606701,2,22,12,1
41,33.83214201995644,96.20309107028964,67.23491467102797,3,18,14,0
54,37.80767790300137,26.440083867795977,27.067857908399063,3,23,4,0
46,99.15036833021328,73.9083328305401,97.52091662778304,1,12,10,1
44,14.685492210126355,55.39969367966497,59.18370781936695,3,19,5,0
57,43.44127770180943,25.387189545454017,91.15340766272786,4,12,12,1
31,10.932515463763208,23.51256281065307,86.6138477496637,0,24,7,0
20,83.0024443898329,12.703012420297217,36.6469187496481,3,22,13,0
24,13.772854699816063,80.57680125977545,55.91590188874726,0,17,8,0
25,69.03069886395755,35.82795415890091,45.97998844344381,3,2,10,0
36,10.365925280330796,86.41203935625182,72.36236917470718,3,14,9,0
21,68.92122859192065,62.789959772205385,60.86399043162563,0,13,7,1
30,85.08850995813181,68.99516870965377,79.56108563853792,1,24,6,1
24,42.88804505778545,32.70900621296868,6.116464661808531,3,6,8,0
44,54.6020168760568,48.44295654258994,70.34035983438305,0,17,8,1
42,43.14646511050184,44.170169917896864,35.31118974586722,4,9,5,0
30,33.5464320701007,27.390423072837113,26.30110328949471,0,8,11,0
22,81.31002305957718,84.0886560100453,81.11792980407387,0,14,2,1
28,30.84024450444402,64.098028051629,13.476015062877613,3,2,13,0
7,73.67962531699747,8.556037858041664,26.703704284418414,1,10,11,0
35,24.588722529244215,82.8921168409754,24.35476240447893,0,21,10,0
55,28.73611062744131,15.073586822716187,44.88341728067168,1,3,7,0
28,36.96381044483516,43.35116118559313,35.621994532939794,2,17,2,0
14,60.96985585240988,59.2694056548859,73.44449012541867,1,7,0,0
56,48.17012032015641,5.72686833781571,71.44013865714027,1,12,12,0
10,75.78875693364294,67.02627001707893,35.919734655073704,1,7,11,0
16,25.28889353193827,67.67177925822442,46.51317373385054,5,3,3,0
16,6.013867345639241,66.99000012760145,24.751277497078433,3,6,13,0
54,78.77295981959591,20.52945412009633,68.7293155471457,2,3,8,0
31,83.05668671860688,29.294571043487192,42.64116031259468,2,4,12,0
42,10.650615495297007,28.50070285561032,17.618479922010454,4,16,7,0
25,63.03621460504767,96.20636340206552,17.09022173159357,2,15,13,0
13,40.9296444679424,11.415177786458342,35.620464450011674,0,1,13,0
6,80.42008724347909,45.73234323183288,75.9958777204386,2,2,5,1
44,88.06938264866545,87.76912105291844,7.422911932492537,2,1,2,1
9,85.84535784573866,78.09926947253302,29.488595852373805,3,18,2,0
45,78.83440349833096,83.13200184164803,20.43618509443194,4,4,6,1
36,30.55996173050548,97.36789049162164,95.8653930240334,5,6,13,1
56,82.12951613899008,41.78987216595294,72.0017523772475,1,11,4,1
43,55.68045521109781,34.417251066143805,27.157104991299885,0,12,2,0
20,10.011878409048627,7.912651564268744,24.708755616438488,3,8,11,0
18,48.40919074033365,19.251839370036897,86.51290181179128,1,14,11,0
58,94.50500211784936,58.39139218158729,23.071536159559244,1,10,11,0
43,89.34663822487751,19.977756530067307,99.72062401873656,0,23,0,1
57,14.715106694726025,74.94897651818651,31.81879640108297,3,4,10,0
21,75.69203514286517,8.537097467014062,13.011607912605822,0,15,8,0
4,81.5503222660323,29.65136220759878,70.63947993160153,1,16,10,1
50,30.781877882492655,71.06804672190643,62.91606529549651,2,14,11,0
33,49.80281422040377,29.27276830271106,99.9831057093384,0,15,11,0
27,72.54385443904988,74.23224410132408,81.19814571533763,3,23,4,1
7,46.70894143800905,99.60706816591669,45.73947064765772,3,17,10,1
6,15.71570729232481,80.72297576766485,69.27808757549295,6,12,14,0
15,72.05883224476355,37.47436858229524,82.69569809231844,1,13,6,0
18,91.60567552485384,90.55623055968482,53.80401991711304,3,14,9,1
32,66.98604919858496,9.862074888479896,30.922787819845095,4,11,14,0
56,78.51107111405823,73.87564832249465,24.960036017205116,5,11,8,0
11,39.04444088749371,7.215621498454129,33.051736478293364,2,6,3,0
20,22.40383328703031,21.582772058911676,85.56653425863149,5,1,12,0
24,66.06349785373779,98.82064544616458,41.141075386429854,1,24,14,1
15,36.13826455491579,39.28406668695917,32.23309506380016,1,20,12,0
48,86.70698430403031,82.94744092560269,81.5592866405327,3,8,11,1
7,16.649664747910624,40.72823771938219,8.032432468581632,1,8,10,0
21,46.179051474646755,84.80270282579248,61.4260357383825,1,18,4,0
42,42.689122044496656,96.71675821204356,87.9950213026958,1,22,2,0
26,94.11511608762332,46.37594312482082,43.957956160282706,3,13,6,0
44,19.547806057418367,58.13817322558654,30.585225329132022,1,14,12,0
56,5.93544837614104,64.72075154653893,51.71236159641585,2,15,14,0
14,27.61809521667617,93.80930620664736,73.16033093074753,3,4,0,0
57,82.92630167802217,29.390688306283,54.077528488343944,3,19,7,0
37,24.88557252446662,63.06869041920404,5.725704489448446,0,13,2,0
58,27.883416052020856,35.84842168119854,12.440832830261511,4,9,12,0
21,17.340386430997025,25.60865211732985,73.52620019352163,3,16,3,0
18,72.96643931127134,13.067432207205346,42.99537681317237,0,9,9,0
5,11.571548098014633,63.96753205491514,79.55370397067233,0,2,14,0
3,36.46478872120955,88.798120492799,66.70154184006135,2,21,3,1
23,31.83737902899163,38.38232444022869,60.244004260578485,1,10,10,0
26,57.74017433006471,57.503510938332845,90.63064099594908,1,7,6,0
37,74.38954517687488,66.002710552941,7.025596980667705,2,9,13,0
24,55.62326129619101,44.391766890544375,19.72826433279116,2,8,11,0
49,93.44746933263144,90.81804578477552,64.3157157717377,0,20,6,1
19,95.38705069429652,39.46174031411177,11.253664422259067,3,19,3,1
51,39.33920620735896,16.876027908535146,66.27219608076568,1,1,5,0
25,78.87963574611481,18.68193401491146,98.49150231740045,2,1,7,1
21,75.18613141047801,89.63147337823271,88.48676940448071,2,20,9,1
12,89.8316362119586,98.86076407055616,61.13710778241571,3,8,13,1
57,47.55464581973181,32.44909580431311,89.92778405906641,3,4,3,0
41,55.39495278379026,18.642258937197585,16.045474370295196,0,22,12,0
33,44.49855979024953,50.8101667668399,48.19594566792859,0,4,0,0
50,85.78580733347204,72.4051660397768,45.7242310021472,1,15,6,0
53,26.821719959402763,63.178276269782344,36.96252076433415,2,2,1,0
4,27.77236243303225,95.3552772978482,5.01913282275949,3,17,10,0
42,40.397484839822575,82.68889897730467,89.64775676806896,2,8,12,0
57,26.88256904972336,87.5523556810802,78.88212796451552,2,16,2,0
7,58.29564945941747,56.45838009066167,67.02146398197993,2,6,7,0
22,17.77656011707272,36.09114336648776,17.251850165905232,4,1,1,0
55,35.41769084338526,71.66492099375502,40.92948770069289,2,5,1,0
33,91.77724635518103,46.71003879538254,92.81106474994397,2,19,3,1
17,43.876420618220614,32.33665285342084,63.60831248160693,0,18,5,0
24,76.08220306688338,19.465715138868266,62.32400096997238,2,3,9,0
34,15.77890821212453,55.14804974950843,91.74702460191828,4,2,10,0
28,28.51862827346954,61.45408888399228,58.18420386546558,1,2,1,0
58,81.69783401403501,59.03463985214662,61.77420861291303,6,1,8,0
43,77.48432894752094,16.07209452618763,37.842990975240646,2,3,11,0
41,41.68481226641301,59.1487953561806,40.2868882770753,1,19,1,0
39,95.66770569318004,20.999340146488397,70.13265192934449,0,4,8,1
22,91.51108650428182,68.05284571788955,35.441345579974644,1,3,14,1
49,96.41857116566278,45.791479683225674,58.11525245584576,3,8,6,1
17,45.65189556783961,85.63491583521977,31.523685659875067,2,12,10,0
34,23.759990450139888,78.93524575540899,20.781897605672302,2,4,2,0
6,64.5325707136774,73.8162948940802,48.16823359917664,1,14,8,1
46,70.05345003652386,71.57002443675871,25.657371179340185,3,10,8,0
6,16.916969522799402,58.24636375041969,90.35695898274638,2,17,5,0
34,79.71588825811106,10.805789732192713,33.843231753568126,0,18,1,0
1,6.71572087719625,67.2715142356351,61.753199076235504,0,7,6,0
10,50.85919681029442,49.35760686855295,30.02697485179437,0,13,3,0
21,36.446544652015014,49.60769782938563,29.511829958852815,4,22,3,0
5,75.32879069041299,41.007108569295625,38.310427740448745,3,13,6,0
2,34.712269105072515,93.26173690996252,92.00808389549016,2,22,4,1
22,83.54667571419812,28.697870360481073,42.19228513710033,1,2,0,0
48,61.52058143417701,35.076473073929066,83.02031459529371,1,8,2,0
57,80.41986936739684,96.48887435988416,23.74331708115113,1,21,6,0
2,98.98736059476424,81.96460485128631,9.576106597960951,0,22,12,0
10,69.5200428456379,6.338209155472649,79.25940252363695,2,20,8,0
34,98.5702800543562,91.08022198687802,56.47811525842463,0,11,8,1
16,7.739451057562008,26.53149338914168,52.853952237557536,2,2,6,0
48,37.1232989059618,72.06359122077603,30.859555678694292,2,12,4,0
51,15.24606013341937,57.54194519988547,11.870116411638424,1,5,3,0
39,29.91896848152176,55.99712894226448,50.87170345162037,1,21,8,0
22,84.69435041694857,73.20252572230832,87.38650408594032,3,16,5,1
12,8.07071020597858,24.68223982997177,16.402091301831156,3,1,12,0
24,54.4173788945774,20.10738742281052,93.27123353798136,2,12,9,0
47,58.87722721557543,66.93169763963043,31.099262622953397,3,5,1,0
40,58.30935893383583,32.605026745942915,55.557697818722914,1,1,2,0
38,50.153222013209295,97.52526972748728,11.318297569325274,3,3,6,1
59,80.10728165312676,47.893624712093974,45.379426411251345,3,4,14,1
10,17.68659350302736,15.6017169006617,16.96029920868053,3,9,3,0
35,34.504816477324795,70.15244078634424,9.55750967733471,1,22,6,0
51,63.49397507729141,34.08513278428247,96.82298087562673,1,17,12,0
49,70.6403797954558,19.11580562403321,74.3589808690926,2,12,11,1
32,43.39410101882034,45.16821947454249,73.31048349629776,2,19,11,0
7,88.16027001608715,96.60111641829144,13.602220500956449,3,3,4,1
21,44.471872686111865,44.085904756777346,93.28829982633548,1,20,0,0
20,43.263732763091646,37.99670774445103,49.59950892593913,2,10,9,0
26,8.43968984130157,47.22835139658389,85.96698646545595,2,20,2,0
4,57.35842693849971,6.150992031966594,6.1971046058082235,2,8,8,0
46,72.32467965863098,17.644646166868338,33.32961572706316,1,3,3,0
52,15.87162553410057,85.71908872278773,99.62447660201424,4,11,11,1
22,34.01611277834773,97.9132691489788,45.64461405606292,3,15,4,0
15,79.21941060937095,20.00444113234973,89.40688619211369,0,20,14,1
56,39.76234636428966,55.87419274675629,36.15984309524877,2,12,1,0
40,27.95223389380379,96.80167621153616,54.9062675654796,1,3,9,0
21,68.85906303868566,19.87523073700157,86.15081126296624,2,7,14,1
15,23.692083878807285,22.699413662732773,62.55295321937386,2,22,10,0
22,90.0870273604018,93.04755362319784,73.8932725512476,1,1,7,1
52,15.031847622483392,72.04032641297633,26.739154400858588,1,10,0,0
28,72.12223121686856,19.43683525000527,19.80959155823825,3,17,13,0
14,52.45712662220564,42.38180375626793,26.87911212391732,5,6,10,0
27,87.64330842771439,10.345644700397502,51.8396213972704,2,19,3,1
41,16.988533647492478,46.10379572218095,81.09165265294274,1,12,5,0
40,69.40001725712834,78.90064197626852,38.6294157952453,1,2,7,0
58,59.34519072223124,57.62734518568208,58.65749928923726,3,12,3,0
28,50.60856351280441,66.5070015725393,81.4571837929326,0,19,1,0
26,51.6836900261035,36.04791255901988,27.683764278800982,1,9,3,0
49,73.58781137086042,20.332612185755337,88.88269481738189,2,6,0,0
2,94.0854572188081,6.246084198481019,95.54281966112642,3,17,7,1
25,13.668907616309568,83.02467271128782,8.702162900935555,2,2,8,0
56,6.852751522999422,65.48218313784984,10.615555458054784,3,7,2,0
3,81.54195528571434,26.785517922330396,13.641173280890603,3,6,13,0
8,15.276091817322136,44.75122620734301,78.79299880841624,0,14,7,0
44,98.73619562764026,81.13711052917085,22.98700979200288,1,17,8,1
33,63.83808365108953,56.17651767868164,73.94111871426117,0,18,11,0
42,66.83230754914337,33.515188262367936,46.92122663782921,2,6,12,0
52,23.894711779111653,30.38252913121512,84.44422589028325,4,12,7,0
35,27.829669478184073,25.673332322638434,81.81276421640482,1,6,13,0
6,67.63827879442876,83.25433861274614,96.16794333133248,2,22,1,1
39,91.42404960374871,60.27673331504293,28.848595795259047,2,14,1,0
52,98.32710267916885,72.36993074163911,26.777720463343055,2,13,9,1
23,23.8129399299539,86.71144193275427,7.993257652416931,1,9,12,0
25,17.741364157430066,98.75186174037054,43.98952906552024,2,18,3,0
59,10.358128987275094,28.700940720424285,48.61100103176462,2,10,0,0
50,87.48821672532615,22.185736308501728,96.62881417579662,4,10,11,1
43,32.99791045136453,48.889842565425106,83.92460294633744,1,14,2,0
19,5.172143217578908,8.331771550460587,20.845213214742735,5,9,3,0
5,26.26271817536074,80.21319874853519,80.85648944777908,1,9,11,0
51,37.34190260944475,88.9571998892663,21.938431679396807,1,9,1,0
11,99.1436861021851,70.17377138106269,12.387681636488823,6,3,11,1
56,54.73645141642276,30.459527333542887,84.52286138838997,1,9,6,0
12,24.447825021534623,16.699770028935102,97.71616027640816,2,13,12,0
10,36.80774274777785,41.30369785238939,13.37126173014139,1,10,9,0
8,36.37923031790345,84.16688394799907,82.3228632407558,4,3,2,0
24,6.873945914001672,38.04364135968089,86.62520162110091,4,20,6,0
28,17.842390146285855,8.254184494530797,16.281780505312007,1,4,6,0
41,71.04366367180506,31.05663574138753,31.90907981833487,1,14,12,0
36,16.42384372421979,99.0448329571937,74.69776070624117,0,13,12,0
37,26.91975627758129,69.28353178825891,81.7343765603402,2,20,10,1
21,38.320043348409335,90.58120884782714,38.62754159471819,1,7,8,0
8,76.9848197277179,78.61220041260522,20.193292969554488,2,21,3,0
55,60.32809166245429,56.27202395602992,66.59272522087761,3,7,3,0
9,70.45499857391398,19.125442877523128,71.68701730813042,2,6,0,1
47,58.86617091491636,38.12122544379318,52.842746120027655,4,23,14,0
15,69.94128039607756,60.45532140105111,18.76940142580148,5,8,14,0
48,5.270004598077382,87.71007312953924,85.22624071064814,3,6,13,0
46,93.4353237152858,30.524129357165467,66.30026611131908,3,4,10,1
40,15.537421933106618,16.516552587321804,87.57060363892934,5,5,5,0
18,43.59366411780596,58.08907016770765,93.63206207655784,1,18,5,0
42,78.24864517326121,21.76761613921529,81.54129626661654,3,2,6,1
20,46.346918210895275,62.98436808558113,96.0724543790518,0,22,8,0
6,94.950042408414,30.03453703595454,95.65448584585704,4,24,9,1
12,49.42095010738284,26.941485408559345,63.83773276208193,2,14,9,0
2,88.11924353225378,42.92217267394466,74.17653968007303,1,24,9,1
7,82.02867076941574,61.35321696800486,71.44381085415252,4,24,8,1
16,98.1936987658749,56.80517893018474,64.00793852710488,3,14,4,0
3,93.02203917134268,28.24977533732315,6.838741703930961,4,5,1,0
45,90.32176429772348,89.65608407307073,38.811134798135434,2,11,0,0
3,74.50241234934948,15.4387871248441,14.507439802590634,2,20,1,0
27,39.86482399048097,8.749418492061853,33.52461546255688,3,3,1,0
50,15.081914763665733,62.257095593588765,11.513656657979258,0,16,11,0
43,70.42127996511705,16.723680966220265,92.40299218187651,4,20,0,1
40,97.97213772710668,52.9646273565013,47.8763419873155,1,8,11,0
38,74.02742154652755,95.4184620189151,22.989622529161615,0,20,7,1
33,93.22929008134687,71.36512578801506,60.55402695107543,2,15,2,0
28,81.40894773077409,63.65837513778724,23.66283867039891,3,14,9,0
1,20.495894136084484,59.606496362866665,81.42183057009049,1,14,13,0
55,28.674358206172293,22.056228958961313,34.06231542532385,1,8,13,0
8,37.47723216742329,46.10154333966992,34.91556012216842,0,24,9,0
37,20.98474221211039,37.53973319984244,87.64533967205982,0,1,11,0
32,60.25687660393564,95.54206061109596,58.12427404177231,3,16,7,0
48,97.66779979282038,28.02042198021887,89.29370004677344,0,12,5,1
43,77.33858917643506,49.79405528262488,44.22436283720902,1,14,0,0
37,45.22174116140888,94.11753951124376,37.6731311724474,2,9,12,0
4,5.427925693127423,79.97216198173493,53.08928474028028,6,14,13,0
30,34.76122105812698,96.6289477320202,10.841708764276406,2,13,12,0
6,55.042132330760445,62.791374238964146,19.649073264885512,1,19,6,0
46,35.80383301593721,36.709751200863735,25.854555394000148,0,22,2,0
54,15.548317687266657,83.53172866908561,82.58434185521388,4,16,8,0
19,47.06267090187998,32.68834578047021,74.71088190652227,1,19,8,0
32,29.05901761174304,20.65341618162916,23.36419148447464,2,17,3,0
9,91.37707576384264,72.0974373337057,31.29101861548496,2,23,1,1
12,14.666680207596496,65.70078803576415,94.70487702937712,4,5,9,0
11,9.669499728847486,88.50014574656257,13.151281411472292,1,3,14,0
46,5.504846069711895,96.38285199252482,57.00823432406571,4,23,8,0
55,36.16662002613749,86.43377078633264,54.59066424137741,1,1,4,0
16,67.73674962908441,10.702070770885722,73.94224262998047,0,22,10,0
1,74.3893065237703,68.12877613331548,29.836360753582746,1,7,14,0
45,48.059859921263694,79.54957922208435,93.80340182580098,1,7,11,1
55,70.01122179325034,98.28322881326676,44.00537375472602,1,21,7,0
53,39.191833440459526,40.592823453700206,32.143362687249464,0,23,8,0
21,68.4415908987286,21.138750790759048,37.00259460035715,4,17,10,0
30,8.856618603725474,86.02864087073601,38.12862313602712,4,7,0,0
13,42.12153353386539,35.159340645092755,23.898199298201593,5,13,10,0
34,80.13071937515203,61.82918010041659,93.16512238173726,4,13,2,1
4,81.28557289360512,42.040002600234985,21.613142537886745,2,10,6,0
28,73.03413399319099,43.22099439207281,88.86910026224007,3,20,13,1
38,24.40266895413712,74.5841255218579,43.46827589434061,3,2,1,0
58,28.484486298410157,39.34013690729417,30.581265933521404,2,6,13,0
31,99.62842909012866,70.84213573219625,23.858350519672825,2,7,3,0
59,14.82091068418619,6.361203267968699,52.91252134128566,1,13,3,0
55,22.16295639572889,35.84150205036822,68.5795615840088,1,23,6,0
27,17.352494286762596,35.30918297859795,90.33099789374572,3,8,13,0
5,36.12722154994348,76.13935216018811,66.98242545246276,3,21,14,1
25,24.96670434722272,34.882926022434646,50.94793657591316,1,13,1,0
3,52.28035615703835,65.16607757468289,8.180226134931486,2,11,7,0
33,50.22196715361139,70.40981820024716,91.96555603918388,1,10,7,0
4,90.6430338478738,67.55042669872594,90.72507808333177,1,24,12,1
25,8.30029500725424,62.31289969962313,40.97811189547837,1,4,14,0
20,35.388559783437515,44.2936006881925,7.7582929541831875,2,10,5,0
34,61.68249973972357,40.46397287996199,74.67010739322235,3,17,3,0
26,62.45616737517656,58.635485545709514,80.20968330142756,4,8,1,1
5,50.61199175634987,11.051794736011,56.53425380775797,0,20,14,0
35,82.4882263773902,88.20288499489497,43.27312359996797,1,5,2,0
28,10.958606284373586,83.4049385878826,85.8576195912849,1,20,2,0
29,82.47133773011291,37.90654811853302,23.289059585241898,1,15,11,0
9,52.001652841391845,58.84781672163497,46.758027975502976,2,23,2,0
52,17.707266032315207,93.561631327524,7.326180518275613,2,10,3,0
38,89.14168178634537,30.805495754149185,20.581000157861187,0,19,14,0
50,66.67673405639152,75.53325043101107,94.37896729441104,1,18,14,1
6,20.53684024829323,12.85952169549549,59.91790878465197,0,12,6,0
19,8.196723722907528,54.72035400974225,81.53127130514275,2,2,8,0
44,18.40541659160168,88.97706729749328,51.217539339757785,1,7,9,0
57,62.83580621713739,57.41238199416198,84.30857431081131,1,11,12,1
11,22.033142349704605,63.54401854952463,56.20029852992529,4,15,14,1
2,26.44749211312767,91.22573286440668,5.431082774043635,1,12,3,0
47,7.388273946849847,72.95926080473127,90.47140566792868,2,10,12,0
44,73.67841386266734,71.10761962130523,19.1137813844117,0,13,6,1
44,81.98461797714653,60.70648209882535,47.80270232423823,3,22,9,0
9,80.7005767933517,65.13391834827975,50.28406124062884,3,2,5,0
21,17.118974379607003,81.35201528157864,9.487446000522814,3,24,9,0
24,90.81360710193212,98.0271429132382,10.041686616728269,2,15,8,1
34,68.8664888000376,80.55590863077785,77.44242189724714,2,22,7,1
22,90.26521912580212,72.21599900456464,33.542825054816014,3,8,1,0
3,47.48024793041304,17.87676394309391,43.914675792788984,1,6,2,0
12,46.510711802951285,82.62263680696086,58.59068896919778,2,4,5,0
28,79.53096927506505,74.9194649028768,40.47167993199747,3,8,4,1
30,13.863296270290634,78.19105856311722,78.62855552160343,1,20,1,0
26,54.48303348031415,26.954165433114632,89.02414209382091,0,22,1,0
48,84.45650238496644,90.82715117138814,10.673198991386531,5,5,4,0
21,83.86829349160928,14.241729992951909,65.36332147093783,4,20,4,0
28,95.83262135252504,29.093145290734924,35.1777007084291,0,23,0,0
56,71.33589638540192,67.98722664081816,60.41115144959527,0,8,14,0
26,24.738209796774193,69.00287406394644,50.971195222568355,3,14,9,0
33,6.9266299149851775,34.765833798578356,36.69945949616681,1,22,10,0
21,50.54450086957469,71.64437882562241,14.00748640141103,1,17,2,0
35,53.801867234142776,41.85340107721285,58.14679159277527,3,23,8,0
52,27.824945527398487,5.016674006502714,15.715293810544136,4,20,14,0
34,16.846257476742306,20.447582567301435,19.831408376786033,2,2,9,0
41,60.68977578809835,88.84873614572656,98.30664921843646,2,19,12,1
51,77.60428903229342,26.155931114294788,35.086993082972484,5,4,2,0
47,99.34963984106524,15.726482191593211,60.52143801403974,6,14,5,1
18,77.03874863499925,69.80905756365348,30.862034491811077,0,7,5,0
58,80.39507935428018,46.86711202892493,87.22339666758394,1,16,1,1
11,63.56378343173576,80.67613895777622,31.917318132968298,0,10,6,0
57,98.66265260215168,86.83726878374988,39.854089405561446,3,11,8,1
23,65.7958565858842,85.368943351787,62.79681989195314,1,22,8,0
48,86.72406220797191,34.73587582370486,87.64873722623572,3,5,7,1
22,94.8495413928908,53.026864106975594,82.54034468044627,2,12,13,1
17,93.3365575475533,66.76346479146159,30.06668912791151,1,24,4,0
5,41.234457659418865,35.58839329199178,83.80772096207575,1,24,7,0
44,12.472895539854571,8.904434958536724,71.61355496214149,1,24,8,0
11,21.328001741228448,52.08811631820731,99.03370658904652,5,15,0,0
30,10.62621401267771,6.2177416792314,93.86752845869388,2,24,0,0
15,15.012708808768304,95.31133434896498,55.647988594310846,3,24,10,0
27,22.541868359901276,80.68494637693752,76.24321882329143,3,10,12,1
35,37.40396007580316,23.24092876974148,59.16707168878669,1,23,4,0
33,56.63626642463221,32.31931614473319,61.524567000922374,3,2,6,0
20,72.60979563873317,98.36966206184664,14.642578847888982,3,18,12,0
16,25.03809693011863,40.48711264342392,5.21334230537725,1,11,8,0
34,68.88962840262325,79.45362395621977,9.57770557511429,2,5,8,0
2,71.90461207772987,47.44746949982916,96.8299134499703,4,6,13,1
35,58.069122002288,87.08911278955797,16.995481652683974,5,13,2,0
40,90.84369763087751,71.85658327534335,9.217021896642676,0,17,0,0
56,15.544507322572011,7.176455689660139,34.416199922180674,0,16,2,0
28,21.826538472229853,32.967039164227536,60.87709429568018,1,23,7,0
47,45.72315831700106,58.00926991487798,95.1037612087786,5,23,6,1
39,17.037709847252692,92.9865341866266,71.48931996239126,1,24,4,0
6,58.798133653788305,14.692839990941586,31.253532045515847,2,1,10,0
9,42.84804432789531,62.11044108255136,94.21051173252908,1,13,9,0
20,32.03660048091225,33.70678948420247,8.42390215019408,0,10,11,0
1,21.14903223667554,89.48613929184683,98.0101306903453,4,13,14,1
8,36.85713264307998,77.69111291755875,10.570866578512655,3,20,8,0
55,62.756138329072485,40.12175859088211,76.61574744043077,2,21,12,0
23,59.6995950344941,20.8748005713183,9.303266221478028,4,18,3,0
3,20.544280019972213,6.092307377743288,93.49833702500818,1,18,5,0
4,16.867382020360175,64.00777281383513,15.323260189458216,0,4,11,0
58,7.534292447842891,43.58176172496816,9.795506237577833,1,3,4,0
25,6.180431410423565,34.90186682177307,89.48018970837,2,16,5,0
47,88.58199139337009,98.62271770549938,14.100418972174374,3,7,14,1
38,9.283441320512043,49.28350287822994,80.80347262410794,3,7,3,0
15,74.4660054379584,76.23473194631529,75.96829084332074,1,2,2,1
21,87.83858414327092,21.854179638867443,61.8934136563948,5,16,14,0
35,14.31549561343347,6.278249485472308,40.90645842083412,0,5,4,0
57,46.44863526413667,44.66844884756152,91.98015221513396,1,21,4,0
53,96.41878340155628,68.23815931955286,87.75271930747182,1,8,13,1
53,84.24317274974058,53.126876137428646,45.493475540866825,2,8,10,1
46,51.521883026496226,89.59429447431715,27.01387084989158,3,11,1,0
52,77.44425571519753,46.22803836278066,30.894308594749376,0,20,9,0
14,84.17087432100807,34.54526724954366,25.930739849442624,0,10,3,0
36,38.06256150292833,92.02462423972614,56.41893646225169,0,1,12,0
12,89.75452710264628,43.64621647026618,87.51118871417827,2,6,2,1
17,49.69496536932989,30.616546855763104,78.49313688382618,1,7,13,0
39,55.14169953808885,14.277802296957638,80.5734936948167,4,17,6,0
9,99.97222559307394,80.36442845550299,47.58740671146631,1,24,4,1
35,85.11378178445533,83.3836887757951,35.632259020846114,7,16,14,1
13,39.3681505484331,8.16328943869134,76.94879821698,0,14,5,0
15,5.982831664906495,39.07133184814485,80.36333620617631,2,24,13,0
18,64.48653701042,76.23826318680617,71.05860211566704,2,3,10,1
51,71.87177548217024,94.90627551136512,8.050176641515502,3,9,14,1
33,66.82625556362106,40.892736965265975,61.02004536650597,0,10,6,0
6,96.94692336050524,87.84507598105189,37.96935377854904,3,3,1,1
59,86.9822475965537,42.40343862055853,23.63831115752391,1,12,9,0
27,47.63901085216161,22.05198958805157,70.96755001751836,1,4,3,0
23,10.97146130987619,5.327383658802621,30.5099828901774,0,12,13,0
59,50.225583102689704,36.36719719952358,91.71991010080627,2,22,14,1
27,70.4781818963922,40.95512981910029,33.31751200750351,2,23,5,0
34,62.73243178156544,94.78616524429694,57.74215696614613,7,13,2,1
56,56.12302143253406,24.576673979959168,83.63740554690519,0,24,5,0
46,49.537801011447925,41.31191726166295,43.20124211260141,1,7,9,0
38,32.9073779376017,7.38964233319575,83.72250612789756,1,19,14,0
14,31.347942363839778,77.5362748336817,73.75115775952293,1,18,0,0
36,52.52199049795118,91.93841744422372,92.4822655428997,2,18,7,0
53,20.257298910816655,27.592961491266728,35.954283446027716,3,9,9,0
8,37.36511523960615,45.75453551081563,14.977666154112566,2,7,4,0
35,35.77803109745946,16.60069902976943,45.88320230339061,2,7,13,0
19,60.777616150499085,48.39936587972462,79.65227957296811,1,21,13,1
30,11.334818534487336,17.667534046189065,47.79133577205524,2,13,13,0
14,83.81852462518404,54.71810696981945,29.88885336834171,3,6,10,0
59,58.4259461365182,74.78909384106214,7.622301869436404,1,7,13,0
20,68.72853467371385,57.567563607345974,34.737261280803594,1,13,0,0
49,71.79392085714612,28.29585994680071,72.7712055604981,4,20,13,1
25,32.69099300004097,38.61061861954599,19.023306841539977,2,6,9,0
40,49.68529890156232,65.66441008203508,37.38354112918762,3,17,9,0
24,95.84336580761838,61.02676468998589,6.921988861985664,2,23,14,1
14,77.83699760969742,17.99360487152668,73.56672530646917,0,20,10,1
26,97.1079031462026,85.27019998877977,88.66488946986165,2,18,0,1
38,75.89416278889739,50.14294666346647,59.01019018036325,0,20,10,0
23,21.682013272309153,20.425076330007336,7.457850059799945,1,8,9,0
22,11.130908965244242,16.66852154459928,25.674404692205645,4,18,14,0
48,59.87783648836805,96.72741859128736,46.65456785301817,1,15,11,1
57,38.99226157174791,31.74583556148687,60.820215953341126,1,1,2,0
19,31.168501463126173,91.3163908520557,52.14625253469476,4,1,5,0
46,81.68504466041466,44.0056033830492,92.0072744090708,4,7,1,1
51,39.864360372785,41.662535893053075,94.170450058143,4,16,7,1
3,35.115092124758874,71.58825211669604,15.179483941220727,2,23,10,0
42,85.748821351056,5.938912338668836,18.14713342969717,1,20,9,0
19,85.39729696621372,37.118504554887096,39.01521666207781,2,14,6,1
9,38.85483058673038,33.751342658221844,45.017313780556485,2,21,10,0
28,84.08737659366679,87.46931895698441,60.676335802806925,0,12,1,0
20,85.82395658160274,55.26673620697441,78.45017622982738,4,5,0,1
45,45.27340082781829,39.63416493630393,17.897932028365542,4,7,6,0
7,11.314947369871298,30.277534478473218,81.25077112736633,4,12,12,1
14,5.15054122430231,61.09843183700976,62.952689780154834,0,19,12,0
9,54.71278397445453,19.40894835161964,98.18402377552516,2,5,6,0
59,37.68717187018379,28.38945300833425,66.86092941784057,0,7,2,0
55,99.72752994504476,32.89315568115123,73.02869295036818,2,7,13,1
57,78.379044964592,62.751350022659395,23.544842308206103,0,13,9,0
19,77.32116835328918,40.45922110656517,78.04188575910844,3,20,12,1
47,95.74806298729764,53.0494135114047,12.5302868799015,1,17,7,0
52,89.33381779986547,66.79163505782573,67.37039143787767,2,5,7,0
14,35.22781054835693,95.8458020767303,10.27942634062663,4,14,4,0
56,20.768786052368252,77.65955272476147,15.946453024411696,2,11,6,0
38,75.85976518122081,43.49939415435023,15.247296060076126,2,20,2,0
53,40.93601989987294,76.0861605677394,9.985986158142849,3,19,5,0
36,49.951401904940866,95.2209471873252,35.508197109860156,4,23,2,0
40,64.88778447110856,52.44115183714186,99.46348350074094,2,4,10,1
17,91.24790430884786,43.99720864667452,38.081410003845946,0,22,11,1
30,44.81333659874176,12.411776405069972,77.27371176716223,1,17,8,0
9,79.41510457083933,89.77518521183191,17.57011650642455,4,17,6,1
33,30.49228017109246,28.411256675397283,48.17665262521819,4,3,0,0
56,71.30732013774329,11.076000197818257,22.586004378664757,1,14,7,0
52,5.150045002401628,56.034331226152894,23.249231158854386,1,21,8,0
25,87.7931852816103,85.36046636634488,14.470553474533606,2,6,9,1
14,7.886060095673938,43.63033028418998,46.044194537653546,2,10,1,0
11,72.7116067024455,79.39140966510654,12.175817471123594,3,17,0,0
53,9.39452797982197,84.4576206919796,91.4320788537878,3,2,14,0
35,30.29334144243033,48.16833808788705,47.55053054933566,4,12,14,0
41,52.234228337872544,61.14073126434499,84.66378343659872,2,24,10,0
59,44.89417510808263,55.721668361199306,98.04912272202364,4,21,3,1
14,23.224430887096005,94.22360685527764,69.38902198792276,1,16,8,0
30,36.71241661237755,73.92304008371732,90.64352192774648,1,16,5,1
41,74.13210515579188,92.90756702316074,17.859914447785226,0,3,10,1
4,68.57942379506659,25.90094791588733,83.84939635693141,1,18,12,0
59,11.822385457571992,34.47250092410369,30.76564665494771,3,7,11,0
4,75.9950034294242,11.73677995210643,49.89681369000529,1,10,9,0
28,10.039358713717691,52.491255886101726,66.42535166396156,3,8,7,0
8,56.57800696447952,88.02274954166153,90.83664129084532,1,18,6,0
2,29.70596106400811,36.05043622741799,91.54441108832548,4,17,4,0
41,60.83056211818279,17.186800160186493,13.749725828475274,1,3,4,0
46,29.826197614385677,11.502394218260031,39.632771438000546,0,8,13,0
22,98.57100711445396,47.51252588974718,80.35164463500058,1,20,5,1
41,34.42417745411553,20.582065739732514,71.79990447706142,1,5,14,0
56,27.98626038907712,37.87988274408483,7.50348227697866,0,20,5,0
55,31.45420263695787,82.8980817678315,47.739493480410225,2,12,4,0
16,90.16492143963306,41.48450136196482,83.77904403674368,6,6,7,1
29,65.44078872358776,62.9377372343538,75.08002154670841,2,23,2,0
49,74.41498925497376,52.70520530316741,44.12573027157065,3,24,8,1
48,92.21099845896327,73.26066283215346,74.84030662294177,2,10,4,1
30,91.62788606027571,19.835671103819035,57.36501736797762,0,10,8,0
12,75.19985542497912,92.44189846594378,91.6997548164872,3,1,4,1
35,23.793320739925676,66.14511576725336,60.777081568051656,2,9,2,0
11,85.12046546412552,30.74060450011019,43.069746985464974,0,18,8,0
46,24.35872324815105,16.709102273115608,86.97745933398227,6,3,1,0
50,75.57538733935104,19.22392859388808,9.737540019130886,2,1,11,0
21,70.13229132176306,79.35297805513027,90.54851114556028,0,10,12,1
21,77.09444076334243,60.87045506473101,71.1529473772896,0,3,4,1
5,55.605139667812495,41.17203761822742,94.3575567402874,3,18,2,0
48,65.67898731367586,36.6255803877536,28.79796256706104,2,7,6,0
20,95.56540764125424,86.29701041805036,71.01752964078682,2,7,3,1
37,14.603416446550415,88.10243975923879,81.89901035606948,4,22,14,1
3,34.3404911042539,60.21989364983283,71.69974507965829,4,10,13,0
44,63.07891624434633,54.83168623817845,24.98170171748018,1,13,7,0
33,96.58514236249148,82.5625639972743,31.181008966920142,1,4,0,1
53,14.079572527947107,76.18684208046565,58.840523103004,2,12,4,0
9,7.142176045358211,43.0308924161399,47.4413072556231,3,3,7,0
9,10.29621185468116,12.860175051331414,74.83613289957019,5,23,1,0
4,9.978540213813886,78.0075101994639,40.97428568930045,4,16,5,0
35,91.2425064888534,21.026597749323155,86.65064957667364,1,11,6,1
17,73.51950125371334,6.555806115455442,46.03243847849127,1,3,5,0
34,69.32510478864644,85.11375414437913,8.803921667905279,3,8,9,0
24,54.6444179248719,59.93411530698827,6.649587209069842,2,7,2,0
32,79.28549861235443,89.70827337589705,66.44054567803204,1,14,5,1
1,19.786559312351127,51.03586790377371,56.352546236773456,2,2,6,0
8,42.23441302990155,93.01570456758328,56.560741118847425,3,10,12,0
45,51.55040382261263,38.62731605799206,80.05085652270233,3,3,2,0
23,15.488902279288991,73.82959022175783,40.69342229077336,4,24,11,0
47,44.853802387064114,33.59371837986943,99.56746477152356,0,11,9,1
40,35.06766902994893,5.110548111157951,94.82535955793595,1,19,1,0
12,8.38030385037895,41.07573078215089,6.231367879993347,1,8,2,0
54,17.989863259277346,75.08772374537769,90.09556297888184,1,20,11,0
12,77.58349820090982,19.25229704741882,69.65221678516018,0,5,13,0
46,6.713601402941223,52.95619315470234,52.69858199752331,4,9,0,0
47,93.7540634141543,25.170541060817925,60.36101003893403,0,13,6,0
15,13.210340082487557,12.089291534814777,84.97644951011053,0,11,3,0
41,80.92761894932852,63.65793828471005,95.34855224693726,3,2,2,1
19,90.36857138962972,95.43692411882328,58.231694349962034,3,12,13,1
26,94.40788056079248,34.51690077820212,22.222687482916044,0,3,5,0
52,87.4103172321174,60.161351034195285,65.77662846311516,1,15,13,1
29,32.317253745417105,95.59231993632548,12.240801996915163,2,1,2,0
22,36.64327747715531,66.79591824949532,65.33817999931244,1,24,11,0
40,45.521841367957215,68.94576371944565,81.81812124005297,1,11,10,0
21,18.23318549367458,21.998208598279408,38.56648646615926,2,10,9,0
51,7.115883231386267,51.79791949101853,11.7625203042415,1,3,2,0
38,87.5665533566983,39.87286097328843,70.7614821992261,0,14,8,1
20,57.64222803999336,49.74090097714785,37.23623126601502,1,21,1,0
57,62.82867950693055,81.07852476197833,28.664181928652404,4,16,14,0
29,93.06390510769056,48.76640383587934,70.47226709960799,4,9,4,1
51,68.18641692079349,10.970814434494333,97.11071454633552,0,14,9,0
4,70.63108291228227,91.026457809332,75.80562585544506,3,21,14,1
55,79.7620216014905,56.75750930793721,51.67825385314067,2,1,9,1
7,16.053102736453358,92.82696406037772,62.04851863029408,4,1,1,0
28,39.215404555310194,59.37367864262432,18.51649632514994,0,4,5,0
28,96.9797531318198,11.615450017630756,82.25526213986676,1,23,3,1
4,92.67835741955764,57.52259238494827,62.4080260080848,1,23,6,1
22,88.98715314946756,59.69519858680466,96.75388780981164,2,23,12,1
12,47.94840848220238,25.36228853758268,98.05091998754506,0,22,0,0
45,86.43333059074654,49.747762989915785,38.68573578183829,2,1,7,0
3,9.597608784847733,48.64694362799688,98.91186387370374,2,19,1,0
22,19.109155304426157,64.17323415695735,95.89918516974608,4,21,14,0
44,44.32693135598514,29.663339374022435,65.78403656148792,1,12,14,0
2,50.92224633480201,60.26609970507841,36.67912070361984,1,20,3,0
24,30.0331795844814,27.89044405050957,76.56732097103806,3,4,10,0
34,38.86528373053981,47.41230085937113,30.767536978832908,0,9,12,0
27,20.463729597410033,16.657041437044168,64.83517018408516,0,7,6,0
55,51.467733013011184,8.543552046840427,7.335253310958583,1,14,13,0
41,80.41511282244682,35.45579406921472,64.71536567169649,3,23,14,1
1,67.82923739782404,31.08431631172544,95.40278704968836,2,3,7,0
8,15.24026349972642,43.65891164297794,27.338589057090868,4,15,8,0
23,51.32025232268803,96.38834890003228,78.92705123799887,7,11,4,1
38,71.27640636407386,54.6117830031812,32.875237241982155,2,10,8,0
6,55.340053172624415,57.55178708299187,72.24572612922094,0,20,8,0
22,42.20918167087715,94.45209868480056,71.49737513798492,2,15,2,1
25,64.08187002196843,92.50897807122416,22.550085460595454,1,17,6,0
18,97.02067320352616,88.99063562053969,61.727151489996885,4,19,7,1
17,14.016251427777409,14.30950049282274,86.6210505457496,1,11,0,0
12,42.05152577101826,65.25825399943139,41.34064159675832,0,20,10,0
6,43.62755603937909,81.76940314688362,72.47631037814669,2,16,9,0
26,59.81189449449525,84.37959550982401,69.07085334728191,1,4,4,0
27,19.4565871787822,59.90117853768013,29.46383017105735,1,7,0,0
8,21.781087837694606,6.662077011186065,92.27113817964182,1,11,2,0
19,32.10933166979619,97.50272565596484,58.53364799104593,2,20,1,0
42,95.80765411050936,49.858686762021534,38.75280239652479,1,24,12,0
1,74.74031521693574,42.39161005099183,20.614045691731487,0,17,1,0
57,67.8608636606928,42.52012779933999,49.97854347987805,3,19,3,0
29,82.6109803024549,45.29433360553532,74.3607766006615,3,10,4,1
45,17.11976454708583,28.007168226411533,64.24582562824385,0,15,10,0
49,86.6366178737564,36.09669444623383,74.06999315751251,5,6,0,1
35,61.50910781931288,98.60897292860022,80.2172714685365,1,13,10,1
40,36.856255708598866,39.97596002432895,46.8954528164968,3,3,5,0
14,82.50624929584059,55.03887656500996,54.41578748230778,2,8,10,1
35,81.24363076311928,85.58795526764575,98.7101006001846,0,7,10,1
48,85.34231526308908,55.10564205534203,96.96488260298224,2,5,4,1
45,15.974200510163303,35.82307505372592,44.40762685209162,1,18,12,0
20,97.08931827459872,54.75634280726036,70.09205479961703,1,21,3,1
56,96.16448461002446,15.838199491714258,30.421066941146016,1,16,5,0
49,38.95961632266545,17.350660747113135,19.5062668353866,3,9,1,0
13,11.259931730132369,70.94021556191355,77.99811614925468,2,11,7,0
38,20.87028859953464,92.15876243967584,46.43709709471231,3,21,5,0
49,99.3189284172462,73.93942268140924,21.820016346751803,4,19,14,0
46,58.48622960130799,12.088257862448934,77.09055273445198,1,14,2,0
49,38.87907088847494,43.27508304794554,91.94118418043222,0,7,3,0
8,32.37925591575369,5.242590885466055,93.660982543485,6,12,11,1
43,29.414214854540017,53.564640615935126,61.65170230394886,2,19,12,0
20,68.0945126801758,23.35442606377588,50.56590725261299,3,8,1,0
33,44.841843994370166,87.47393162922238,18.477325685371532,0,21,3,0
26,96.7140164400181,14.911830022562828,80.3150314043298,2,5,8,1
39,69.96508791130934,5.136172871467888,94.80569944952752,4,6,3,0
21,80.24423614965131,47.85887409580724,89.49873929365269,3,11,12,1
53,32.810447115400194,19.76616387294522,76.41942817157873,2,22,7,0
49,12.522708865319457,75.10870631614036,5.434041946123724,2,3,2,0
42,51.3431695512787,92.39379951923252,43.73633308769737,1,11,12,0
43,34.88524692189159,8.984111358743881,44.017846311671754,1,23,14,0
54,24.19790067575275,42.580300632029186,89.96498213117452,0,12,4,0
41,95.50100242608184,99.69742272674024,11.236818107309592,4,1,1,0
9,47.17888036249288,74.60383715006351,55.466145468783026,1,4,13,0
24,21.597316244634637,95.55282615205168,17.932768373076133,2,20,8,0
37,23.871812004708215,20.58791209553478,67.91792185526737,1,1,8,0
49,31.66742553413643,26.030013151735588,80.26427137692718,1,6,13,0
41,99.93504547802272,19.707067856698465,65.98612513730498,1,2,9,1
17,30.461092549361744,33.72505820871414,80.48558839695946,3,13,6,0
24,36.2361714349531,73.81648649125992,62.71214828452863,0,16,1,0
21,67.63617215848014,20.669932772027877,23.03471549511326,3,11,3,0
51,32.92633075897834,54.80223359891241,41.3530342577256,2,14,14,0
59,25.50140385067087,30.574942315867816,95.90253753873922,2,6,5,0
39,20.070532731711875,83.77359901800696,32.376616713910636,1,16,8,0
55,34.70485317764026,5.626278507199206,10.97192650501825,2,17,12,0
41,15.061990514733484,26.195921061173348,41.5588476150775,4,10,5,0
39,6.771425709404375,62.49787196935729,39.79917629019088,2,21,3,0
13,81.44096124679434,14.187497687515044,49.67933749457969,2,22,0,0
11,18.100019529384777,49.29966051486901,58.22882509771519,2,13,14,0
46,78.71780073244801,46.43969316582512,99.2802103181735,2,13,6,1
19,80.76653550373268,85.98968564806755,76.84222450767163,1,2,6,1
11,56.1023550012781,64.41273335084726,8.40962260448248,2,1,5,0
13,34.41978603973038,65.77169590511475,72.7076711796187,3,23,2,0
46,18.7781097062394,95.42172216997076,83.30201609911705,4,1,4,1
45,74.99648513849492,98.32423565572064,90.0849201940167,1,7,6,1
1,62.13176366826967,67.07249955451967,45.28057977572812,1,13,5,0
40,67.26807836688859,54.59013776444515,34.794428970055705,2,17,6,0
44,5.823563535287449,62.75240555416359,84.73585530870763,1,9,4,0
19,93.11411649224333,41.332151980145234,78.87346388906118,2,13,11,1
12,11.297567807422272,98.80837861120736,55.92403274675345,2,16,0,0
8,39.84655908830054,71.97701965220159,16.19886451943946,3,5,9,0
8,43.257606716911525,32.64564546602064,66.9173272114696,2,22,10,0
53,5.12877482730514,10.4877984023465,11.238418811123047,2,7,4,0
45,52.22348438832572,9.248583269436942,14.534846445565886,1,1,1,0
12,76.51685447854594,24.46673315002122,36.45832269789699,2,8,9,0
48,83.21052204590336,27.126740154045603,40.26167220246592,5,6,9,0
33,88.54271436405902,44.42932192562052,48.88753369457661,0,12,1,0
45,51.3332924899601,25.410371105444113,37.21858112578113,1,2,3,0
26,64.9104381003168,64.93649093186573,8.209874766279333,3,1,13,0
39,12.554372763167382,25.06919942700527,19.954490020444695,3,15,5,0
28,51.36363130676624,22.848271199408867,15.93563675404326,1,17,4,0
58,19.70749671281485,49.76751431603514,45.962441863766145,1,20,6,0
5,40.116096174139535,89.42351693576279,25.152248082258133,2,3,9,0
8,36.284004722136935,49.48902130097025,32.886802825021846,3,6,14,0
25,45.236354837943274,44.31563073435587,49.79890901964899,0,16,7,0
27,59.30547870754259,59.91901620867234,27.37837668200016,4,10,9,0
46,90.7732814709846,29.435299481404705,28.363264916675632,1,13,0,0
23,42.476039978013006,38.57647267659127,84.14869685172403,4,8,12,0
30,98.20746359259732,25.314349288377404,57.06825246576171,1,17,14,0
45,77.10766456486427,59.321949487729945,86.3921479000997,5,7,7,1
47,53.59069944489641,71.25181834907545,53.87996194582499,0,24,13,1
23,66.18251152563468,69.00137089410433,91.38010208021556,3,5,2,0
49,14.711296257534729,29.207692706652367,29.200496791835143,0,8,9,0
47,85.2295454747972,79.06657954605687,63.5836531774841,5,1,11,1
20,60.32395823107676,29.315598198743373,52.80701851611849,1,2,13,0
18,98.67641061991218,19.27959737043748,92.27563803490334,2,4,9,1
18,65.46073065652067,38.23183112528346,44.75555989644646,1,1,1,0
2,84.24060041030089,61.78568847123388,86.20826226032392,0,21,13,1
4,80.97746056554777,18.49017278641781,58.57088480755708,2,10,1,0
30,37.81880938948554,66.56827565030335,72.31158042674724,5,3,4,0
33,29.663009397155108,86.99145964408164,89.25484384635784,1,2,12,1
36,45.89689042599345,32.8483484745167,99.70610939695554,2,7,1,0
18,49.38792771883953,47.76962853093635,74.45825807153335,1,2,3,0
37,27.808046683981168,26.68949043439192,34.87958552718936,2,6,2,0
19,89.98679796834233,39.31986426168751,33.40613936275042,2,8,14,1
47,56.54204691856137,7.087204226238205,34.3648633647366,1,3,7,0
28,97.95221725458912,95.60809264021856,14.301290428452337,0,21,8,0
40,81.951688914395,44.509570255158536,10.091894733242588,2,19,10,0
20,57.79196173723487,79.94266043271763,60.18007325075127,1,9,13,0
49,94.96882642371412,18.551126548868417,82.00591008606078,4,1,11,1
33,52.96310743405417,82.1737291895379,8.432781282459217,1,8,13,0
12,89.2751186892737,86.7139945414091,58.83025816007485,1,6,13,1
58,39.02375421360152,72.97032722532953,40.31730651616878,1,23,13,0
51,40.971026423388935,90.80479087342351,89.78609424297376,4,2,5,0
15,44.72241488223846,20.883727299472955,18.811758243684192,0,23,3,0
41,56.929436364608385,50.2657737349189,58.52604047590684,0,14,10,0
39,57.58157566888829,63.91040554153494,97.23746716450528,3,1,10,1
2,52.157897559323,61.6383322162613,37.77813181418095,0,7,13,0
29,34.07009249040091,86.79888877999832,75.46880657288303,5,11,1,0
41,93.08461415512896,25.49067995742414,88.83285972880812,2,16,10,1
10,60.91567924817915,21.686164091192307,22.69000343481423,1,24,7,0
2,43.73522553820152,29.070966511505382,99.29008212489038,2,2,14,0
51,66.86181127064373,89.69725469422272,81.89173317870787,2,18,13,1
11,77.9568419919315,94.3975728524696,18.06860452069126,2,19,2,0
13,96.26916838168307,59.11485990564974,34.53404654890957,2,10,1,0
10,52.45717041542035,52.63033378419938,64.37215364394764,2,4,3,0
14,15.649358483322086,62.51163276120236,89.06718744741728,1,24,12,0
18,46.87275113647142,63.54922673543594,23.509374646266355,2,3,1,0
51,50.50220333807978,21.1789469696321,74.46453034182203,2,13,2,0
54,90.21443742763904,70.20903375419738,30.711561255711977,1,6,8,1
9,42.506073003980546,47.97335472310043,81.51456280962815,1,10,6,0
57,95.56580516427816,54.15128609056429,69.92699259112817,0,8,10,1
39,51.08753123286181,7.880077411839771,54.676358293517694,1,10,14,0
28,97.50914759299825,77.63288009044788,66.73726642885501,1,2,0,1
3,5.778840507441409,84.36565632044876,88.26229832571264,3,20,9,0
20,90.38746060660291,63.84504762378192,41.71045668541595,3,15,4,0
6,93.45644293461832,76.12874535318295,78.07876711482272,0,1,4,1
27,96.29698889769526,54.65707030134968,20.096016313172164,4,11,8,0
53,6.242270746588411,63.74357100296278,71.61262871698065,4,24,11,0
2,21.311579472279355,42.484311354007666,76.3124494348125,0,1,0,0
29,67.10762779385743,80.2280551809387,47.08478119167325,1,22,0,0
38,7.419905714835178,49.4857383751268,80.39410000345984,2,16,13,0
3,11.042854636767569,69.62022591979385,57.924819758398314,1,12,9,0
16,26.00249300087698,64.03579096885294,93.94606777859924,0,12,6,0
30,53.681778030669,71.71987924664623,15.68431141632963,2,19,6,0
40,56.86074313034671,79.59550813689621,17.42803549519227,1,13,10,0
2,8.254806665382914,53.70778075133454,85.03060699423277,3,8,14,0
17,21.18488882424546,82.24126517928852,85.02432108380346,3,2,7,1
41,52.472038966792255,52.239437540802854,49.766351364784576,0,19,3,0
12,61.4243589896235,95.880260672074,96.57640993786192,3,14,13,0
35,19.09816116619046,76.50381611840545,69.5419852695368,3,23,6,0
43,42.88993413496221,21.258456725876098,98.37105844239588,2,1,5,0
1,90.91813646911048,83.81052477952598,55.57756254412523,3,9,14,1
55,99.89543226938636,57.40082777663024,24.15326770356148,3,19,0,0
45,98.78537320895842,98.5237910075172,47.217347067767406,1,14,1,1
15,88.75907847725287,73.28780914898509,98.14624998496636,3,4,7,1
26,42.49270835524485,13.017120924168152,40.189325537793714,2,2,5,0
37,70.2245577471045,42.521240622983136,95.91656114780916,1,10,6,1
21,44.576261639498874,54.14116325396032,80.71702802906007,3,15,7,0
49,66.61006754829927,84.70629230018118,47.00010114033475,2,1,11,0
31,34.3960847421009,74.2878257613284,56.47774803597044,6,11,14,1
25,62.589214092981535,40.08920670810569,62.70671234181808,4,16,4,0
23,54.75705717252074,67.07610531274975,68.24777804937904,2,13,4,0
24,7.325625252253996,59.806536250346035,12.28642557843637,2,8,1,0
57,80.1167758558808,16.974997850478655,93.69086497954024,1,9,3,1
38,6.130294063289783,27.31157583486705,61.71497274456322,8,15,10,0
28,32.84981451406367,37.40661970785987,93.45917586236288,2,5,1,0
21,5.562786218130225,23.570923604532776,65.03035477239465,2,21,6,0
54,40.73913426304383,19.262715353852425,45.94647145592635,0,21,13,0
43,11.000250175593234,10.52878816237727,58.85816109595156,1,22,13,0
18,91.78354184896791,87.94474373284835,83.80281103382707,4,20,14,1
36,44.48953304047251,32.4496247066611,35.981953987909,3,18,10,0
35,48.652098612118955,32.58045737368879,95.86370542221228,5,2,8,1
45,38.235772428631215,24.591673055864767,49.26574379154496,3,22,10,0
55,64.61308464916779,50.162750327068885,95.84251519925172,6,5,1,1
9,79.51877107872936,53.85298695262538,88.67187840060998,0,20,3,0
53,66.5739405896529,24.7867290693826,77.92788585950217,2,16,10,0
38,76.07967624753712,62.8141820970468,49.40659094653458,2,16,14,1
58,91.06749803337976,73.68499616140616,60.75978870986041,1,22,7,1
30,87.03692050878573,40.514808166717934,84.61279417423094,2,4,8,1
44,69.0355530116011,60.61791120145668,56.68530117714656,4,20,3,1
34,25.390606475920716,52.7186809906224,75.12800977115666,3,22,7,0
32,65.58177084898324,23.577097843829705,80.11260984564251,3,11,6,1
3,53.07789409534854,74.35104393358489,53.74404833852505,1,20,12,0
3,73.1358269459899,81.1380376432845,55.943514243598536,2,16,4,0
28,84.12850659732692,66.63534598078093,23.794298136078822,2,23,3,0
44,75.55854223270966,35.77012263824987,28.250221882173,2,12,5,0
15,85.4233111463221,93.04528696888362,90.96960240345012,0,6,5,1
41,11.067305467397263,48.25904685953681,84.83131320301521,3,16,1,0
23,8.003903632559076,30.258456111584294,5.9616430613108315,3,19,2,0
40,29.557553931461424,43.782288978085866,87.59182066886592,1,11,10,0
11,90.56327799031968,70.74713373127993,7.3973141307461985,3,12,5,0
48,83.24762884347751,85.36351963762867,48.53663827952119,0,4,3,0
32,69.8590932905546,38.874672431872895,11.406108980535754,4,13,2,0
58,71.57207340677301,27.099322370890597,97.03819815343104,1,2,12,1
59,74.03369457953019,64.51684752434446,97.37032930140052,3,19,3,1
57,94.54725654605096,92.51543451009712,63.03273948682863,1,11,5,1
54,84.05815946921797,22.412869538145053,42.25946652823569,1,1,14,0
36,64.22208676756951,81.28684131843983,53.63931126848504,3,9,2,1
33,68.24296634942834,50.277682241311,77.418435445782,0,10,0,0
24,25.305324895806585,80.95368787639872,26.203331173417453,2,3,13,0
39,67.44528838984589,53.02640922846263,46.96363666560829,1,8,5,0
34,45.34450617975356,40.846138558710834,75.04052557404306,4,16,14,0
56,19.531377707545655,71.19039501991682,42.562285394527095,5,4,1,0
28,81.60826782842456,90.55959298651524,8.039669598806162,2,11,8,0
37,53.47347448129884,35.4239143851672,53.20246981023637,1,8,5,0
7,97.85537896049505,48.77107282446532,75.05406044125694,0,7,0,1
4,31.75953867507987,26.793059536169636,97.79755887253322,2,20,10,0
37,50.66366066898229,22.423899043648323,8.519384553748319,0,15,3,0
56,47.559568193542475,78.89956352725663,56.29245720434283,2,23,4,0
1,16.47405463109498,24.06309108540203,47.74417290320096,1,8,11,0
1,45.48095148892405,80.36522627677274,28.032634982639298,2,10,7,0
47,32.31757835998786,45.77561992482513,65.58745840448758,1,19,2,0
20,20.230444779858768,99.529628723733,20.5441368212993,5,5,10,0
19,31.80478048343323,23.74743472817248,31.967152894911013,6,3,12,0
29,27.15891067030724,13.832909288718472,79.26695206663682,2,7,8,0
10,74.73698544555842,12.166141612332083,48.73911530242772,5,6,8,0
18,7.923641934620209,84.36471044879906,99.39871145738904,4,17,14,1
28,63.65896105175602,46.588749550542616,41.713770694135434,2,10,11,0
35,77.26282749224262,5.296813216500304,49.00980127952055,0,21,9,0
43,50.66872836455245,88.10327943781692,33.524487398410734,4,20,10,0
47,93.49867310075226,88.30749565647893,27.44789258814932,3,15,4,0
31,72.24866604747085,81.60958403178513,92.61673406350762,1,2,3,1
27,76.05274687458464,28.590255887360037,76.13853081222945,2,1,6,1
11,23.70868130688267,40.41150840638144,36.67324055913427,2,12,12,0
49,78.84307970471198,75.76799139357095,71.51481901634385,1,13,8,1
49,84.04899992789592,51.4885469137206,96.74945629147328,2,12,5,1
38,39.32030689856901,19.61352478873749,12.03455673332182,0,12,6,0
5,25.269491463132265,28.06583513012888,30.127918415231633,2,7,0,0
8,41.57981452434358,97.39600599139794,24.054962173525137,1,7,3,0
34,75.26275705501303,19.34624615557509,87.62940054621896,2,6,14,1
48,44.67570555752676,73.9776718844279,22.023081307394023,2,13,1,0
52,74.98192814635485,50.4117391326562,34.267219619018086,3,21,0,0
56,15.788631392866076,76.11715765745518,56.66677346598755,1,9,12,0
12,81.57111249640602,67.80575790871734,64.00396378076022,2,16,10,0
38,29.054710756023955,46.72088310266096,81.7774574406023,0,2,6,1
1,28.648253832886404,38.621528344891374,43.695708422620854,3,11,10,0
31,61.08619169436677,76.66412916383192,55.753248652119815,3,3,9,1
4,11.661214345964018,35.69841459468351,96.7188971291995,3,9,3,0
49,7.498284035043514,79.838290608414,33.24936498112359,6,12,1,0
45,29.79772320287768,69.58509130158293,28.56895006070586,2,2,4,0
50,56.11641731980816,59.87857117215104,72.50692317746639,2,19,6,1
5,91.22355669139658,40.03608406571825,78.25794576404482,4,6,1,1
30,85.41134174919415,24.48272898780562,44.40399580212929,6,23,6,0
56,51.59241369249267,72.48988111786306,25.23299723107961,2,18,2,0
24,8.519939400881814,13.678176581205188,78.99765230208227,1,13,13,0
59,55.84900978978437,97.20151433479715,68.69682505150863,1,14,7,0
3,71.95558199290308,97.98105188847131,88.24164112162273,0,8,6,1
11,37.220630589878205,17.371148516023172,85.21101411107652,2,9,0,0
45,15.551013811757196,14.873855682368712,24.493542527902168,3,13,8,0
4,31.463955554537645,44.20808907288786,84.07222210842464,1,17,14,0
26,78.30094212444233,96.5499108647477,21.641505406295853,4,6,5,0
27,38.368164066916194,43.02953542695573,87.05187085890103,2,20,11,1
46,82.13824161514246,39.56120030107181,78.18048873310444,3,10,14,1
54,35.354537921710204,71.84058060488327,59.13680205682786,0,11,12,0
43,20.53772864931272,21.97946747654657,66.0110592019924,4,10,3,0
27,46.405594153792784,39.51573093950638,14.88753073310203,2,21,14,0
42,47.9660786674682,32.67420739607634,8.789092241201542,2,6,5,0
51,6.5302807621870125,62.14578914990949,36.41144046472131,3,6,1,0
50,16.119281907100984,20.461524190345564,83.03355208463306,2,15,1,0
6,22.567971783417654,57.12661928259244,49.249629452097395,1,7,7,0
59,15.790795150974114,86.46692604400026,26.222432855054656,1,12,9,0
15,37.44497716502956,53.846201937222176,84.2821454919075,3,20,4,0
53,96.6391712836167,69.9321786243181,26.719589571652428,2,9,6,1
30,53.37614114107241,12.148561679403624,82.47190370788947,2,1,0,0
42,64.61782226771142,47.65553002846908,48.033055437224085,1,24,5,1
37,38.85671545968768,14.014850906405936,49.03201429039177,4,16,10,0
58,35.73133735609888,61.9488591997324,30.90836293653301,2,18,10,0
37,7.198943331925794,31.700165261512755,90.51653198543848,6,23,9,0
42,52.53169728922213,32.290253944216055,13.434601190942738,2,7,6,0
37,50.9428556414083,12.292840028773169,18.718598623834826,4,18,9,0
35,19.993918987206687,34.47259683686977,65.40905298338974,2,8,6,0
23,77.61078001963685,53.13433182517425,85.76095024685308,1,22,9,1
6,51.80406137954528,60.542709801317336,14.067868767596622,4,15,12,0
4,37.204427165349465,11.333227371203211,74.70646369457778,2,6,2,0
18,18.956346357178063,66.88862264302666,75.5385956482512,2,21,11,1
9,57.45527856224618,51.44319727158199,60.24465936566818,1,12,8,0
49,76.51761747843692,56.0062607518523,51.23916457611799,2,15,11,0
29,31.78993850507231,84.1156840079405,35.50333713421578,5,24,8,0
13,25.785463399788643,37.51151230396233,38.38887028110331,1,15,4,0
59,54.58382158613481,21.534855579678297,69.07117987946972,1,10,8,0
47,19.75761373845161,57.421966692160645,11.20229266532148,2,9,12,0
52,68.32827172645707,94.77708216584767,60.56882381673943,2,14,10,1
17,62.50764465470189,54.19761382220746,31.479558283020474,2,21,6,0
45,13.27279471118572,84.03165654135312,49.32756163467454,4,14,6,0
32,8.469436041230518,76.91804517379813,58.10306375276886,2,17,8,0
48,63.927421995915566,54.24142476593399,89.13763764526146,3,11,1,1
22,32.957908528930375,66.51770387707514,60.012114391573704,2,6,9,0
4,13.21234655147286,43.63461748918256,26.580159305706808,2,12,14,0
5,77.14572697086622,55.40972546423341,12.548648051375816,1,17,4,0
37,34.834180286676194,53.1921467526103,64.5638979611423,2,5,7,0
41,48.66195721563124,72.36548448098843,56.779597653358216,4,6,7,0
49,27.49722810810808,43.948225338846854,68.82080017472589,0,3,2,0
13,64.59512244400663,14.477876649103305,48.642675018047015,0,1,4,0
34,33.64139945866415,79.92740466729417,83.38695549663765,4,18,11,1
45,96.96199131662468,70.06103531617971,92.41706981267016,0,14,3,1
22,71.78001711860612,95.26172826844972,8.800420111244575,1,12,3,0
53,17.98861625547925,45.72803670554697,75.68822093549649,0,12,1,0
59,44.586009768979345,12.429537406553996,8.340251750950005,2,11,5,0
23,41.61500447433846,16.553803704508084,47.284185252891746,0,19,11,0
51,55.7534755184364,78.46535660429241,48.85230559327539,1,3,0,0
3,84.98341407552907,11.436941863967183,71.14074776487787,2,2,7,1
42,60.42509144238517,91.2434837682821,38.47831332908997,1,22,11,0
34,10.847884371999932,31.75676057304261,82.98562714023078,1,7,9,0
32,67.26449119627122,90.39350885503583,37.57208550485693,1,21,8,0
45,5.785203304856548,78.48315063608987,37.539199392441304,4,23,10,0
51,79.09624375133734,87.76409844771055,26.162263427571464,1,12,4,0
58,68.33042687906799,25.333770718146745,69.96755479461805,1,19,12,0
49,34.33463754349567,61.59088210228898,12.275786604620682,3,21,5,0
21,32.78197143600399,13.890967546880146,39.49023315905291,1,13,0,0
46,80.83593467189903,24.21667291624072,30.35462088420846,3,19,5,0
44,79.41698573283895,34.440711597040504,26.786885334634444,2,4,0,0
21,38.4687236657922,75.37719619345219,10.793415131524418,1,22,13,0
44,33.40003416757913,7.347866041905914,23.08639599385668,2,12,4,0
11,58.18335494386505,90.79614187285296,47.39321896887664,2,4,12,0
39,5.794737698493697,11.726333802727565,52.85543825039888,2,13,8,0
4,12.853368608721516,40.766568557739575,30.60294401003037,1,20,4,0
51,16.98611106412999,12.703514691215492,66.77313330432388,2,7,14,0
1,22.61412269358155,78.05194509482051,36.90036707741259,1,6,14,0
28,53.64172203416956,18.424922473261898,39.88835463371391,0,12,13,0
24,99.2629819118066,89.05190647493347,79.3493117415052,3,12,2,1
35,66.99827316599858,55.37108872619498,57.4368385353657,3,16,11,1
13,10.82338547267624,95.10491784826264,95.55161086343232,2,13,14,0
47,54.930040535912966,32.58428671677856,39.13361412018813,1,17,13,0
34,52.18129517700292,48.16003442844715,83.64484711946832,2,8,3,0
11,18.6959425027147,70.95346142130991,75.14206590173767,3,1,2,0
36,92.42587503622872,84.03176469424126,89.56794810698003,1,12,3,1
51,46.87269852916005,45.02892333583264,95.8951804276927,5,20,11,1
17,99.48311835792528,89.7810911410806,5.729269217297997,2,7,11,1
35,44.90686804895561,16.20878479081755,13.388286047414027,1,21,9,0
18,62.75598175494288,72.32504828695906,69.0621880166133,3,12,14,1
40,14.952440962886806,38.07890331029774,42.06898667117759,3,19,13,0
22,48.15164326165257,14.62687099259671,82.81688466556092,1,13,5,0
57,27.682759930377465,41.73313289619036,6.138083818276769,6,24,2,0
24,84.37865586426733,88.62048432612895,81.66285328466088,2,10,13,1
58,79.47236056241628,98.1507177724208,17.847989838846964,1,2,4,0
19,83.29709996440906,42.31598642454585,32.57365917644966,0,3,6,0
37,73.74289658700538,89.20955684160563,97.06242902477167,2,12,0,1
39,84.10490624390486,53.417169542978435,9.901820787075971,1,5,2,0
21,24.07873126661748,73.11642857807443,38.15885818300402,3,5,10,0
8,47.94415877508115,9.310285116013205,13.030233686133116,3,5,5,0
28,70.72545359486698,57.944637338482224,86.09241857126997,4,7,9,1
5,65.55228730383782,11.66538394004409,71.78653164105519,1,8,1,0
17,73.05367587303826,30.518705923910936,81.03205184249428,0,24,7,1
37,26.304546399367013,58.84736095752447,55.09155361738741,3,19,6,0
36,14.351297359274026,81.68055781005965,38.98340186878977,1,24,11,0
54,92.09662491710375,58.284896161371506,5.215993862486976,3,16,1,0
19,58.216330078899055,93.93819640594496,31.40309464407685,2,10,4,0
27,19.61346282820404,81.98158821970438,53.88258694278089,1,13,12,0
53,80.37647527929934,19.84281387998475,68.11439346522793,3,2,14,1
34,91.91834397978184,41.951056134654046,26.74905503858189,1,4,3,0
11,21.10853426425536,68.50611559414399,18.195580397372755,3,2,14,0
54,82.6541832505655,94.14857300288256,24.153411892837788,0,21,1,0
45,93.6563808253172,98.83300753074371,38.6372249106564,1,3,3,1
47,94.14435202812165,77.50271160646668,19.095937664140248,2,10,8,1
12,91.8448638570826,59.50808403003957,19.897646770005608,2,11,9,0
54,56.909996174209766,76.87792052510923,9.156411500641756,2,3,1,0
21,38.84007513911758,30.957459849075033,86.38889346367301,0,5,9,0
54,5.690916730930883,31.942287589665103,25.87706928577053,2,20,9,0
11,10.786661552795072,67.16318788542071,83.08073171082228,1,6,12,0
39,45.73970645325211,87.82437975799148,46.639391683037665,8,21,5,0
28,42.93598390719348,97.1319014717536,65.08159239779287,0,13,3,0
5,22.547821409138905,37.42678707896573,12.191702935028555,2,5,7,0
17,42.5706026630074,80.67259419462543,60.440147384117545,0,3,12,0
56,21.59175621825997,85.8954265023119,32.549563301463664,2,20,3,0
20,85.63516901370485,64.20145808798232,14.044945549363597,4,12,8,0
41,33.32851339818189,38.02122881182748,91.28208713594438,1,3,14,0
46,61.86361326503945,63.8134137010111,62.34466402320163,4,19,9,0
58,52.77009088991325,60.52264590959371,27.9622245881818,1,15,2,0
12,9.92879737142926,62.619923050666635,44.866561018628666,5,10,6,0
6,94.5122033516608,63.82972030983354,38.905512737572,2,6,14,1
17,55.08646793379592,85.47052813281103,71.55506825649303,3,16,4,1
51,35.880476122222454,21.157743760396382,62.706151722611935,5,15,13,0
19,20.022024115141484,39.89292502344097,6.879306725879247,2,2,10,0
26,37.16003029904939,60.670164098317585,23.79356401244398,1,17,0,0
48,6.948602287222003,31.91613516810451,50.42215736288185,0,16,2,0
44,39.53802475808829,97.92454659798372,47.32115026411011,2,3,8,0
44,55.49116309392796,29.99927466222127,54.0841137846354,2,19,12,0
52,87.82729335583976,49.61474366102469,72.9070291640999,3,4,8,1
32,70.30056968129077,88.34967934274148,69.79085485733157,4,20,4,1
6,15.600319747657934,12.606047952721491,40.41727510348919,5,5,13,0
55,19.035900821606305,82.96536019895393,88.37025465416654,2,13,4,0
58,45.6717199427456,59.24579505259365,10.97859419260928,2,20,10,0
36,23.592236405684844,8.02119387786869,60.52844003561401,2,2,3,0
38,7.645728870361797,90.77672473684306,95.22012179410532,3,12,13,0
11,81.47641361121667,8.72369936829559,57.16273659340552,1,17,14,0
33,6.854644216309442,53.94569064577282,48.235098577221315,0,10,3,0
24,83.91551249381133,9.657968404739709,17.722170926160324,3,23,3,0
23,18.689876488131773,11.764009355077324,81.96796405080308,1,9,1,0
15,97.59444902667605,89.28440985449973,40.51051455388664,0,9,6,1
27,62.36802162348806,77.75342696143214,71.61836140104536,2,17,2,0
11,74.82338230484007,23.70941145826469,23.76695363867042,1,9,0,0
57,15.495944656966165,63.94445745535411,8.977004278554162,2,14,11,0
51,86.8998869778906,80.49455900096548,34.019407990160055,3,17,10,1
50,84.72327257279615,89.51111092985215,31.73431683840463,2,17,9,0
17,67.03430949646318,49.4891580497189,87.98014908509106,1,2,2,0
51,52.71611213656181,90.2624883531144,87.14400896555162,2,15,8,1
53,73.54147144750888,53.245756908168346,55.71995114713116,0,11,11,1
14,5.5631804570034245,70.38166400688065,6.804899829358393,2,22,8,0
27,61.28187176285365,98.00778914538822,26.690842977445225,3,5,9,0
18,85.50358281827748,27.41541997348004,65.70619645027615,1,9,6,1
28,38.90548928160171,21.00952122783542,14.633798135884918,1,9,0,0
51,15.287488865877098,37.491788372897666,71.55911514834747,0,14,5,0
47,44.98333872560459,20.61790715842939,6.13641498108063,0,8,9,0
47,74.07492266055816,31.995466541963047,69.84099366008068,2,11,0,0
4,15.193614985213893,75.58360572020737,85.23122807164104,2,12,1,1
7,24.57461322022455,50.364783412522286,49.57568336638104,0,7,2,0
45,19.01742544872649,40.62892297701568,83.76269406045358,3,3,10,0
35,80.71003677964637,40.028780501200345,79.24513465816761,0,3,10,1
48,10.974799132986249,23.480347615505053,68.78481926592931,2,14,13,0
9,70.22571770087113,47.50408815726455,47.28918173279419,3,4,5,1
8,39.81340747155318,64.34037807537675,30.83088421814191,4,14,10,0
52,76.80016807410372,18.219709279231257,86.78207640604252,2,14,6,1
45,96.61642478448358,97.4172218396704,66.61608606798009,1,3,7,1
17,15.88180346071582,47.11171176053969,80.81159934880473,1,13,8,0
17,34.86657890140855,95.0562870913825,57.43685813424473,4,8,6,1
49,81.96191563329141,17.792598029297597,21.327311276922845,1,24,5,0
33,30.285046674861764,77.88551555140462,98.04660425378594,2,6,4,1
32,25.436456719373886,63.67561480163677,22.360181388475553,1,2,9,0
8,83.4109078975523,82.90609135662022,91.5679425973658,2,6,1,1
19,98.77282458056716,62.06440268074449,24.77317137427253,0,20,14,1
38,57.90365606405675,96.46948015806656,40.50619696591141,1,14,7,0
3,31.41463109166723,64.55852393833648,46.80792723105553,2,7,4,0
59,42.86376635200513,79.53739190772447,92.5307190051738,2,17,9,0
5,21.162381101442858,88.37026839066989,89.37886423674102,2,3,1,0
13,77.37929149462148,72.8854297649937,83.20599290548142,1,14,2,1
47,78.48003169316296,54.80248237350023,40.784139012094755,1,24,9,0
46,88.13649427633698,30.91762248252493,5.426858448747415,2,1,9,0
31,7.527243541673569,86.17679827258858,69.75041541021433,0,12,11,0
55,58.38822745450603,50.65493400542445,44.04061427419436,2,3,14,0
16,25.35426626260252,63.96728150183061,76.92052831955638,2,19,14,0
50,37.38388647177393,12.526521098687384,80.51094437793726,1,12,6,0
32,79.57078345221821,52.24837569705073,46.7737232771553,3,24,9,1
22,23.243196974342137,71.32497618188528,76.0697437051101,4,14,7,0
29,65.64246630520351,60.48683144370815,84.79404164936936,1,1,4,0
22,67.18378816624183,47.61271132434197,93.20523250214252,3,5,9,1
43,95.63892191571856,26.225595091218572,60.33325658649246,0,7,7,0
3,78.64028821024901,34.41866900856516,78.95548306068885,0,20,12,1
54,81.34533897960088,71.5593140254186,51.98366266991648,0,19,13,0
10,55.50207115669988,26.298116389742894,8.957985040846397,5,6,9,0
42,22.744176680425213,64.06402845434377,19.74603564092242,0,21,12,0
21,45.428519743243406,61.0250731928393,17.18132837776866,1,18,9,0
16,57.201509483622935,97.18966054175206,21.317731060970495,4,6,5,0
12,69.44982891280267,10.77427503604364,5.970211213220108,4,11,1,0
2,62.732365624033086,15.27164769312584,86.57714821018949,2,3,11,0
41,42.427893747138135,53.07792923634692,58.21418539515618,2,9,13,0
24,30.204745164604937,55.07543340859529,41.399250286070426,5,3,11,0
35,20.981930104349892,8.793127586491268,43.92899279981264,0,6,1,0
56,70.9153116958653,83.45626498164795,49.018353903292606,2,24,7,1
30,66.31287405968608,51.998732319775094,12.018932539861297,5,9,3,0
57,70.30038424699163,37.93115593085023,31.093214100092418,0,8,7,0
30,40.390108016265515,35.291108208413206,85.90451152374806,1,2,8,0
47,29.92874314422078,86.83368224764722,75.64914744032852,1,19,5,0
35,77.1735262246879,23.68962231067713,58.52352613412124,1,24,8,0
19,78.49650253025673,20.239682016097877,50.66687854364648,3,16,5,0
50,48.28355552684986,25.2519602762119,29.60245257413544,0,5,10,0
8,63.1308880528958,64.37714202693654,49.76922211647502,2,10,13,0
26,40.48436810201542,82.03843128469887,61.7962512263474,3,20,2,0
49,71.68498401138164,36.442975909877056,72.70060538600016,4,22,7,1
40,84.39355168154778,21.478889820907224,20.83081783647076,4,12,0,0
7,70.38216134688669,24.87344592471895,82.24547550472386,1,12,5,1
30,53.69534955047797,63.82245895919584,37.85207131821314,1,6,14,0
7,48.57250615177518,28.37334649035184,52.80951791258376,2,14,14,0
3,66.02036684269571,88.34162197837985,62.750910076651586,2,7,2,1
1,69.58203470212638,14.869678669359828,51.36903984099816,2,21,9,0
36,58.07929713483121,8.075010730524419,59.33590589464131,4,1,9,0
25,64.36951613520252,13.395933366285874,15.594729144872764,4,14,2,0
37,14.17592483698056,85.33609643670044,46.05476823532034,2,15,8,0
1,95.41772403352104,66.8668043682378,31.644409738941505,2,13,6,1
15,80.12344105454324,95.98574014613878,13.172484619252668,1,24,12,1
37,40.523147622144464,36.94817142062697,23.206676435039455,4,1,13,0
13,58.46719804059485,25.20442216092145,62.23223381060854,4,20,1,0
40,9.495830362960028,58.38764773480617,23.68520825188778,5,19,5,0
8,8.916642329910736,56.093686517041114,22.201080961313867,2,19,11,0
5,28.825841835636457,61.14727887855557,57.51889107673045,4,6,12,0
9,70.52165602463921,38.015716952733136,90.9467381371636,4,24,3,1
1,85.9540360410011,5.560209303494742,79.92582081078383,1,5,9,1
36,58.12265859808559,8.328007029358599,90.9834654993858,3,22,10,1
35,55.55261026032347,68.06351383513872,60.383119218168936,2,22,6,0
2,43.219405710189264,54.70951457477073,43.943308243567685,3,17,3,0
40,20.35180581601201,82.99606966687098,74.31592972648463,1,15,6,0
23,16.243639626025814,33.538936584745706,29.829582677351837,6,7,5,0
9,77.26457731599177,82.46986253696164,12.415126010513353,2,17,7,0
34,93.11283737317468,45.42168427789661,37.73840530945788,3,12,6,1
46,48.53690555669595,14.186346626902038,33.42748626126666,1,7,8,0
14,67.64733757798562,97.90159844611595,69.17619814262851,2,13,3,0
4,91.8734768336894,53.63391326882439,57.37945448712236,1,8,8,1
30,13.560795128743733,64.8004588264229,18.134983485299625,4,4,4,0
31,78.19573804630784,68.72573271650894,91.30789707819464,2,8,12,1
38,63.59760401567963,39.42916396155366,61.367199347956394,2,22,10,1
11,61.870531988836824,76.01519038690304,48.4800014152588,1,16,8,1
35,32.79134070574913,87.67531420834663,94.03351807627207,1,16,14,0
8,69.9698687038793,41.78276275931658,14.243675635800578,1,22,13,0
3,80.50578670797377,67.41508422999708,80.01132912327319,1,11,10,1
14,15.72152566965123,76.9267632778349,39.64322304340089,3,9,3,0
13,55.68453594319346,23.06196028046272,71.0620263377773,3,22,14,0
45,14.620192193803918,36.59662801761691,93.41891562652948,4,11,2,0
32,87.89453183327623,15.33560540619071,54.18274264611465,3,5,14,1
34,53.22548865235299,62.20980410357932,7.150688225730998,3,10,13,0
45,81.75674047977195,81.08908110298134,7.740581866372105,2,6,6,1
19,39.96813557829036,63.029672375568694,36.40327781311077,1,16,3,0
59,16.882431547550915,22.079463942819174,79.25753084253088,2,12,4,0
38,8.94243391664259,56.90500664748305,32.38482759199036,5,8,2,0
16,31.743413973375674,84.31874411000892,36.77451708419068,1,13,5,0
2,28.202201534587463,33.75885562743082,79.52376775376902,4,13,12,0
40,58.23343753189638,84.10189271400084,16.03797152233168,3,16,3,0
17,7.065189616052199,79.53921195814887,85.44723138647413,3,11,0,0
55,54.45420170842147,7.065376744484112,30.25028897764012,2,24,1,0
34,42.2183154911403,27.74820733812269,9.86619174774628,2,8,7,0
42,59.826615641872,56.57952855078395,16.14755710835048,3,23,14,0
16,71.72966517428463,73.17365015182963,95.49271424018823,1,13,3,1
38,65.2387347825847,88.65039993701878,47.8757757291675,2,1,11,0
2,98.5412150904698,65.89902023544995,29.361620069853515,3,20,14,1
2,18.13520766830275,41.13269626870622,54.520740267023534,1,20,14,0
26,45.82501584832896,22.53958464004496,69.82293207241102,2,19,9,0
13,45.35891998111456,77.20340626893099,35.28584876418659,3,4,1,0
56,44.62005435177746,24.64424813579141,73.90076430029728,2,2,12,0
47,68.06084724405349,71.06589953948374,28.963944836184194,3,19,11,0
31,51.533665751938635,22.2151036502647,15.672037044183853,2,19,3,0
34,54.156093182231494,13.650115779399124,57.222280935064006,0,10,6,0
39,46.073819253942645,28.85452125212078,19.356274209942377,2,17,10,0
3,99.21144879676343,32.068331524885856,94.3460634764183,0,23,1,1
8,93.118328137809,66.48486777701645,5.042657672525824,6,20,5,1
23,34.23379798961524,20.283919935495597,76.79112949682192,2,8,0,0
14,15.601422852833382,93.37915673375436,31.549954375906538,4,9,11,0
56,84.77764878366727,57.66436020251598,85.37825186837486,4,18,2,1
55,99.73117388544382,51.63851442756422,10.714333955335649,1,2,8,0
27,32.79784493376632,46.295978859294934,95.5350568384593,2,18,4,0
54,38.9895679549678,58.82712796026815,14.632513964136276,0,8,13,0
29,94.45515224109428,7.132461880369318,79.84886172836731,2,2,10,1
39,72.55730421029354,99.05820558501284,54.14751029538242,5,22,7,1
53,33.08564151906543,57.964815738455265,45.88750522837058,0,16,0,0
39,60.19941667197193,8.34352520331689,31.6147996614758,5,5,3,0
1,94.70181003960433,61.04787244646198,84.9301058486612,1,10,2,1
17,82.12224515984896,46.52248203751949,23.976382765630262,1,9,9,0
41,75.47410780422267,7.283581183308843,73.51792112432162,1,2,8,1
30,75.01464961406712,92.82073145495994,47.3502068476606,1,16,14,1
53,21.91193080776568,6.0038528470122685,99.85702567899064,4,16,6,0
13,83.34471772665397,59.89780930339303,63.0829069161284,1,17,11,1
21,31.23127008212852,96.37012102449128,14.898012363258,2,2,2,0
19,93.3848325006453,27.57242721338747,44.85451296943996,0,5,13,0
53,39.640799146309384,29.147012053141683,11.2984031365936,0,8,0,0
19,86.47773771901437,5.040197213214475,32.13728526696588,2,24,12,0
57,30.292181979191135,11.303361338858188,37.615095513704944,1,2,14,0
25,53.88005897531284,9.264399099823372,86.05177779226227,2,12,4,0
22,15.154103071460751,83.15234695040041,84.60881027771589,5,13,9,0
31,67.71129578463653,84.4900691447673,6.097935898423114,2,16,2,0
17,84.42753114084964,74.03650799752965,55.56646842548377,3,5,10,1
55,73.25249172372953,38.51077618912375,26.236656782311833,0,12,1,0
23,54.70955872917244,83.01917273944001,35.408844314327794,2,15,2,0
32,9.286008467138652,56.278579423073786,7.056872124925843,0,2,4,0
10,93.67689568123156,33.90947626559271,76.22585721730474,1,12,4,1
10,72.02150711497029,46.54129306586709,95.30602869647812,2,23,9,1
36,75.85710264470663,11.247938134284688,25.83036882981592,1,10,7,1
8,80.49465467352668,94.7663252412418,37.468422369544086,2,8,3,0
54,76.03562546312301,63.81605964842481,24.611229499337103,2,21,1,0
52,46.9060355893417,74.46724376840442,93.35462304594522,1,11,7,1
20,74.69407378235495,69.27542018988828,5.888816951205543,6,12,12,0
32,64.37754484198125,68.43624852949317,60.466916722648335,2,17,14,0
50,86.13155169853472,6.639793622237809,87.72257630660424,1,7,7,1
14,81.2336824570502,54.91027157956043,22.699181540957948,2,15,9,0
50,8.930566334389688,83.06247171942574,61.049552679397806,2,19,12,0
28,40.9942735815975,9.229290884101996,9.811569962164066,5,2,7,0
46,8.298034457469983,95.83573996938571,82.3855876889419,1,6,11,0
52,14.697117852779302,45.29516988556897,31.07076666342913,3,2,12,0
53,62.134018590343075,32.540071744880265,98.93157463354976,2,14,13,1
24,88.01307301041408,55.52302935598457,92.5909139465288,2,8,10,1
15,16.383352077380387,81.11534784508844,74.58901714360782,3,16,0,0
22,47.853482309349,50.10173086802057,52.20005093029171,3,19,14,0
30,91.53349595661216,66.28503927570722,77.82596562678567,2,18,11,1
4,82.35859344880083,52.491866847351695,17.407859516562404,1,24,8,0
13,54.36845016426334,64.97086438091011,34.46896576334626,1,13,3,0
59,78.29928673623894,18.112936943680474,7.555156914801421,3,6,3,0
23,54.65590853423102,8.673021686919494,66.27734095292531,1,4,7,0
8,20.018772041870633,18.00563354125231,81.52607561774387,0,21,11,0
18,16.849930756059514,32.15462374307323,94.89712758375092,0,10,7,0
12,22.894982046371627,29.06882593257015,70.21818257977291,0,15,5,0
55,38.33759902173955,63.44165821776146,74.54866782115928,2,23,3,0
31,93.40028042903177,48.30949529275289,90.06829893232036,1,12,12,1
14,80.96944929709213,8.687138197550468,93.95591274152198,3,20,2,1
34,46.116148316500166,8.31226110011743,51.67326723762205,3,12,4,0
18,51.84228742981953,13.605860201463248,15.429802022286058,2,7,12,0
56,30.232898478309412,38.542709953082266,49.309644437854935,2,6,13,0
34,71.91353086485236,5.587380341554297,57.827016972867526,4,5,7,1
11,81.26273878889361,51.92879021586334,64.99675328257668,1,19,6,1
41,27.695946088419777,39.26361810938376,98.98203294438098,3,14,10,0
12,8.97305425971421,57.7669237318785,92.1685054526232,1,1,7,0
49,64.26944960048219,73.47839666786608,42.65459926084421,3,24,14,0
15,58.43865131785507,28.842417470586167,15.778100195717435,1,11,13,0
57,43.20245972774326,19.922946524746425,25.405201831153747,2,23,11,0
31,66.16992446845497,31.415087816521815,21.51096416917495,2,22,10,0
49,57.30826330858864,5.167502285431023,38.82120907915468,4,4,0,0
58,28.805249776448314,16.40123077494917,88.26648197479705,2,21,10,0
29,42.78425268415862,76.32888455020176,46.60700808412833,5,14,12,0
26,45.67078912598796,26.16665002802709,58.89135028279643,1,21,3,0
18,88.62355947517855,99.45846521138368,22.020853109677912,2,18,12,0
32,96.28589464225117,20.94399452965687,51.82058669351767,3,6,8,0
22,89.83512942766723,79.93331297872187,87.99463353302774,2,5,5,1
38,73.32191228493807,71.97922482342578,78.4790100342173,1,17,13,1
17,60.57430969255307,35.60255356754923,12.713118000907052,4,7,11,0
23,70.47985536926572,36.4202186387667,86.89686553126093,3,11,9,1
24,94.21537596960546,58.53740019187493,31.01366925489302,2,14,7,0
50,28.749879846264015,85.97553926084305,68.24304368729689,0,2,13,1
8,55.83644822897347,41.68775969134912,18.90637598855948,1,22,12,0
41,70.51276180503875,10.812088687248622,69.0912151581512,3,17,7,0
6,69.5284651258061,40.56982180571819,8.391635741430516,1,2,4,0
5,28.96650115979946,24.694703958060433,62.061246601670696,2,15,10,0
44,60.739495102026424,94.22466662117664,66.3643162223277,1,7,7,1
57,80.61174852991486,71.24106290571501,28.227187835611097,1,3,3,0
29,50.13250310477317,9.82910310026812,94.0127285224956,3,23,5,0
28,80.36331728637983,32.83391103994761,9.36737678404555,4,6,6,0
11,39.1888467866827,9.77051666747666,89.71238604456919,2,21,5,0
57,94.1822120805571,83.85158368560467,41.28026132604044,1,9,5,0
1,55.7232018474146,91.09815818118028,72.82190046173807,0,10,14,0
43,61.61505532529836,15.666562554712064,66.89710059805387,2,21,7,0
19,7.979349036435898,46.827554370826135,20.983390522659572,1,21,13,0
9,21.175568027216453,93.52891177446044,35.30493118103658,1,8,14,0
27,65.12871864474924,18.795110237893702,55.318980686690715,3,7,4,0
34,44.88768531931577,32.730841112349914,85.41847568653765,3,1,7,0
44,53.2755600935266,33.906091766402305,95.71170721386952,1,10,8,0
4,10.982283829701542,7.855539659189858,6.9557301670379665,3,18,11,0
36,84.24284764898651,8.445957295549112,38.49303426974582,0,16,3,0
18,79.52803221814064,95.51531857287672,68.47367283533396,3,4,14,1
15,22.608627693575706,59.25379785369413,55.134296158053374,1,9,2,0
51,65.26128893945103,34.1315905357187,94.5871010063921,5,23,4,0
13,82.7399451071558,40.974092767125526,6.61209628091504,2,18,12,0
19,65.88114295948199,72.9100782402773,46.58524286867541,3,11,9,0
49,34.48781905310526,39.819134337688936,68.53636554143911,1,12,9,0
6,67.33055929542589,26.637238293862385,25.670452817455818,0,8,11,0
48,24.993866029905163,14.674547451980944,73.95778168092009,3,1,4,0
56,35.234224741544985,74.24863611321354,12.716719681024308,3,8,13,0
12,27.806617045181973,22.15367658414635,47.848660300724966,1,5,6,0
51,57.90788472706962,11.61658564299827,69.24232083811695,4,1,2,0
37,15.281531442727118,45.56067232216532,30.34192718284575,1,3,12,0
17,93.66448613309215,8.759241372078609,12.015409679149965,3,13,10,0
58,36.683673597972344,96.67481554257424,95.91705293094708,3,16,9,1
23,25.802162075051125,64.59283191960978,91.81318773554996,1,23,13,0
26,52.172232292173966,19.506196992423277,93.00514160311462,4,12,8,0
29,31.314792753198024,21.38313821260378,97.95772641328416,3,7,13,0
33,55.81588820635121,59.133705625920314,22.546315169080295,1,8,12,0
27,38.10836922929812,38.8737469470904,19.988719790282296,0,11,5,0
25,17.54634702305888,78.5553406978328,8.250385689729319,0,13,13,0
56,30.26004799258989,56.85161613379708,89.72316482368933,3,11,9,1
55,46.6517852713449,46.16671817486942,76.51246990791545,0,4,8,1
10,7.877856515564434,96.4831235662008,65.15992905625694,4,6,0,0
47,78.21104006640239,42.11926033992046,93.12923512268304,4,23,1,1
23,64.0733336360895,43.05803776074764,59.63227837678723,6,24,9,1
21,62.12916269144365,68.24838000077496,17.32442150892706,1,19,1,0
21,56.874743528862766,81.90046549160598,21.80212511882575,0,21,10,0
43,61.07975137088151,64.4904241315618,17.557473382119166,1,8,7,0
13,93.79193550718595,71.3679710951707,34.227511208688085,0,6,3,0
37,5.814075027020365,40.42849901382806,41.05219914579331,1,17,6,0
33,9.54097241748618,50.55219946543467,80.69971114504531,1,18,3,0
24,23.19187394342622,23.71833321445651,23.169121587307625,4,3,3,0
44,20.893631099349257,69.62341661635973,73.9096895201517,3,12,7,0
11,22.213473649572354,26.037934340537397,51.66670770087823,1,15,13,0
17,68.83466915562177,5.119395562412063,99.96769250718592,1,7,10,0
4,48.65091359976571,93.70740138164136,78.77533379926255,2,13,9,1
47,99.21899344179585,34.07144791538261,97.0505339220628,2,10,3,1
25,26.55416190627976,23.680044034270217,37.52339265535619,3,19,2,0
30,34.52885959761199,30.473939441748712,16.6897683507945,0,9,10,0
9,98.50286809615666,36.39253127377152,53.060101488794565,1,12,9,1
21,84.01702337621346,50.0819105125765,16.80275001703003,1,11,8,0
20,49.63092596446061,11.58840874676668,51.782911961896154,0,24,2,0
19,57.686704126869024,10.003949839517832,30.644397486661138,1,8,4,0
19,85.10190246201985,32.8265227261169,51.64948518066824,1,9,10,0
12,50.69312337440117,33.0977824637241,95.21543934408676,4,4,0,0
37,24.57225374029801,16.176391642352332,32.45823610123223,1,20,8,0
42,83.70223116266662,43.45520146045075,99.3762346901083,0,5,5,1
17,56.08838667118612,31.982723479264315,26.78629959338812,1,7,4,0
37,19.539046730563022,7.47527751553166,24.770296004718173,4,9,3,0
54,53.030653962517775,89.14347414000552,56.75490968492298,0,4,7,0
48,44.254321156701586,89.17180671414108,84.99426914002812,0,23,10,1
39,88.30004052876701,24.872314026780032,76.20283432226556,5,12,1,1
28,16.975265979266823,20.47286167561305,73.73600885311669,2,12,13,0
41,88.14493142256242,56.99281261296326,31.850129409452435,4,6,9,0
35,53.66004659697705,64.92158278323593,7.139093726680757,1,13,4,0
47,43.414620848209026,95.96654295747192,20.366087563703974,1,9,7,0
48,20.386882518279332,40.84810338078219,38.19996360822139,3,9,0,0
18,71.57770645067454,63.72903257213304,97.30995630416906,1,21,11,1
14,93.04663736545383,88.42719935140941,92.37885850751856,2,3,2,1
35,40.66084862043538,47.74560964918075,24.06123579027943,1,13,6,0
44,27.950575063729175,16.622846359945974,73.9341354085461,2,6,10,0
41,57.71235711491992,40.85749215384755,60.00660140582123,0,18,14,1
7,80.63766510121768,17.97385803681354,9.735051758333997,1,23,10,0
41,5.35793098230064,6.580749099185277,40.312033073366024,0,14,9,0
13,64.98085645756578,76.3975403531575,51.17700533476074,0,23,11,1
18,61.66902006636993,27.650251547058776,68.41954171825967,2,2,4,0
37,35.224457651395205,5.190669354702534,33.01598602137213,3,6,9,0
13,47.885185342472184,87.88107396583878,93.7127697601758,1,20,8,1
36,28.46150629537299,47.15993965663606,47.92851038684861,4,7,11,0
31,80.03914510542506,27.691688565156394,28.610314291111685,0,8,13,0
2,65.28081866978023,29.965047373764826,35.06066828848853,4,10,0,0
16,55.6076040937036,27.851099863979776,76.4291157188016,1,13,10,0
9,42.289988849693586,23.48283531298084,65.82710991958352,1,1,13,0
9,32.681516671969554,84.91649133455816,75.50691203734911,3,5,6,0
38,83.15996617412598,21.18150526513761,32.772473405485485,2,2,9,0
11,47.883728691189056,58.37619496854287,36.05061875783672,3,4,11,0
54,52.63750488495891,12.345423243857798,42.68831607232458,2,24,5,0
56,54.47872940137046,95.20453073696702,22.91633485702538,1,12,9,0
22,47.59485886599976,62.31482092236257,70.64923176894357,1,5,3,0
33,29.328400492650257,90.79948856421784,36.28820383739562,2,24,10,0
36,16.432341823089942,42.79838905017204,35.992441293484426,2,15,11,0
45,14.361040380935366,82.01384539242908,30.58967213927829,1,10,10,0
23,76.95893971736542,86.09717554768456,48.01864144663541,7,17,9,1
45,26.235143118643578,71.78018266197364,78.33772752725001,2,14,9,0
45,10.28891742062768,13.8300093131021,84.38282701853598,5,7,5,0
34,80.76415363610917,6.527608208561067,81.42824837990653,5,22,9,1
9,19.63585702176156,21.01316884534107,64.01338987312927,1,2,10,0
24,64.38887871466864,16.21919191183445,31.64061583053643,4,23,8,0
8,37.17111078754701,73.88807809898515,74.81124455179588,0,3,8,0
7,17.0156243856744,57.91564796548756,8.739384465502226,3,4,11,0
36,44.37569302916419,54.965332131832554,80.8244786944926,2,16,1,0
18,6.406841807599388,29.02239353117335,79.1216185863246,4,16,13,0
3,84.89927333869323,19.687715990018955,68.65010575176541,1,22,8,1
28,53.782306327476434,24.62205712804511,14.302917748629884,3,3,12,0
6,18.220201036256373,43.02631570437561,99.74742687518828,5,17,1,0
44,27.513130246953548,75.31360464229053,76.85887327809455,0,17,5,0
44,47.55764325316003,29.179078570964645,74.80664894574983,3,22,12,0
21,22.94259136747712,71.36823511957842,11.080745990284594,4,20,6,0
28,30.516920342603157,51.69362293846012,42.87698702442537,0,7,13,0
40,55.76662860235,89.11688060852534,13.186434966463237,1,8,8,0
54,84.09785623864663,27.126883284458177,39.29851564685887,5,19,10,0
54,43.17477014054248,47.83138484867285,59.19612766393242,1,7,12,0
1,73.11265098758709,14.183152880738753,88.49285789387845,0,1,5,1
36,88.2850002787616,36.839548549120465,31.8790846344772,1,16,12,0
21,25.54858932813539,53.15364218305928,64.22439198581608,4,18,7,0
43,81.68323718820521,74.61032036190028,20.641932622756535,0,8,9,0
35,76.9532088414476,23.817326405570014,38.62656640951129,2,7,14,1
13,38.90904330507283,25.718752198614258,94.9875601474516,5,10,11,0
57,99.00439615258236,64.9998948494997,76.0258869803595,1,2,2,1
49,29.944375286415916,41.3334894281596,56.85154759778132,0,15,9,0
54,29.206310273011077,50.79901238707305,28.91119591983535,4,14,5,0
54,78.3646206420538,84.43281253398037,41.07199615116943,2,2,1,0
10,46.292445214853,52.41291360112989,19.885866715988875,3,7,14,0
53,36.42552450419911,66.98744115787126,38.57938334422078,2,23,0,0
44,21.97296650721478,67.39362895769736,19.31011849728327,1,22,11,0
47,77.70658093878168,81.34313458082173,80.55416813605585,1,12,5,1
53,79.70057158292732,65.6232514066473,12.672113544517378,1,5,11,0
10,58.82358030686334,11.15693343711694,22.993520581674986,3,6,2,0
46,95.94479325318042,37.50643335524981,70.66083932917162,3,16,10,1
13,35.225510690152156,98.98503743337496,90.739087679955,5,12,11,0
37,25.863809320537033,23.668477436752283,96.63620292792216,2,9,4,0
38,69.35934304877388,60.73926244939541,84.4221770903738,2,20,5,1
24,77.04882087597194,85.07936078833984,25.08981875479137,4,12,12,0
2,26.366067202423125,60.72306327099863,32.14257215404473,1,10,9,0
22,12.278022604805756,40.36567452203434,87.72147353486253,1,17,5,0
17,81.99906622570533,12.621713458182043,89.48663165069053,2,24,11,1
36,97.76768749637118,39.358165740929024,65.86205075291068,2,11,9,0
14,66.24386717686701,22.29641359955751,34.79590442275265,1,18,12,0
10,31.397355513669943,96.2819675467881,26.285382989367783,2,4,6,0
35,99.68389781251524,72.9280249480372,85.9668564299609,2,3,14,1
25,89.86033044537236,76.19139966418692,24.4992248527268,3,19,6,0
3,53.77116139662792,46.41708027003592,67.87141331482962,1,6,10,0
47,83.4055220599742,15.446658672512084,96.95556755974256,3,23,5,1
38,82.50294970998185,30.338066185895496,72.00268228748047,2,8,11,1
17,93.80590211898246,29.672554886301363,29.478679750636765,2,7,0,0
12,84.88776515847871,51.24403832614665,31.838060621072263,1,15,7,0
54,66.14952741593062,48.79307973586893,13.825003664986014,4,12,9,0
52,62.88385330086819,46.17378065032483,70.19256154627715,1,15,13,0
24,49.39894239150311,52.117859335810394,54.25138973906094,3,9,3,0
29,64.51613579722195,98.76719278824012,24.61481145593587,4,2,0,0
43,80.54557572038637,33.34359491202392,26.62848855219586,1,20,9,0
25,97.05857449874256,63.45057023264082,5.857332702882395,4,15,12,0
36,49.392299027301405,27.75323568382896,97.94984291513138,3,18,1,0
58,59.49705428393192,49.327595262987295,83.66172762638848,2,13,2,0
26,47.256522030584264,24.004677148905618,42.44614530018119,3,16,5,0
38,68.50641899342338,58.02826235347698,94.87853582543872,2,15,1,0
1,64.84244788581965,30.176119715948413,69.32639421966815,3,11,1,1
20,6.694210068394214,8.494947088288924,76.3889408846423,2,3,13,0
55,56.41034811456255,82.45075368991789,69.59577248800534,1,10,5,0
28,13.406255091406331,17.184235651439664,76.9006390356576,1,17,11,0
16,7.506443710526143,39.96368591610604,21.23919817287978,5,8,3,0
47,80.16373039804634,50.33187286556427,58.42780976580581,2,5,4,0
17,29.571736905133548,46.0856000400831,85.69074616190346,3,21,10,0
40,37.36223234229343,73.93824755055086,6.856545477155545,2,8,7,0
28,11.08803582238629,61.69377661343971,16.7270805719114,2,15,2,0
58,22.05252474696331,33.060262357211165,28.335781917803462,0,11,4,0
12,77.73245773449027,9.911784984863669,32.999036189129306,1,9,0,0
27,51.885428872098984,77.92153623405174,22.356867326119826,1,2,9,0
54,88.6635039422641,38.49007703445006,64.31138704345129,2,7,3,0
53,42.73800248934934,89.52385039499708,32.93181176340563,2,16,13,0
42,30.52656989665548,42.53039349230879,20.01948515279119,3,7,13,0
59,38.02198237357184,73.1775675830822,91.05348730774602,3,4,4,0
47,72.71332038410593,94.25864680729453,71.0282804969963,2,5,13,1
30,57.72553887177617,66.85948281037058,28.37558092463685,2,14,12,0
41,90.89816471748064,44.281446772762955,39.29059516456133,3,22,3,0
34,62.206033091943915,58.90293053466457,75.37462847442636,1,7,11,0
37,51.8367298057428,56.6272929114798,80.1364569891955,6,13,13,1
6,79.64650876923963,60.55790348206946,21.761435714921767,2,18,8,0
7,95.0157158196773,18.94789863592785,93.97472798700451,2,10,7,1
32,38.80536156827221,71.35843882812445,79.60083420405117,1,2,10,1
32,28.73823996572038,18.77911080857278,86.3973715277161,2,13,11,0
53,63.540652647943226,6.388604010173329,18.66658666151344,2,2,12,0
25,52.3929180096187,64.35410956498603,18.619879460271388,4,15,1,0
33,98.97262961215442,16.106789356681183,34.01004020140991,2,5,8,0
55,48.924369494034664,78.18910548757096,11.141409864372433,2,22,1,0
58,12.061497379232856,87.26676558257795,13.651396051298237,6,11,5,0
7,97.8500607738754,94.749995076973,18.604679774394036,3,6,1,1
52,85.1407598313863,68.1253114761072,72.68082460506997,3,19,5,1
57,21.933763676006517,50.79141482476889,7.871877705913921,2,15,5,0
12,90.9374990457226,38.46670266705092,12.908254230017056,2,4,10,0
16,37.36334797806574,51.63788392870142,94.69743593763974,2,7,6,1
16,40.825638530772224,23.083461694229783,12.947384758872689,1,23,9,0
43,91.10719082440514,38.10015153996384,56.05892517555517,1,22,12,1
53,55.360978678354954,73.2033998592773,66.04445326496054,2,17,4,1
36,18.08747829285937,25.65518225775025,96.06638380295304,1,10,11,1
13,40.060335137471384,30.08637788899818,90.48125820160617,2,22,2,0
7,73.59925739544867,76.18618429224563,46.864862882727195,3,17,11,1
36,21.547497866461587,21.894413903585978,94.50558582506795,4,11,14,0
47,61.07196375360408,28.359320714970885,46.06525810580222,3,21,1,0
51,71.0510426297196,6.667018468151784,68.64227796971007,2,22,12,0
9,37.666089676545035,73.40490195583514,29.66276671822838,0,16,3,0
32,70.91866542729062,63.70083872881122,65.4812299595066,0,7,12,0
11,88.99969842378528,70.96661798859643,56.12794973782322,4,8,13,1
8,49.85109070215788,25.36113738556475,62.6489490616533,3,16,11,0
33,41.37638617707963,70.30075711914778,69.85186412669785,1,16,0,0
23,28.860048129037143,61.655778680859385,21.478253509703062,0,22,10,0
25,62.399520587013896,39.78168302609031,33.61996609268788,1,23,11,0
56,88.58594456367801,46.59345210526845,74.94293175792517,4,4,1,1
8,35.84282038259344,58.95244781097377,20.56327869571483,2,7,7,0
45,42.64237483104383,51.86275672831789,37.70281317830033,2,17,4,0
22,43.629424167248466,65.97366626709025,68.31547565384382,1,3,4,0
59,58.27717246886413,22.19305987256954,94.076843593209,2,17,2,0
4,26.69885134890667,56.367445717038706,12.153519645958584,0,11,13,0
40,83.11005975423191,47.776550872131374,54.07327591361368,0,8,10,0
3,33.08221636290102,48.796946931329835,12.78100722758662,2,19,0,0
29,72.00945563518478,49.59129480534656,41.01753534039636,0,7,5,0
41,53.75549546905744,88.73983656312014,21.661717888297808,2,18,14,0
29,60.6602723185119,82.76960690797848,66.69665014495877,6,21,14,0
34,22.062830188593775,64.80914631120099,76.9940924356959,1,15,13,0
34,74.8272038269262,73.06625888222503,28.497604623093945,2,19,11,1
28,22.918949309049957,9.06625042647013,72.72427916001087,1,3,0,0
13,15.779995574606716,75.67921334106852,47.44779909638457,1,16,3,0
15,56.93455248943476,51.18564540309662,31.940102886961657,4,15,13,0
23,72.3832280071782,35.18601863207212,54.72315852523978,2,5,3,0
44,9.753404461301889,18.278811764123574,41.06676366299173,2,14,10,0
26,11.592554919351498,12.14483508343922,26.84964418274844,3,24,2,0
4,81.2545204570623,9.264140122188696,76.9002556323485,2,2,3,0
26,81.85810645319654,20.370636614572874,80.76479414885377,1,4,13,1
40,28.303948120612713,7.863660505785457,81.02966287172534,6,20,5,0
9,63.44667926601933,74.60101303203949,41.30356562339098,3,13,5,0
55,47.10210713874265,28.618341307065272,21.105202883890424,1,16,13,0
5,65.10612393333373,40.03034055854087,84.83907174321045,2,12,10,0
56,86.97353198942639,83.15804031250887,36.28006826619027,2,5,5,1
32,12.586360335314367,15.892462169836111,76.06634621394186,0,22,5,0
20,78.90852046890316,84.3814328724402,82.6578032991909,2,21,3,1
50,51.83776492949873,65.75633330227737,77.974487272262,5,12,10,1
11,58.59205965738966,37.49280388743729,42.031572915626725,2,8,6,0
15,67.12347920162642,16.191685241430005,94.11158902598068,1,5,6,0
32,92.6491991672652,13.691806247386683,67.71542959628967,0,3,1,0
28,10.388395587415095,36.87386287753546,59.695897010525705,3,22,11,0
22,7.800253451822528,18.332487408214355,71.3013646971263,2,13,5,0
41,21.93486924143348,30.432478165151103,9.249076710212057,2,4,4,0
17,98.71253397253996,10.030801042875831,42.09892241397061,1,21,9,0
59,72.9322549008887,61.525800061186395,88.71562961539003,2,8,0,1
26,63.39090631017768,18.801231110611425,20.302571642092843,3,4,13,0
44,9.46871007440105,76.88956974693457,44.36806153495131,1,7,2,0
7,88.51547126983165,25.72662274640735,43.49855916133723,2,3,8,0
42,82.21190106323016,80.80777503712766,38.823962516787326,1,4,12,1
57,68.15600416737307,23.03878869145743,58.4233762416031,2,24,10,0
26,37.217427471046754,73.52982355162337,99.638814710641,2,8,8,1
25,11.697970778984445,36.642094564393744,29.305640634729823,1,13,9,0
10,60.103656350587634,60.396399514455794,71.9709266446242,2,13,8,1
59,73.37098428877957,8.672872360565151,77.00952478868872,1,9,10,1
45,13.952833295338506,52.04822126365446,60.52735556956792,1,20,9,0
19,65.20792768085711,19.12534999669601,14.260190350612197,0,20,4,0
11,32.20477644928006,51.20042158865751,59.37548224780324,1,5,5,0
13,77.60320101588212,18.42911743418422,95.5791251888863,0,14,8,1
53,56.26350580717452,46.52346641324023,37.49571371692398,1,5,3,0
8,17.258494841991485,15.508977922067396,65.77037200604569,2,3,10,0
40,55.01934753465742,25.8953941847581,96.14278458039858,2,1,3,0
4,42.59500201983827,61.5324988728662,80.80907671730095,2,10,11,0
47,22.13381698675693,97.7827605349635,70.38923432121908,0,15,8,0
31,84.9439937859017,47.67255299723734,97.25914348298984,1,17,11,1
28,6.047702607417939,70.28150079790274,21.205380753386017,1,12,6,0
11,34.652186303420066,56.24534374921564,78.41113490748467,4,14,5,0
43,6.1965286260955414,52.344003757971585,43.64939789566347,3,24,9,0
1,14.120659918084508,11.14689869978586,39.24101032964791,4,4,5,0
49,33.2241408214427,18.708253216151547,54.46388886818624,2,11,12,0
47,10.155762611990491,88.89048427709389,8.20635058385853,4,15,14,0
52,61.67990057392841,43.96560992897131,34.69031398819446,2,14,4,0
38,13.251976258687366,63.36158527555514,20.790471979724128,1,18,11,0
24,71.66279523627905,55.18215710792104,18.175635444643948,3,22,10,0
54,10.001000699580306,40.99382605736731,37.04734845190932,1,9,3,0
57,10.634345006104196,41.84257154803846,81.21511401101738,2,15,2,0
47,34.005960408160306,57.76917556132391,24.105551446231527,1,21,13,0
31,90.17429487208136,18.408471140195644,55.48449952107892,2,3,6,0
41,65.93235862871506,41.78960882417123,76.12233843333972,2,20,4,0
46,78.16247273324734,47.46267909326021,27.892295815986262,1,13,1,0
50,18.44745040032507,98.5869912492318,92.79931309679831,0,2,2,0
26,84.24191615848835,38.388203082143185,87.31730081650232,2,15,4,1
49,5.7738935784523395,66.23499510868255,28.861930114715044,3,14,8,0
50,25.240448319635583,18.054472483514477,99.0156163997504,1,7,11,0
5,63.52877050924938,11.220731273870816,68.57125394092655,4,4,5,0
20,40.64840881643478,87.79649133011688,32.17950355493804,2,4,14,0
52,98.49837221326352,74.41981572854021,69.69855825402897,2,24,10,1
41,7.882228447740232,35.162432321484054,68.29358568831269,2,10,1,0
11,99.8668259539716,52.93491027523675,62.58839434976126,2,21,7,1
56,64.24464412182503,17.895697522924664,72.61113055245511,3,19,11,0
54,58.07716448662917,72.18022792818172,30.489990585647806,0,13,13,0
33,10.653682043577565,11.681406248306702,98.0036211310058,4,6,5,0
50,30.966243283259615,76.91814040941418,86.50009694114001,3,8,5,1
38,92.8429553877016,56.94946847564873,75.84542849978548,2,10,12,1
27,38.6533703029782,31.49080035824265,7.498974392308666,4,17,13,0
34,67.85705404438885,86.94456363583839,61.08661045880928,2,9,7,0
15,99.95215328977856,98.67682768219116,72.11597887352616,0,14,14,1
32,29.99162281418641,29.16316461377561,86.1394835752489,2,20,6,0
58,59.72768350637691,81.59338421066359,94.88492656994954,2,5,14,1
21,71.16159030671025,76.26580005576345,92.00604449446648,0,3,12,1
46,20.63958842371444,75.98306150503859,43.574268585855386,3,9,14,1
5,19.1238935511373,95.9373830909826,90.16761285752553,5,12,4,0
6,48.34925160752646,51.228623768689275,5.071136875412764,0,22,10,0
38,41.65218956713249,69.0459638528822,38.39014509323972,2,1,13,1
22,72.85046650144481,83.2683495444514,15.818701576887396,1,11,8,0
18,11.603333287615694,50.55596227908751,88.89143150476923,2,5,0,0
14,97.3558292553656,50.73596426714056,93.1582810161906,6,19,12,1
10,6.356313260154074,35.27220163639838,29.32079972427125,3,4,3,0
46,62.125098311934366,79.17844271857774,39.89449257191902,0,12,14,0
13,58.45009660740189,70.18859907012788,98.46837384462378,3,16,9,1
31,17.79799443262395,47.858290452599746,58.77602905429266,1,16,11,0
30,19.33701835778533,44.83698245287999,52.22030512505576,1,21,10,0
3,80.30436134048955,11.896016101066271,52.54136537657484,0,1,8,0
30,89.3184335492049,5.617608948699474,71.13787703091435,1,3,1,0
6,31.886611758958107,55.24492682052512,95.68158830334131,1,23,12,0
29,46.606576576444,44.66182097340195,39.829130826475414,0,22,12,0
8,38.72452889864359,80.6234921906676,21.40250488415908,0,20,2,0
44,11.89196623373193,56.55213534917654,22.576224754534092,1,15,2,0
45,68.9544033715019,93.98707412131142,6.934108618066135,1,20,5,0
43,83.39332880654057,23.633375891794863,57.76399713133294,1,17,14,0
44,33.963538952164676,99.06428233657878,93.26613579269282,5,22,2,1
33,99.06670039491824,33.302323459650104,72.74230506100005,2,4,2,1
17,12.205897941823718,66.03027748946407,99.33163002438472,4,3,4,0
48,67.87011781237949,52.67610279358187,91.40510370541828,1,11,12,1
11,47.58166137997845,39.159758118678695,51.7264789720903,2,1,2,1
13,47.42718060513231,18.23437241021743,51.222191156163824,1,5,4,0
50,48.47633352318633,17.80924438796011,64.69393683371398,2,4,2,0
11,29.5747685111357,72.59305360092856,15.538881753219552,2,20,1,0
31,72.97846859656208,40.87593138274958,62.73000284287062,2,8,7,0
28,73.54976997807755,96.32330754262956,49.08703188212272,2,11,2,0
44,31.827725460053568,35.93660621810211,66.06034053389807,3,11,5,0
6,84.35411378155277,98.43475356605649,58.69494698709328,3,18,10,1
41,35.10026964678135,24.51520937654996,34.48760672702927,1,10,1,0
16,73.88384677872152,14.767366691950087,62.73738838674864,2,13,0,0
4,16.49497791364631,34.69412468468093,39.77136352261958,3,20,7,0
35,21.026656066355837,89.13055499571595,23.489008361542695,1,16,11,0
48,35.00058622828386,54.57593472705205,69.131730537013,4,17,2,0
56,61.41800792844684,17.886760064034764,34.102973836765116,4,18,1,0
59,66.32359112047644,24.237409712389027,89.45735408727343,2,3,1,0
26,42.65383633691011,34.56976290420851,23.936583672850297,1,1,4,0
57,12.394719545498834,61.06584009220724,62.013683651088826,0,2,5,0
12,40.495291948808806,36.57599928837397,59.29713361067906,1,23,10,0
11,70.4329140161194,75.97013779848609,23.7854710761094,5,6,13,1
37,68.74456880738002,63.54788783760318,46.789249692131285,1,18,1,0
25,20.21865925451706,88.0132550485673,69.17618329656545,3,17,5,0
18,5.73947717555188,52.5913735041396,35.26008442654755,2,14,0,0
19,76.53325364313109,36.46175933960144,15.813912453709175,1,17,8,0
23,15.104975806598151,99.6457989413044,63.44786792099867,4,21,3,0
55,12.823168676607123,38.7851655716988,26.291580714749028,2,9,12,0
38,5.25661559924553,45.71725077914864,69.74012306861083,2,22,13,0
54,46.09712596590809,81.8670864090184,84.7493741754959,1,19,12,1
18,52.81007058557737,13.420442219843798,16.71876028773058,4,2,4,0
26,65.57808438411611,41.71656007555889,46.572864711023584,5,3,2,0
6,33.12606486769565,13.142458876636976,47.26761558813626,2,16,5,0
4,72.4903480567441,18.234057333912,65.09091227215795,3,16,0,0
44,21.08652645365945,5.440878422310658,36.768753235768955,1,1,6,0
51,84.039055045483,5.906707795325645,44.764069780934115,0,19,7,0
29,59.32559124459233,41.12734950277094,6.139168182684248,1,18,2,0
59,60.4695332203446,81.87056147003874,16.630461562409632,2,24,1,0
34,24.92866430901527,60.765414256210846,59.13689945772539,0,10,11,0
17,12.040331183536884,65.31683419307612,25.51010102802767,1,23,13,0
43,49.14885629266379,54.32867757056422,18.73480453065563,2,17,3,0
43,63.4831354326241,82.88034869620307,35.8192129565955,3,1,7,1
53,14.02941357286013,88.63597889268655,20.53589101864673,3,5,10,0
16,95.30077508017582,85.72536917381065,10.66413146541978,2,4,7,0
2,98.13936422211664,82.1525500512887,31.96653366869666,1,24,13,0
34,56.818386062286734,22.35774198851196,20.614051929727356,1,24,11,0
55,95.25656975097358,61.41824140969601,80.94259552180945,3,19,10,1
8,22.04729757018104,60.30550362934517,10.952411858412995,0,21,12,0
13,7.414965092054865,55.1546803560259,76.00710749283576,1,7,7,0
42,8.743905852587043,50.67721498319277,41.36565301090417,0,8,1,0
8,60.81368554554401,13.471195332706433,69.15552438819253,3,19,12,0
30,10.855978926498237,14.705507221091086,10.005496451671972,2,8,3,0
32,96.06183264828827,90.71674919185922,92.46687950500925,3,9,9,1
36,18.483655022142862,64.86771171651387,77.9006912389029,2,19,14,1
47,33.94866657503297,29.920135377310608,18.31359182805148,1,18,0,0
30,83.1391911898431,31.53353697527834,25.78451524759923,2,14,10,0
1,25.780330694888843,62.96850900661986,66.17964210075115,4,18,6,0
43,28.082003553184208,43.6588225903879,92.54844740796328,6,5,14,0
39,66.01935080014673,46.92579624358398,47.354077145592186,1,1,9,0
17,31.22817840647992,10.761749100674807,51.13511552707154,1,6,5,0
59,25.65752523073153,18.18022277542575,27.591024831957817,2,7,10,0
20,29.14688285903746,42.36829052354795,41.38603318400756,5,5,6,0
24,51.61151243736905,71.470209893803,32.17168176887904,1,8,9,0
50,96.7794879094908,9.562411821991748,38.304259215592246,0,6,11,0
22,84.06260444831669,36.782990318952905,6.956774351757985,2,1,4,0
29,32.037975133216825,71.03183543377901,8.900770743862585,3,12,5,0
22,39.52045480731928,80.24482509277767,69.66522072134578,3,5,11,0
44,49.12866379788736,23.07096688905477,69.77054294764973,3,5,5,0
9,97.99831646661409,74.49127752987843,36.37190703190432,5,15,5,1
37,21.37709449189299,95.7641109375078,89.1189276916145,0,17,8,0
10,38.96089483172887,91.1471542591626,30.28065103899272,1,5,13,1
36,74.29547892835792,79.99072735086335,42.5995542875199,3,19,3,1
37,96.57465475554962,72.67103517392712,74.48068430689983,2,10,1,1
28,19.78914521260258,27.33813926187818,75.63897119011652,4,3,8,0
28,26.601095648462845,65.22080656957067,86.81074745699246,2,11,9,0
42,26.440994067090873,66.11102941197811,7.76060898106643,3,8,6,0
43,6.988542801746983,43.64802654880535,22.457074708410055,2,13,4,0
21,62.3909843731902,51.83646886158907,65.85431821365579,5,6,5,0
24,68.71679204385991,70.93270637659714,37.12897807745835,3,3,10,1
42,62.23995956189907,95.4496458924901,9.138358738432474,0,24,6,0
40,11.775683994217362,33.054089801898,60.71433402113541,0,19,4,0
2,11.576861945835011,28.404499435956755,42.341953854157104,2,7,4,0
55,24.98672267694178,62.171654768392806,39.589011561681616,6,2,5,0
8,32.57797899139689,17.425915586929193,30.114607045153456,4,22,7,0
48,79.7216473114545,60.34061889634232,5.569799846111451,5,24,12,0
27,20.142075246147503,13.440891081785928,22.324201612209553,3,19,1,0
22,9.188760557765551,51.605468562428335,50.052353292767485,3,13,14,0
37,42.42881323274024,63.939365597785695,31.194963043341648,2,11,10,0
27,44.55725616348243,11.660415730919976,88.06692453002823,2,9,9,0
57,47.836197127950655,24.660549435119783,18.584967904854807,0,19,8,0
29,83.55583668256202,36.860557063554864,88.15732726843915,4,19,13,1
3,14.310514412739463,40.0168760426851,43.45845180709219,1,21,9,0
44,71.8744978300864,69.22994110914505,31.204829741527845,2,14,4,1
13,37.104829249302625,55.25702735315479,33.90772655890976,3,12,3,0
45,34.448112961369645,41.300304679006054,36.35672531875425,1,1,7,0
10,93.59159697816808,47.81424416245675,53.12357854482592,4,1,3,0
36,28.604509819590493,6.232783711772726,38.61881957006143,1,17,1,0
9,66.0405243572398,78.19990153422485,66.48460296862783,1,4,4,1
54,31.137136950728745,8.895445426004335,45.392005672878454,3,13,4,0
56,53.17866885083659,83.78516182764376,68.80615241985716,2,23,3,1
55,79.6978247966464,56.394669534399355,62.42050974340219,2,11,2,0
27,88.76363973404476,55.14282316632912,28.22312738077983,4,18,10,1
34,84.67623782802978,71.93496963845394,82.21346234575839,2,12,4,1
51,60.30716993374078,86.6581556020792,80.90323943842773,2,19,8,1
1,28.637549957131103,94.55138391556812,98.95314436655566,4,20,8,1
32,67.81717140987725,56.62013928817856,21.62976277117836,2,1,8,0
25,72.44097934906276,19.312532038947236,85.54463083100012,4,18,5,1
29,6.015739060782634,88.46993798643568,87.83818764154844,3,2,7,0
7,46.72499853852808,8.863841745160917,66.00559582722516,2,11,0,0
49,85.1098940680676,81.69703121838178,53.10655388935559,1,15,14,1
3,51.5108216430895,69.64005451043657,95.93965783605816,3,15,0,1
20,34.58066700551551,90.94912270517987,97.40573314825129,4,6,6,0
20,87.82078824734296,90.25899927350744,65.9612583525091,1,4,11,1
53,19.808666265331546,10.04963811652257,39.15818650279543,2,12,4,0
30,24.612297079539037,62.89740868168885,82.63069242926467,1,23,1,0
35,70.30037485893267,16.84378824097917,13.47926938541768,2,11,3,0
35,38.481414445024626,12.4545181156852,32.60658618282971,4,8,3,0
49,72.736599394709,47.5863288539194,98.62765800342076,6,2,5,1
39,19.981844019651728,14.271766285630362,82.3616717846621,1,16,7,0
27,28.965563512080365,74.15072639569631,94.26033479906675,1,2,12,0
26,19.881500944545184,97.04936749822195,61.505484281646915,3,21,2,0
14,95.52647978853342,59.11038098939381,43.728883524071016,3,4,11,0
17,43.51337628083779,27.341042608360222,98.0705598221486,1,2,11,0
18,37.03589144147147,85.10460719491257,34.3954306564297,1,9,13,0
45,6.349204836222647,86.04482061835246,76.95435649634771,3,13,6,0
52,19.574670044034303,74.61466737461747,58.02966100051978,1,20,14,0
29,45.007906343037455,63.437557557268335,26.70817882387421,1,2,1,0
20,11.507765294329936,87.44028320141378,6.6609123038115525,1,19,8,0
53,53.520236303090606,20.51270978976811,41.45758859788793,1,8,11,0
27,48.22646665412254,93.50201200268424,57.030112323344326,1,11,6,0
18,77.88097333271344,94.98429917500398,22.403088090579327,2,8,14,1
4,67.68125663303007,87.83927552972767,44.38271415681653,4,16,0,0
1,47.36499400545451,28.812893297589373,63.44304341260119,0,23,12,1
50,26.342766509981782,86.52694669950976,72.91769701000682,3,20,3,0
1,74.0520387716916,52.275630124580715,10.010540341121052,3,17,1,0
58,72.2468998281494,61.5183725530784,68.09717807122428,0,15,9,0
26,19.563135248961803,84.85705913789378,10.383394343383388,5,7,4,0
45,91.90142398541326,7.810370231797564,7.67762205913766,1,1,8,0
20,11.1184860214291,39.47954625668635,19.479142461498043,4,14,2,0
52,10.22858234480804,82.49087083822424,67.0961854350987,2,16,4,0
23,22.798289677930565,82.32570446116368,10.018037074023384,2,21,10,0
10,91.39877581463328,85.62535305387861,6.985140159529543,0,3,9,0
59,54.39982178350757,21.075510513251672,16.20615357801762,1,18,1,0
11,79.8543874639255,72.0592287316562,95.22349411750425,1,19,14,1
41,26.645102867267557,18.917817348014765,91.19138624308556,0,6,3,0
41,51.57108759210538,79.5843108503474,13.214267634467133,3,23,1,0
5,39.03749904426881,28.28697042317821,33.88125243407349,2,9,7,0
58,83.6437176712883,75.09268412075987,94.99278170949032,2,13,6,1
1,7.147421739126529,48.22515376015739,14.280328978367614,1,12,6,0
17,28.16505934678001,98.69502913251335,13.986618288198256,3,15,6,0
22,19.494551308725985,60.08991392118169,13.17037028479925,4,7,8,0
34,86.6229586785491,65.09503960092718,97.7652427143742,2,12,1,1
56,49.416665720907744,39.9755338158723,75.59530876183109,3,17,5,0
45,43.40090416985554,74.77941499550614,25.376014899133352,5,13,14,0
41,47.700862399602585,52.014135904959325,9.36498982316778,4,23,11,0
29,97.33283231672183,6.716330334107094,96.69794334659566,3,17,12,1
4,85.77540246191279,62.81525179818629,45.42145896717066,0,8,13,1
5,72.10503332577922,83.89366109078934,61.84566188802259,4,18,3,1
11,32.595501126209186,27.496168155742815,31.52364218232191,1,2,12,0
56,20.69143495425254,26.00105673309254,77.0442306176386,3,17,11,0
51,92.53619475732307,62.844187396330696,23.696222859931563,0,12,9,0
21,45.192174665665874,82.70803126042192,79.75663367067388,1,13,10,0
35,31.48180094951977,28.713932095139704,26.907289116828295,2,15,5,0
12,49.73747850967537,93.56495186808873,14.30166143999363,3,11,8,0
26,92.19550516793343,93.10179888474715,50.48814268042634,5,24,10,1
51,41.771394772172854,24.050983831253667,82.25559665508682,1,9,0,0
19,58.450894738569446,30.05951914539749,41.56214616390608,3,8,1,0
45,81.28179860531385,71.55688704007534,7.7429968135816045,4,20,5,0
7,45.57759044959717,95.41464535732048,57.564422668335055,2,15,14,0
47,27.18647118300499,72.4388554337499,69.64478194773511,0,24,11,0
55,99.47994609638818,47.26550473295111,75.36601980692065,4,17,11,1
7,95.87423145795516,21.055127910517797,43.182870659381976,0,14,6,0
26,85.13052106692383,48.79593563976401,14.216864991778053,1,5,12,0
40,70.39551854166264,62.64294023720267,60.511011274021705,2,16,2,0
5,33.01223466662121,36.44043230088178,36.30704909762727,0,8,0,0
21,91.77422912558303,53.47449301400853,94.95431081611105,3,17,6,1
14,31.17788366151673,17.370342191227063,52.75765026582613,2,22,11,0
4,81.07690199429909,47.95786992869571,49.86527444590297,2,11,1,0
23,92.2345259544241,13.62370279830763,34.3749055702439,1,22,11,0
42,62.285364840841595,9.663431245154106,37.184718011437056,2,18,12,0
20,81.290340699662,86.43779198193609,53.711704487591646,1,2,5,1
15,80.21103442416593,24.482750493877116,34.13315555492451,1,1,3,0
50,23.34998635649309,59.639756267153665,89.76896401499916,1,22,9,1
52,68.45282499162803,19.15336204894928,46.70670358076533,2,9,3,0
45,13.879454005922137,29.94011923638268,32.74209798123731,1,8,8,0
29,53.24576359806073,39.32724487810101,19.76250918640919,2,21,6,0
8,20.41237707335486,18.649261453703172,68.87331899853402,0,24,0,0
41,44.55320238566101,9.36641821605548,7.449759612130486,2,2,3,0
48,84.13329709635158,88.33018119171105,47.74959978114433,1,12,9,1
19,98.78094476486942,6.124119408578352,57.26157293488627,0,6,5,0
48,35.20618400766368,10.825493369331443,37.2795380336315,0,2,1,0
39,55.535791384401776,81.48185527866974,76.23268599112555,3,24,3,1
46,53.57331231519641,31.79079199344032,69.18774719960419,1,12,1,0
28,95.66814343395129,73.66792860589625,97.28290381914636,2,18,0,1
46,50.46545458111349,18.89144617570181,53.33284593251978,1,5,0,0
57,71.41508951297129,27.54176611668834,56.09217463979138,4,13,8,0
27,92.56997714530998,59.41376907671438,28.354735323413102,3,23,12,1
4,40.47096315599981,98.92040465648194,41.62096961941845,3,23,13,1
58,90.70161263331184,11.9772246651262,7.551756160038877,1,4,10,0
15,92.15834107964628,43.05268680827406,70.48110491678051,2,8,8,1
35,93.41293787687742,9.092692150562858,34.604165969936304,2,23,3,0
37,30.692387619785507,23.926512052317616,56.334865918336305,1,10,13,0
1,43.03378145564606,91.20974754965792,29.22427765904016,2,21,12,0
3,87.68761128144168,14.163709860028115,63.99843903226758,3,14,7,0
47,39.120373306639785,86.40131253068519,47.52033683063422,3,20,11,1
24,62.02403812868298,21.89130762045772,50.77676197669795,1,2,9,0
27,16.215178189704936,86.86956042108187,94.547678282456,3,2,10,1
40,10.346123870567872,56.112086497889145,72.08523069676671,0,4,6,0
36,44.1394290017564,88.42963405155014,29.880474882007025,1,24,4,0
34,59.99707059630816,19.41184624189444,52.872572685435415,2,11,14,0
29,42.30641576909943,77.39347237424347,49.333917809937944,0,22,9,0
24,59.88489816527999,69.66636662765478,80.52999765344455,1,9,1,0
24,53.93301573631958,56.578671802331435,84.16873583913925,1,18,8,1
42,70.1421867821772,82.00579771904243,31.92706816046391,1,23,6,0
4,66.70558095121203,66.58622232056877,83.00938812109246,2,17,3,0
3,45.303341804625106,88.31945783773621,22.052633502645136,3,2,14,1
34,45.37454783988701,41.20090394462878,77.46320268108106,3,24,9,1
57,18.37394230116204,61.04270193601243,28.63453166112927,3,7,13,0
49,53.75766434916362,87.70708004469262,33.30345995426311,2,12,1,0
23,60.78201717289119,25.407336089892787,85.98444481795443,0,16,1,0
53,50.266492748613494,51.14542887860115,44.907112180348214,2,10,2,0
56,35.94219683326491,96.27047306422357,99.10375336134813,2,11,12,1
52,73.55661170391491,49.99217114199502,19.434587841206906,1,9,14,0
23,12.092856241296287,29.018797293576327,49.01815861376993,1,4,14,0
45,91.8718351266345,38.35224268060763,74.58278143634894,3,16,13,1
5,6.961126756850362,89.08299134047742,5.509870507958208,1,19,5,0
31,96.4232626766364,95.71388868291729,19.42625142833665,3,20,13,1
53,48.92378208879293,95.26022605518322,6.93389119404313,1,5,0,0
41,44.20364468033641,71.39952723701427,99.3233972113616,3,12,4,1
57,29.36218165900287,53.41217943833818,77.25934293003971,2,10,9,0
57,5.956757809066901,22.355448816197473,40.488114285927026,1,14,13,0
54,31.10507512007098,16.705996146694133,19.847068796193696,3,20,2,0
6,15.392992918731723,10.67782772592789,13.586408066327811,2,20,6,0
37,67.68298005587249,6.682916403352079,55.53118405233663,3,12,6,0
57,35.31212237046899,88.4210886000398,97.70967522892389,0,23,9,0
10,77.88203619834785,81.86320000131772,69.08803974248758,0,4,14,1
40,24.65703779788111,58.94303114754473,39.6881449845793,5,20,11,0
7,90.5223114560504,99.87870918108284,52.58084245756139,2,9,4,1
39,54.683243935054094,95.5399468591559,99.89581995424793,2,14,14,1
38,15.878088664553234,67.23535221789712,54.282791744022795,4,5,8,0
21,43.0802973870805,49.13458386882408,96.5991411487538,1,9,10,0
20,24.642249786627357,19.456218030747312,6.554363287693469,1,2,12,0
3,23.970115485977026,53.98141149916348,73.49149718224639,2,12,9,0
51,53.10512507695985,19.98564892412509,64.58033767524607,3,12,7,0
22,68.8297414854554,42.85287390338796,70.10633655344556,2,13,8,1
47,91.60372952282567,94.55157030111134,59.20387347945802,2,21,10,1
4,52.70539102254707,37.48800398688555,9.196793742957304,3,11,5,0
28,96.75468363054136,19.514790996129378,19.20857387172346,0,23,7,0
12,94.45531094697004,60.32767740244039,92.61387068184538,1,8,9,1
38,87.18094034851424,62.22459654210985,27.127875794876076,4,21,1,0
51,52.497840171429765,23.411403034452004,99.32904058605946,2,12,4,0
36,18.385874650358435,23.67572582028622,69.5609060174886,6,9,7,0
47,25.700924632461568,99.00723017585857,47.21367656198753,6,12,1,0
41,66.52865025763768,28.11170192191014,92.4046413614238,2,11,14,0
5,45.06672312699863,84.62824330444049,80.52368801365827,1,19,1,0
13,18.94615501662966,49.680763426868054,45.7516825605657,2,8,2,0
23,50.50442369573449,46.32397769670916,11.516332365398826,3,7,1,0
58,6.6559018226943625,33.02142953555648,87.48893458077758,0,21,3,0
50,74.72006023546136,78.51345070477143,77.67879347904241,2,14,3,1
30,11.990222976520633,88.6627834519477,80.1198095426179,5,24,0,0
37,64.7657938916513,29.807108848112627,75.76157960892778,0,24,5,0
25,80.33597922443195,14.034183588165828,31.196676490917874,4,22,11,0
48,17.601168073126725,18.00735752413294,86.59034336858707,3,2,6,0
27,54.270675613271194,80.31633580279319,5.212092548690332,3,20,6,0
51,79.01141386414962,46.403556575364455,27.5412464464565,1,12,13,0
14,29.76017820191513,17.53189254901868,9.42316188829859,2,1,11,0
57,20.477076335153814,37.32737960986433,15.5066633835512,2,21,4,0
48,36.9978155419084,53.85237087104003,55.576018064163016,1,10,3,0
59,57.69642177541501,85.94490996527578,8.539338044398269,0,1,1,0
47,59.65156151120125,65.96560915139162,22.231199531536056,3,22,4,0
54,17.433251678480268,21.72311610260007,27.110314002128632,2,10,14,0
36,48.46904052902731,20.07675767404196,67.25718648803606,5,8,3,0
39,30.486808576251345,44.17175048516564,49.53794982258203,2,13,7,0
16,84.99230071617032,12.143320531666856,48.54918969026854,0,14,14,0
56,34.78963754608292,76.77983355196794,78.00109265447432,1,10,9,0
22,84.67692983071666,43.13811292885835,48.38853414706184,1,1,0,0
21,45.713638197170255,37.587258414232075,38.1064305772144,1,6,6,0
54,74.02564775351306,53.3652915771864,96.43284933241162,3,12,4,1
21,53.45572171169365,72.35089635747053,5.787864396596415,0,20,9,0
8,64.08644929244277,59.087959726839955,34.01233500716146,2,15,4,0
49,42.55886853183139,81.22826426358877,62.89230805607369,3,13,0,0
16,77.97964294171162,64.78944356766115,79.3668774250165,2,15,14,1
59,45.39299143949754,79.85717540378506,82.5592307020636,1,16,8,1
55,48.45885642565308,71.19431598864412,9.376947526241386,2,24,12,0
31,54.17947348194093,23.346669825054967,72.36754527797085,1,12,14,0
42,84.02329124666844,9.973672767650882,73.42409612982262,0,20,6,1
10,67.64099821713916,90.82269604782124,25.33754503834547,1,11,1,0
32,38.17023672374623,94.837335711298,15.713627704658744,2,12,10,0
59,68.68036522824657,74.05856817998986,76.2201849810537,1,2,4,0
34,66.03052443581484,73.79955315611515,28.70250059254142,2,22,7,0
9,93.44683120857192,30.663972646940405,5.159011387949337,2,3,13,0
17,84.93456142240825,56.53196234377412,26.2393973398018,2,17,14,1
11,66.50745775636857,99.26276805193778,7.951460837549693,2,14,10,0
32,37.44317551498414,86.33364181665185,28.672735235942216,1,7,6,0
10,79.05976264182061,33.91746349243968,36.826860321522986,2,20,13,0
22,59.64478784096609,33.599357241299586,30.783015156105392,1,14,1,0
57,98.60064886958564,50.93984265906562,92.39402138202824,5,9,6,1
17,28.513082214131384,43.43687328593953,27.09063000160204,0,10,5,0
4,12.56730488843426,40.25953939661659,49.41580816391963,3,11,11,0
48,11.63972212935503,64.56233133657982,95.95562141518448,1,11,12,1
52,65.80288689340964,6.091784615186068,88.52395168017111,4,19,7,0
47,94.22972174659476,77.51726542316129,34.37955508061233,4,13,8,1
25,5.1835318576929925,75.30503468419957,36.01657802095953,2,10,13,0
59,73.94824946098885,83.88093965649662,61.36629323839773,3,16,6,1
21,67.42119234062982,84.93781396414728,92.19697082165185,3,10,13,1
37,74.56889826084925,58.80797100224451,5.949980568301315,4,10,7,0
38,38.76351364242188,79.10702388421261,42.346380257592216,3,12,11,0
49,82.94716224249623,51.777536920649325,85.72867120441127,3,1,9,1
1,9.247158484791886,95.39533445973856,43.99464794674371,5,18,6,0
25,76.76595455909262,23.116360329806295,73.40521314589422,0,20,6,1
51,30.371834428163336,91.98362374702045,70.73286572915922,2,11,0,0
36,50.2995886115168,29.560384320433695,24.51857741488489,1,7,4,0
17,83.15044579793594,14.758720500250943,47.71147791486341,3,14,9,1
41,30.77910834315802,46.7149225036619,58.78773771720384,3,8,4,0
24,22.594713606169883,63.41713802952564,72.96897884818853,2,4,14,0
2,69.724752608049,26.944037953995466,83.1270149996331,3,3,3,0
40,55.67251469314643,57.80064290870829,77.19365506110186,1,10,14,1
15,53.868367530887525,81.74986890877794,7.689589401596865,6,9,12,1
32,29.39310397610175,29.42307175135366,68.71059495215822,6,15,13,0
39,8.313629052902627,60.130613361849285,52.24496906628895,1,8,0,0
59,43.9755681415131,37.234696638342626,59.516864906090746,5,13,6,0
6,15.123150644437958,55.328004415395625,40.43179021085831,1,22,7,0
1,91.0689693116742,68.3573068596221,72.83249038575602,0,24,4,1
47,8.918780729814399,38.290144322528775,69.01940865131766,2,7,3,0
23,46.00683114751624,99.47587383295271,60.05121573835472,1,13,11,1
58,9.96333045157865,58.55864385081588,86.85252559598489,4,6,8,0
39,14.0766680836528,83.32384811382917,14.680502364705744,1,10,2,0
57,67.5923333575921,73.88784617652516,33.59721121242695,1,19,13,1
17,66.47556979253898,86.01650480178003,52.03738944426865,1,11,2,0
34,8.139958513546778,21.511090681163953,96.06745707345588,1,16,12,0
59,5.107490136482669,26.142602424128743,11.836521696772824,5,22,3,0
41,12.48771733806448,51.30406189957757,37.02236154855952,2,20,6,0
29,77.48489528263451,85.97122426611702,92.95960260396524,0,21,1,1
9,60.53476491139318,23.77262523213158,90.30501890767052,0,23,7,0
13,8.621233292906702,97.25125405019334,87.19832921722222,1,14,1,0
6,51.369216507918594,17.122219289938435,34.297093320131474,4,23,3,0
6,72.64278892017288,21.63240479214826,85.44939907634551,4,9,1,1
20,87.5503824870766,20.887209419777164,53.00724413011228,3,16,13,0
52,93.733466612606,60.670565538288855,63.878990184024424,0,9,8,1
53,36.10685348063633,92.1664027516804,27.688366018782563,1,6,12,0
3,17.90408069926024,29.235581780811643,72.1340194473146,5,6,3,0
17,27.50796246948751,57.538501078563336,36.13122490428573,1,18,4,0
49,78.73629174382125,21.69838845450877,37.66864048146189,0,24,8,0
12,97.2910004290195,64.95800513974086,65.49763172888967,1,19,1,1
48,49.307393649236154,16.708401937053615,27.784032606536737,2,17,3,0
47,34.008555287040025,51.6745229137063,26.321678708352575,0,4,5,0
45,45.773105286203275,67.24227229930241,40.07047954662736,1,21,0,0
55,33.95724874128758,60.017152091773475,78.91604438062718,2,19,0,0
1,29.366314704679656,18.300045856570534,26.34479466099918,6,23,6,0
17,61.40632147868206,20.330470293908785,79.79524710259705,3,21,5,0
3,6.494918135486718,68.78214545837389,71.08250133065124,2,11,12,0
26,29.657463623173875,81.84638312852873,69.51258864466419,0,21,3,0
15,67.83129739527396,91.26706824031112,50.101789002774,3,22,4,0
36,8.045956149146477,82.2930939578811,75.85934416913835,1,11,4,1
32,12.904172568348825,97.5227684942835,6.284354409868508,1,11,8,0
32,32.872633754649556,43.78392139568786,34.03268952571508,2,22,4,0
4,88.39145586785357,36.46074665109326,69.51805906326237,3,19,1,0
18,77.66418521570314,7.677484972786105,98.79306530520186,1,8,6,0
49,7.104879794543135,47.740106318868875,5.238862403006215,0,23,14,0
19,52.66271758540673,66.8802974792571,53.44736517820225,3,16,14,0
43,31.09531192880459,82.46382092563518,92.76446075851732,0,21,9,1
52,66.62133761089598,30.40826136356518,87.036241557584,2,23,8,1
35,73.54761884637881,53.791171255082595,7.197938501670034,3,8,6,0
40,86.97194482728183,67.89090863833442,55.30802209831509,3,9,7,1
14,50.164542524881355,57.40227226848892,5.407274634608688,4,24,12,0
58,99.47275841183053,31.031968153228735,80.00962008207567,3,12,14,1
33,98.09868019227538,80.64683163803092,34.34310999848785,3,12,9,1
14,88.80583882474815,21.469296184833706,77.73111288195241,1,2,2,1
34,59.61260204001673,90.97308420970458,94.75536746183931,0,6,10,0
55,42.81061156286243,95.49669116020708,97.7280801447391,1,4,12,1
4,39.61669946327957,39.7294598971499,89.94056218342325,0,13,8,0
24,6.151851258335759,40.73727009616542,24.39362805162179,1,4,6,0
59,28.671577238024817,75.61143459713344,23.487016143159703,1,9,9,0
29,73.28678232017063,48.34741686244006,64.44914112419164,2,7,3,1
19,62.34504948984132,7.717963641927343,56.6850998135577,2,6,11,0
6,92.0601079709157,92.38828912914788,5.90578774112814,4,18,9,0
57,9.752115357072997,45.921282486747465,42.21409835937627,1,15,12,0
33,19.751277301846407,24.33203455132957,91.13564552413165,6,16,6,0
49,79.97815998845236,57.78808694913468,90.34410679738689,0,1,2,1
40,39.05822496355671,25.796085446175073,24.37115398912331,1,10,10,0
19,16.242806703198404,24.572089969752746,41.28649156993977,2,4,9,0
53,99.66279798450849,56.84447610211011,58.23477104462785,5,4,13,1
1,79.78877875358948,42.14901775799956,86.01450518376132,1,18,6,1
5,43.83039849202165,59.43436143405612,55.53947172792809,8,13,2,1
27,83.21801030988333,99.69841649706784,96.97898218398832,2,24,1,1
16,69.65736766131957,86.606724665223,80.90995310884936,2,22,0,0
6,80.04760215913417,5.728725932529931,95.54372793296908,0,1,10,0
40,82.44460586873673,9.802792406052026,74.49176074575261,6,20,5,1
13,13.0492249125802,62.95754681246824,88.37429323944035,1,10,12,0
48,64.18242433036909,64.49432770756832,83.9453602758957,2,21,13,0
35,5.644627532798621,88.42813018721937,29.11465576540716,3,1,2,0
19,9.128343398611207,64.76043157957345,26.805960228155527,4,2,9,0
12,90.87810086030488,26.63288115899552,87.1164254183895,2,9,11,1
16,55.11855352889653,49.509041631846834,13.044385064430678,5,1,10,0
59,74.91068865750987,81.85361306376291,43.81354244647453,0,15,13,1
43,84.65759409209886,92.6683716368453,82.96248817712811,1,15,1,1
10,95.21074291863556,27.506936301837367,82.2577365249115,2,24,10,1
25,87.58852055266561,56.26244982626596,18.184367014625607,4,2,2,0
20,50.91458762624292,20.098117266188257,51.33243108143489,2,12,7,0
31,36.91717920114859,52.21497139811907,50.58407825888743,2,18,2,0
4,19.676857439573627,13.560841471202604,35.753537981725756,0,23,3,0
44,43.03054083629159,94.46416664529504,92.13220878111198,5,10,1,1
23,39.81689002031053,65.61536353684848,67.04617314054452,1,13,14,0
2,58.15960998580797,86.15059046279933,98.1178115352152,2,9,7,1
56,68.22339383193527,99.8380415472811,11.342790028542089,0,3,5,1
22,97.9409202622795,22.353269497010935,42.46326642653852,0,23,8,0
51,74.19668767956958,70.94362442116662,84.33806839938701,2,22,13,1
57,66.15611058207772,89.26369788315152,45.15513857515513,2,8,14,0
37,36.833781255492546,59.71412590412005,29.8784125691158,0,14,7,0
8,8.277868267340969,65.77115594482329,99.7917167101252,4,24,12,1
7,32.371887241195715,43.72875350412805,87.94686452171982,2,24,3,0
14,78.00255054366369,69.10227920306883,56.91499782344761,2,24,12,1
56,24.50083437636117,42.57990189613176,58.36237744342771,4,16,12,0
55,72.65787839904087,50.27886562438759,5.6519812558270575,3,6,7,0
3,60.079085044094505,14.776615549168364,98.19448518389562,1,9,14,0
50,21.326402626294165,5.741798017136256,81.5980403812117,1,21,0,0
16,29.854356597723843,10.239356793199953,8.489289156739742,3,4,10,0
55,52.14884233121527,23.28955588907216,21.751368255119864,1,23,8,0
19,44.74559698524551,48.37736286153121,82.99796687825535,2,19,4,0
51,78.96356551694215,6.994436730888119,13.252227085836266,2,24,3,0
18,74.76844104160847,19.813980719652086,94.46964411340888,1,15,4,1
52,59.58457782993662,79.23723736902167,99.9896509043094,1,24,12,1
16,83.11609758992789,77.40582303489447,89.21111691012776,0,11,0,1
8,58.45360636500932,80.0243777091725,75.1958789889641,4,21,1,0
33,96.61697938243972,92.54638960369353,51.29182336103345,1,10,12,1
49,25.636289419352735,16.31174506977932,12.83080975300049,3,8,1,0
12,72.84253939220451,20.49828824164888,74.39239202500919,2,3,14,1
53,40.14469254517446,36.68759338712486,42.702189632649215,2,19,10,0
11,31.50178846991842,91.93841390318642,59.17171995893407,3,4,12,0
5,22.136810216932723,78.67038558556477,32.87209523345467,0,13,14,0
27,57.48783024484666,35.79152087157037,28.00482090390044,2,9,8,0
12,25.469596111175072,13.325402689359814,35.80821107140847,0,21,5,0
17,24.033330887598563,63.556102484139245,82.31366222430273,3,22,2,0
6,99.10053098296272,29.397820751536972,45.51669631515819,2,20,3,1
33,81.16600460034728,55.459493767012546,34.61225163644208,1,13,12,0
5,76.08629792416566,94.4713191620928,46.13218774111748,0,9,0,0
57,80.43575945886172,59.39863830486177,8.06729976491449,2,20,14,1
28,97.04767300328054,92.7642714602196,89.6074068674614,2,19,6,1
14,59.46128543155433,42.33868466951317,57.41734812085344,2,16,6,0
5,25.923168353271752,65.16837704243322,14.958491576463189,0,18,12,0
54,86.9099158715577,89.9195475249616,32.39865853516785,1,19,7,0
56,75.55941929813856,60.85879460286815,98.43751114338858,3,17,0,1
59,44.359289671746446,63.4153743175749,61.3404555083727,4,12,8,1
33,49.9891023645914,73.04925829771632,32.68346425548532,2,11,1,0
50,44.06897785549256,88.80023693288405,45.50283782976945,1,24,12,0
48,93.34450522175538,13.377105817881032,29.555104046356817,3,17,0,0
41,37.63550309233794,37.00164130672825,8.021404426356263,1,6,0,0
19,96.5310064723364,42.78004897765736,84.99285305444513,2,15,7,1
22,91.47581826912524,91.42241821197187,32.785470962259616,1,2,2,1
5,64.89950851357646,95.82075282903914,84.64902019122613,2,14,12,1
59,60.08306844450709,16.43614414318685,50.46292133782272,1,3,5,0
2,40.15848160664723,16.315229579934176,22.374990510024585,3,12,5,0
30,6.742146956011739,93.81187045397442,81.17752585444256,1,6,10,0
47,17.12420269258656,33.09833063134631,40.82559070030048,3,23,1,0
39,76.65197571820713,27.97236980852951,72.23427284162894,0,5,1,1
4,49.7963120258757,8.384172246639373,84.53681855772957,3,7,0,0
33,19.23462274785697,31.181613803211658,96.48363735266612,0,6,8,0
13,30.076281142527744,70.88501058646888,13.152380595692984,1,21,0,0
20,95.04450548546497,45.47343546025836,5.796715774841546,3,19,12,1
54,39.877619354475186,54.10268340691722,57.10037324463251,0,14,12,0
7,91.22978479581958,92.1430816784141,30.102891378125012,4,18,5,0
15,33.94040406788979,15.895529353775064,49.56467002563975,2,21,11,0
23,56.605908964880285,11.767867948046906,11.90257527983021,4,14,8,0
14,6.9453229194088,85.93342116676995,52.65095943396917,3,8,5,0
23,54.57813548548981,78.61130075591713,16.861287051923338,4,14,10,0
19,65.50949100800987,30.054747759778085,84.66583702890986,2,21,5,0
54,27.258984437031906,35.80224200553788,77.15124625046339,1,19,3,0
29,59.999031739508915,34.476394398687724,12.036989930638004,0,3,4,0
56,66.48093834484362,66.54183581208157,84.45328369915374,3,15,12,1
20,70.25417744626687,10.81509316395304,35.871056780339146,1,21,0,0
29,78.7583155920998,51.49315060005406,38.521675573346435,2,16,2,0
24,34.57722807829457,17.71793206571079,22.08133955294835,2,15,10,0
18,58.93881086102843,82.87516138799351,84.35389154178542,2,14,5,1
10,98.25000782763648,41.1629854094467,43.44704756560036,0,15,1,0
41,90.32369621318992,55.11935835584863,9.6394077146298,1,24,0,0
57,95.50321566934484,7.785172833984667,96.79371464348549,5,7,12,1
8,41.68295786021428,10.535109786399971,29.309285326281913,2,5,0,0
26,79.75817006018286,69.13020891967928,93.93684140111483,3,9,13,1
29,63.89030541723304,77.84320178842654,33.617644451442246,0,16,0,0
10,12.859832890912903,72.45338053720913,83.98552649632084,1,2,9,0
17,83.2781369699212,75.01677046349673,68.10085178362313,2,22,9,1
2,69.32462125394964,14.938885802186254,86.82192603900864,2,23,11,1
6,23.897149153950345,70.8778299042664,97.73120873677524,5,7,0,0
58,12.575162955798827,22.266020355463898,87.79094992837821,0,12,12,0
5,84.51710241159141,14.311466028294614,43.34819034250195,5,16,5,0
28,12.4956738016641,76.9302788932099,82.37783074204046,3,4,13,0
41,13.67861720981148,89.49358112464864,72.60682697917385,6,2,9,0
5,45.603787350909954,73.08744120349007,10.852348729007074,1,17,3,0
18,17.805793699850323,81.52947801740157,93.32720928507428,1,17,3,0
26,91.79861175705834,99.1533747365535,49.26630370454896,5,3,13,1
20,49.67697394500749,17.80181158363503,17.772803741144312,3,16,3,0
41,59.06934316218429,96.68949248113866,45.41091923382387,0,23,7,0
49,93.17007850041831,62.11379152155973,62.29841828654036,4,5,6,1
27,55.375006435643115,82.25904994777694,59.429881882971415,3,7,4,0
49,38.59115886594526,66.76607225082866,59.60539644469878,3,13,13,0
12,80.72973505250403,59.15358993460817,29.304731899414698,5,9,14,0
7,47.070768760145015,71.84380443206034,65.10673269501295,0,8,6,0
59,35.25459543221901,35.424573128733364,91.20440920887796,0,1,7,0
3,73.70679856752578,92.80579473173172,41.92335992240207,3,4,9,1
10,81.15253927823909,15.952794345298976,64.90512684891043,1,21,7,0
34,80.21303592050579,35.212962488213904,28.17876566568839,3,7,10,0
25,97.87906934222724,7.960423554047814,9.586696917926677,2,11,6,0
35,79.73336014312146,30.775689526378713,60.64447957234349,0,8,6,0
16,78.1436764151252,25.730242328433416,9.517231207596456,4,8,12,0
2,86.46109910494091,9.714931764469965,73.74053651744497,3,20,13,1
24,5.017593553067067,51.7185360656191,68.68350629116759,0,11,8,0
10,39.43098406283821,49.520423976282935,40.08587679562496,3,7,10,0
38,75.0722941232701,12.385817170373544,44.072560416558275,3,11,14,0
22,61.97330605547635,29.87580048379935,92.18728896534348,1,18,14,1
26,21.86934025000368,95.56560524430382,6.247694424690961,1,22,4,0
43,33.85464346341181,15.519979328489931,58.51382117818424,1,4,7,0
55,36.995298052800145,33.97677164164948,92.71930694477402,2,6,1,0
39,58.94367056137002,8.406927853192562,91.8287885381117,1,7,11,0
27,84.00183816190226,19.144284249257844,60.54229756334579,1,10,14,1
29,93.58671907887958,71.44272520925,41.21684989641181,3,8,12,1
47,76.25877922109571,39.83806756297919,14.395835001575527,3,4,7,0
38,85.08028706679694,47.947274214516455,21.509499362173297,1,9,0,0
20,49.65911605289403,19.912947537412332,69.56896874434784,2,6,8,0
27,42.028655364117306,69.80331642467365,6.580237961927944,1,17,0,0
41,42.30731055370061,76.3945518186691,88.93112975875835,2,19,13,0
54,63.52366019229592,22.205644704090275,60.853774663858935,2,14,7,0
20,16.802487027801856,9.274379043894506,9.288932915152596,4,1,14,0
44,60.05194736507482,12.689407759356758,27.777904918205092,0,6,2,0
19,68.18762171745392,67.41934693428668,61.44908650392719,3,22,13,0
20,46.69633031959269,17.873507237009697,8.382120218682436,3,7,3,0
35,95.5508817932609,51.92228924603938,79.09880318598742,3,1,14,1
47,62.78026087605965,19.500945437986154,92.3925963489073,1,17,12,0
2,25.899949862479392,21.16406457949778,96.31593736368404,0,21,10,0
30,50.52554445618404,5.414247817444267,74.69762845554989,3,21,12,0
53,69.16342152785293,35.47830430654685,86.39841972975412,2,17,9,0
34,35.744766835145505,13.53074027692173,63.01720892132496,3,7,6,0
22,12.5659525974572,42.4263211573404,48.56164813144957,3,14,14,0
3,60.426385297534075,61.78950941367047,72.74780157035968,1,7,9,0
6,95.0476660188696,39.91553505317111,26.297163104956027,1,22,12,0
15,51.08183862850151,71.98275492935684,15.429510988577272,0,13,2,0
27,91.0803626614686,75.43791796373901,77.37584273224537,5,23,8,1
10,84.32724089531094,71.17760679927713,96.02774533365756,3,22,2,1
9,19.00421444522842,93.98778816499232,59.860536571162235,5,18,7,0
33,72.27614257437922,27.54295631453935,50.841525244796735,0,21,7,0
32,46.36922488183795,22.998363045922776,55.768401970857525,2,7,13,0
48,28.77340089997901,62.92259147797738,50.45409751655909,2,2,2,0
6,70.25914378833679,61.51331589624743,47.00902671183763,2,21,12,0
41,75.55276827236003,53.45934169910667,94.9683909438902,0,19,2,1
59,22.090150279809684,5.413553191955128,50.5775031571836,3,14,9,0
36,91.8722447953398,57.747631841069854,12.704731896327964,1,1,4,0
59,76.35898817538688,93.615815402933,77.72408451167246,0,16,7,1
2,93.67067241848704,36.784880465721976,42.1983523237519,3,7,5,0
29,35.12195578255064,96.9219233654238,72.51588684614394,1,16,4,0
4,94.23682649558376,38.89188452378096,60.05908915956864,5,20,4,0
1,40.00917749464618,18.286177739192695,72.7521061898058,0,12,10,0
19,10.127127335602214,42.84832441807816,10.889425918389556,2,5,11,0
26,77.48209192735722,51.98807472773669,8.21796565344319,1,17,5,0
25,71.83327368839238,64.79911896677616,40.96145436085841,1,21,7,0
10,61.80154426501658,52.963425392121735,70.85078309308437,3,24,5,0
53,51.53990571649653,55.98826960359072,26.24984005606944,3,13,6,0
15,8.055700680649982,7.28636864397251,46.17306820644435,4,14,8,0
59,64.33673889441467,29.093916067728987,98.17697507743256,0,22,6,0
22,44.59928844616539,34.51618250422134,25.413082679147823,1,16,13,0
51,58.219893260389775,98.77341109873764,85.55462886827954,0,13,8,1
48,45.785527486925446,33.078935156268194,83.41878405706368,2,18,9,0
21,96.7753326126939,90.17499063830712,89.6784576024539,2,18,12,1
59,62.39034560933048,33.94993905140248,91.93846564473478,2,9,0,0
56,76.17745140723439,14.130481449027153,53.19541827782256,1,1,2,0
22,93.95296000975291,28.52365291078971,69.78370940357969,2,2,5,0
36,61.20193567709027,30.918696566858305,63.79463664149096,2,8,14,0
34,6.145939193128072,97.9336164194535,34.35011133472791,3,13,2,0
30,8.257709439501525,69.05769302888753,31.579820684697196,1,6,10,0
25,71.72215123967688,93.50969458399176,37.449147102603675,4,19,13,1
45,31.51308793437193,84.32452710945807,25.753484540730753,2,19,1,0
28,60.04107409805513,59.966856614419264,76.95143729681557,0,2,4,0
1,24.21633220361355,69.16185280332851,96.634422500519,1,10,0,0
49,30.673643130862843,64.35953340112299,87.43831547461744,5,5,4,1
45,52.940900315067154,68.29498748821973,25.704338388396152,0,23,12,0
4,97.6790990188278,30.15349813959124,9.931969717657084,3,22,10,0
7,63.5456964748732,43.77188774975402,76.92392117185663,0,1,7,0
49,93.9340699287372,61.29850210182391,42.07031156131854,4,13,8,1
9,96.14108616676002,8.413204180306426,83.33819853583792,0,12,9,1
36,24.77044965994821,50.86931563316087,79.02740067571295,1,10,12,0
19,34.563392234549724,86.67405867279605,64.41397393990573,0,3,5,0
1,78.14926671577689,51.77493412060634,29.25723676604256,3,15,3,0
10,87.34258021767766,57.47072002227244,14.883397943863963,5,5,2,1
36,54.32654069800513,24.180986448943127,29.00159097533284,1,19,7,0
9,99.35647639165217,80.46261767861661,53.42717105781938,0,19,11,0
45,6.099358881750676,39.09343736356524,98.04898268602628,1,21,14,0
46,33.46130228059548,95.87581758055671,11.050287819034072,1,13,1,0
42,64.20036660573508,99.40290678466005,24.00684007751352,1,8,7,0
32,49.58254153906087,92.02005154660507,64.59154848078039,1,8,6,0
32,16.07728181073607,13.063290757533672,33.91461749336763,2,24,1,0
6,39.93977312065354,36.65239977212255,86.557908446789,2,6,1,1
48,7.4174786130287105,94.78807533473916,18.244613771231528,0,9,1,0
38,66.06087437715155,81.43066301022156,96.49996474047444,3,14,14,1
17,89.81054158465375,91.5624409842058,91.67561469407003,0,5,0,1
10,89.06304175942859,59.392553395904386,89.31526032101851,1,16,6,1
50,71.45672500772692,50.63777087781537,21.44155896752453,4,14,7,0
27,49.248168572303115,15.11715011542285,36.302131804001206,2,10,6,0
54,53.643003775691525,84.74979652069442,81.3892000121851,2,23,14,1
50,18.007288279587975,75.78844709994546,81.74176622819488,3,17,3,0
35,37.39662384632429,10.59327728646416,71.99166444467757,3,16,10,0
52,22.834167172335995,24.894386011552108,47.564833745706416,2,20,14,0
59,83.01401931824569,57.94136851492599,34.600980713976526,2,17,11,0
21,91.90162062710618,70.01822819614067,96.48100393726408,1,16,8,1
25,56.00770983491112,18.078675104795614,18.22991563939287,2,10,12,0
28,74.13758384872969,28.25835775392077,9.156635791385831,1,18,1,0
47,16.53915323617711,23.345470112356328,5.867399399036809,0,6,4,0
15,62.81079111133764,25.899729503701508,78.6275564152004,3,17,14,0
4,71.76514703089536,92.46774673903283,10.38698886684025,1,9,1,0
29,48.01297230358307,73.00285943868164,56.17114242483164,2,22,2,0
59,28.11094302471637,75.02516313831381,39.89278190139373,1,8,1,0
9,88.35057945143218,80.42955453258185,18.95624955685966,2,8,7,1
27,75.57632839560362,38.874439051185696,75.35657125428429,4,12,14,1
26,90.48644177567353,77.88253836791836,10.225648949173785,3,18,9,0
19,82.74825151229322,97.94927246067904,35.247414665617974,4,2,13,1
56,99.08557080999196,71.3474533643895,58.40816641490865,2,3,12,1
28,23.25640965537265,44.591545667791216,43.22949371884396,0,24,5,0
17,13.241037941377538,73.05417964254259,29.619078872624012,0,11,4,0
43,37.01526517703956,90.5754965249726,92.97009544707444,1,24,4,0
57,17.255396627209596,17.23234664921749,93.44218690737308,1,21,8,0
41,54.69736072609131,30.202994180548536,44.528981262876506,0,13,1,0
42,65.13774601373554,92.333140456246,42.40571959233489,2,18,12,0
50,59.93741844147335,94.89212554223008,34.20157951123659,2,11,0,0
20,29.62781286207566,50.99321707620478,86.29683832667425,5,14,5,0
45,91.3382829420357,40.58234152331327,58.95195216951591,2,20,7,1
40,7.011374554860953,31.864271532287777,13.504610225733243,2,4,7,0
39,38.06126860753183,52.381396403642,86.0654667962449,1,23,5,0
49,73.30428516281579,93.78045940114993,55.81419564591507,2,4,2,1
53,77.85824800317015,19.23191460532327,44.4812213900613,2,10,2,0
23,44.531261721026695,44.88391066198592,37.097169646138,1,22,1,0
47,6.606432259354873,91.60274641096144,14.445526079729763,2,2,12,0
32,63.71414951675505,38.16633066370393,95.8867048580826,2,18,1,1
52,10.993994712405492,77.96773366913602,75.41813415986866,1,11,1,0
47,15.246298734583878,41.97967969290469,17.518868494403165,2,5,6,0
33,66.77381836638804,81.46803444068895,53.57053781780926,1,17,14,0
57,34.68639098357121,98.1952232459348,57.77964378969726,0,2,9,0
46,38.062864507284026,41.84309100465144,20.9494319179218,1,3,8,0
5,51.246672313408126,85.28437218454906,45.586045241918875,1,7,9,0
43,97.96494751164052,98.89959835982856,66.34588096813076,2,21,13,1
48,96.7170109701775,98.46386358606917,31.981004322402207,3,2,10,1
34,44.54479493920714,46.20825274566426,36.50285071454509,2,2,12,0
40,30.22242563573681,51.147306452169246,16.592705321175767,2,8,6,0
11,33.746254503090995,33.82314835608519,44.257861210946835,0,16,11,0
50,30.534223325352393,34.83178255362468,60.46644204728799,2,3,7,0
3,55.56335167846917,51.784709150062355,16.069926366435112,4,23,11,0
58,62.65168174108821,24.049266056109328,63.40451408932838,1,22,11,0
33,51.434041881818274,72.55671313471811,42.790355401517175,4,6,4,0
11,43.75946441357447,55.94931080165397,69.42731416712678,7,19,1,0
16,25.07207856914409,90.3164464314618,34.90951267409847,0,22,13,1
18,50.83803118130077,82.0053312120014,59.00742763770239,5,13,7,0
30,37.40475781123352,35.634755720382785,63.216270584681126,2,4,4,0
48,56.451568965842576,53.0514391866784,70.59820291888374,3,17,12,1
55,69.14299447360428,76.29891812568354,76.90920343604343,0,24,13,0
10,65.164656571478,23.354012110447208,17.953412440491256,2,9,8,0
18,48.93656998853137,8.001784332670418,96.69806050902636,1,3,5,0
38,57.82498030659629,85.96892999928696,85.14631448710738,1,1,12,1
19,32.06133244127217,18.067274461830085,58.420284346868634,1,1,6,0
36,7.30282460712702,89.49408594060212,89.58409272394401,2,17,0,0
59,64.37684814596989,91.79276226870874,41.331131958171184,0,13,7,1
13,28.99401311808026,48.76654162302994,8.25722240258268,1,5,6,0
56,68.55060245648608,81.64426267349494,74.06798118245459,1,19,6,1
46,75.96580746171114,39.503168403643144,94.6176941887592,2,10,6,1
3,92.0131358798592,86.53513210861595,20.37619303965372,3,9,14,0
10,96.02166557056324,83.3447789958381,66.16802496655187,0,6,6,1
38,5.999974399421637,12.459247021614228,82.2754282619701,3,21,14,0
1,99.08554988869057,60.34716537147488,90.98136990561788,0,17,10,1
55,69.88674025694529,65.79989584169107,31.27013711594267,2,22,0,0
56,66.13479523554798,5.081442615380524,17.2297118915495,3,21,11,0
27,6.4452440435587635,98.09224027928306,28.545760818213807,3,7,8,0
46,86.81717412924006,43.62391961556753,59.88355589681788,4,16,6,0
8,18.821687488543503,54.14760455662525,92.2791843670755,4,19,6,0
51,84.5463646236389,23.50638758033699,60.34090206385809,3,5,10,1
46,6.478441894578021,63.037264864139814,92.36402357941968,2,22,12,0
42,66.36660493742032,82.0088872965391,78.15351725066581,2,18,11,1
17,46.30614570813364,60.65977284337417,61.846999095941875,5,7,0,0
9,24.072839260636837,79.86332935119923,7.070858380016312,0,5,5,0
6,15.21833221819124,74.45525626822585,36.64219794823342,1,8,9,0
43,46.812131171901015,27.577492095078114,10.458657936366096,2,9,7,0
25,16.714051505535352,46.40221990536964,35.61302327603269,1,22,13,0
39,51.21242811064951,19.119554021458818,10.921682325051876,4,20,4,0
49,64.39562057202096,8.983908132134689,20.942506837755932,1,4,11,0
28,83.60149839269903,10.991550750092438,44.015162043028845,2,3,11,0
33,69.47169653237233,94.5374933379246,53.91405081613316,1,12,0,0
54,11.193977837084294,98.53105861776596,25.62846038782121,3,9,12,0
37,34.20609059204453,14.022863264734797,74.59485102950894,2,10,4,0
9,32.35796775358754,36.84337634134462,61.08463907736688,3,11,14,0
18,91.928080229753,15.869964614822155,70.7172504225114,2,16,1,1
56,87.43929421731254,84.25173822005206,74.61273970387425,4,11,1,1
59,40.16405224328961,52.14822370582676,74.05743216519724,2,22,3,0
21,11.759749308845205,64.01986681292719,93.94222061370102,5,8,13,1
2,89.94019519144967,56.29153224482559,27.53593172189337,2,14,11,1
58,89.37804553159779,72.47409046486803,30.664785726970475,1,2,10,0
43,86.20088254291888,35.317563115120755,13.949101460204313,3,4,3,0
59,85.28275558487265,18.06186868035307,61.29570395595479,2,15,14,0
38,50.6241301031847,6.673900259322828,42.54262322559722,2,18,9,0
58,21.85600696371183,47.34082441946413,52.13889366343747,2,11,6,0
40,50.36136479393063,91.24427073518656,21.133038482843283,0,19,8,0
36,51.98678821359916,34.000321111165334,66.66072380428139,3,18,10,0
50,51.54351655826176,23.61589800788419,63.806839260747864,1,9,11,0
43,56.18339568093603,92.97406089347518,30.154520558541854,2,22,1,0
37,29.477417184159737,15.017620681372946,49.21458559047704,3,23,7,0
15,39.792912207693426,9.92109817450196,89.95858912019158,3,5,13,0
28,46.24772623652961,88.5442516207666,78.48240826095086,1,10,7,0
18,17.456514904067486,71.58639128569547,26.559668292516513,1,17,10,0
34,48.25959278334255,45.09652062305422,88.49121098746232,2,20,7,1
22,81.99461362161134,76.4726774358399,11.39473247504657,2,13,8,1
11,83.66565655962324,75.43679544420557,44.323213775264165,2,4,8,1
58,44.09855833059788,8.805753509755379,12.611231616052626,2,14,13,0
57,54.28678964801358,69.2434471458748,92.8003484477164,2,8,9,1
13,8.19678155283038,65.8828758580077,8.866731972904118,1,21,6,0
4,69.0710928645167,96.55901795954884,19.36782813025164,2,15,4,0
22,43.43755887995199,96.82914796517754,91.92879466447236,2,3,6,1
7,47.32037989291785,40.890935989194176,60.30497626555978,2,17,13,0
43,87.99890908207765,61.03498162938074,80.54285763414526,4,15,6,1
54,48.87427128325779,18.42895061439598,6.558642224870535,1,1,9,0
24,7.013263391646013,11.313369965927732,44.81403170275514,3,5,9,0
4,26.611634632560925,46.11408786459573,98.52423487605668,0,8,6,0
28,50.1839583592846,70.53879102932599,60.08281127286481,1,9,7,1
15,45.317647811110895,58.937306618284055,85.71986491699228,4,2,14,0
1,86.73516304164566,45.817407607670184,96.53815030520347,1,5,1,1
55,56.503063384085834,82.72069194358615,70.07884835712863,6,4,12,1
3,70.5153954819365,80.47060985745597,36.124893860852175,3,12,3,0
14,49.58571321912966,74.53449523238733,34.31765875575771,3,19,11,0
38,46.767294735620666,12.318063574607304,11.771353748264456,1,24,8,0
50,47.39723350506337,80.66461465008614,45.63834969057945,1,2,3,0
57,44.03754912091469,92.3450250194965,91.96199448407864,3,16,1,1
1,56.16542165614932,10.646998387637064,50.41593052642818,1,2,6,0
38,28.79212316659235,43.158781936810826,91.5445164620442,1,21,5,0
38,89.65024341497298,98.89377152307584,82.6284836566827,3,10,3,1
21,36.64312706891793,61.92769155448694,98.49777576254492,2,10,12,1
48,19.01476424684795,53.78985320210897,95.031051779746,3,17,7,0
29,14.172295466785789,21.857384009530637,72.11591056003401,1,12,5,0
5,6.275176936412123,58.721196916746145,87.76564225321762,0,7,7,0
49,45.17132746385184,46.70910974459803,76.06738165507568,3,9,3,0
10,22.823043911815343,17.10709027916169,71.82247889101069,1,14,1,0
28,7.0565507457885515,49.111601998713255,72.97815990029122,1,18,11,0
21,54.40185689750476,20.617933991649743,73.4991491590064,0,10,5,0
50,69.59796212182233,74.41304406397538,41.04480612684711,0,16,8,0
7,13.146349836554911,97.49659478364418,45.238429524995496,3,1,11,0
3,48.787473427367665,49.609819600441135,32.93676012143921,0,9,8,0
45,75.64472446707093,65.07499153188822,19.084754688776297,3,13,14,0
47,98.6516479958004,45.94267485285002,48.55212303174828,1,16,10,1
20,68.38308274104328,18.15311609741551,90.49518248086686,2,16,12,0
19,28.259757326904456,97.20275221517238,66.87014712869374,1,2,8,0
35,73.07259577900496,17.309973087987572,10.337134173220564,0,9,13,0
4,61.80329554788385,15.604546808786363,82.06399473364195,0,13,2,0
5,25.120932415247033,48.62142945877355,93.86314508566254,2,8,2,1
1,85.8555284555177,67.59429024785855,83.7951317987432,5,23,9,1
4,45.60342058662208,38.717710742424664,74.11643434479596,1,11,2,0
12,96.38787719974196,23.28911710870579,19.26143760226554,0,17,4,0
27,73.6755957075389,82.80151996261024,38.15498976399587,3,20,4,1
56,66.2334996900231,39.49481545790736,58.70225439306288,3,11,12,0
42,74.19351956027337,23.460492471471184,12.301774040947006,1,11,4,0
23,50.419216787731045,39.68306336315266,15.09567034289956,1,16,7,0
25,52.99651539115903,25.382649726065143,93.75412259105924,2,7,9,0
21,85.86470161725067,54.34753509217235,71.75566336121844,0,22,11,1
58,69.68821098113277,68.48749168308142,31.133269374871176,3,1,7,0
52,90.23811589320596,80.95795083392267,36.09922942732804,2,23,14,0
24,89.62854158955551,26.61839288038726,41.520783906616096,3,15,13,1
25,97.76655323420368,20.860630541922323,12.131772794978108,0,18,7,0
45,71.52039259030674,6.862324985045915,75.22181487787067,2,14,13,0
55,52.718663177865494,26.66833799298805,21.799231148664536,2,13,8,0
46,20.799611519862825,7.271008487290643,81.48640235796746,1,24,9,0
32,72.01115316650464,37.82004935046064,85.35788082880869,2,2,5,1
55,32.69988309219342,18.84084343885348,65.65124685560909,0,20,1,0
32,31.880018963546465,60.0900818316395,78.13621962289675,3,22,8,0
5,27.63733876256647,41.45404215167095,21.32434083517412,2,24,5,0
36,88.13659544838777,13.890607401722155,59.714203353710495,0,11,0,0
46,87.45662243480503,42.98731398847645,69.29593487238247,1,19,11,1
42,64.94219226265552,24.888071016945904,67.84825518115639,1,22,11,0
49,49.933193230219906,69.61684837731002,16.142538376102173,2,6,4,0
42,68.85087370938591,39.62144325322029,37.71633393560362,0,17,6,0
58,62.68679777834712,18.967850875438877,35.87856454082197,1,22,13,0
39,44.4947535907218,38.212164578407226,59.390052896706294,1,1,11,0
16,41.06493241113526,26.31594172336762,77.69752724243655,6,20,11,0
33,41.36545927380827,80.59900515564668,59.20608478617031,3,5,0,0
49,60.96767329982363,98.4199182346698,76.70860667190715,4,1,14,0
21,66.52858883147846,7.421681957827907,14.401921686405773,3,13,6,0
9,47.91546658396699,70.55191304495177,88.42317563239135,2,1,10,0
6,97.02568777023907,30.075994194231225,55.97862158960467,1,12,4,0
51,12.9653432104257,11.308821167582972,8.562372744381422,2,9,4,0
45,37.969467465608815,6.363374410602884,66.1052352871305,2,22,1,0
35,44.81209489691689,88.69591857518058,54.14798279949217,1,13,11,1
39,6.607527629169596,38.59261769739096,25.93510904061367,2,10,3,0
22,39.67093282848139,99.4816697486074,77.62041856807869,2,16,8,1
41,31.002442131420043,47.02583092487017,93.6889838647581,2,6,11,0
54,53.07344567161067,22.821786418280567,35.65492811513305,2,21,1,0
5,36.95900198241058,78.82863900964186,51.921989867555055,3,22,8,0
42,73.98730281991382,93.01676055489337,17.17662487635076,0,8,7,0
23,53.44358706372661,82.48399792367164,93.33097375195752,1,23,14,1
17,17.327412182145114,75.79392723261513,35.28562566382713,5,7,12,0
12,76.25582579371299,36.79647097932101,23.504544951454953,0,13,3,0
23,14.426745127854277,11.126584570029056,50.45072429309827,3,17,11,0
16,84.70967096753895,24.12343811320853,9.11183650261217,1,12,1,0
3,93.48510843819084,47.4469741535031,29.019498966508465,4,11,5,1
30,35.63230256756112,95.83898765136838,11.427484966684029,3,6,14,0
57,92.98355015997844,73.67114706915865,17.10025967694898,1,15,6,1
22,80.33577511664114,83.6868892909835,15.654967332257469,4,5,14,0
9,92.63138304535816,31.34292020611522,87.87989572670594,1,16,1,1
29,68.29566300748053,69.9631876080828,93.39131056328964,1,24,7,1
47,27.386183745035076,86.93162362090966,50.079605749113874,2,11,8,1
37,89.9797075065424,50.54409391517553,64.88962334606781,4,10,4,1
23,22.505182236220655,45.83972672192207,71.11068023998486,1,8,5,0
13,25.240752346665875,73.34342877601898,42.17476586284572,3,24,5,0
32,30.750984063334553,58.191610193250895,40.169994369074345,1,5,9,0
46,33.90339959122554,99.35125290343416,69.17905682624861,3,10,1,1
52,53.875566002447904,45.38476606921336,40.78787894829765,1,10,12,0
47,72.77844924123418,21.714611345873728,60.195904357266826,3,1,10,0
48,92.98977656806495,49.83383001469972,53.94331702708848,6,13,0,1
23,13.401570796872733,27.34447434428448,54.82375708559323,0,20,13,0
45,95.6650894116824,58.3191129754776,83.78909197326284,2,23,10,1
17,92.52568187419728,16.950714281604856,71.88542534537618,2,18,4,1
55,10.1299327571987,95.24774598717268,96.26485213361885,1,23,5,0
40,39.230508080698456,86.68317374631529,80.14277958890005,1,5,13,1
21,82.24862207843697,19.77871272534269,18.850288886990093,1,16,11,0
2,63.099771820543104,21.37732766096592,75.15591378498506,5,6,13,1
37,79.01392462126819,53.68167407636157,68.23651762687786,2,22,0,1
6,73.30816718503931,78.42373176896389,66.3741780535781,1,21,7,1
44,52.19316074708054,25.8125368884153,50.67073948824034,2,10,4,0
18,8.915714365411455,10.792313358155525,10.93407238251871,4,7,4,0
30,60.505479196127595,56.82575627534843,95.39105291345663,1,20,7,1
22,9.613832040633117,70.70172583969095,85.93284599881913,4,16,13,0
54,62.35403816583743,28.21472167280811,51.24676355412651,2,1,7,0
33,81.03903193689943,75.27793983631062,20.0651919249268,0,7,8,0
30,60.574216126682266,95.31115956973782,83.32490249629707,2,12,10,1
17,99.71707143336124,18.02207205511992,45.91380251387265,2,23,3,0
43,48.30731751714114,53.54776120432605,42.060822733104146,1,15,2,0
32,76.1386090423788,10.399985314750348,68.21131203360663,3,2,9,0
42,68.3852627154812,24.63279568691798,77.0741628606019,1,18,10,0
51,99.18601069801836,13.53283857880196,10.969869978943516,1,4,1,0
14,72.75580548232499,43.38062919261924,77.91785956593372,2,13,0,0
58,20.58291948864199,82.97902008560197,74.72434762840467,1,23,13,0
10,95.77418210963788,59.82739279956923,60.97491299959414,4,9,9,0
47,68.43883651234732,26.14555953071592,37.14979686402276,3,4,4,0
51,10.63713192660704,8.810511474093694,20.65620398930365,1,9,5,0
36,67.46898904953818,57.57282855224153,14.752032072467008,2,23,7,0
34,88.89634363410363,17.615687924104243,5.112450903263957,3,24,13,0
9,59.81897688905238,37.55973259955694,24.61371669074882,2,1,14,0
42,38.631865613041064,53.468264596792565,44.07701215474743,3,8,5,0
28,82.98641523670852,90.85459089018828,28.146211483008013,1,1,14,0
11,79.3386407795538,12.773216073428111,34.35301009247594,1,16,1,0
14,56.697304651973575,68.5177212653489,42.092979459294064,0,24,7,0
39,19.664368140110533,6.33772212296346,34.284919304215954,4,15,4,0
55,28.84371612470223,64.8413124742281,73.83899867257942,2,15,12,0
47,75.15597735768004,57.395586486406394,51.71404497067214,5,5,2,1
54,81.57780571251811,82.12732890855644,6.836079036443866,3,19,13,0
19,31.53020141389403,55.507934922125536,26.533481979418823,2,24,5,0
54,39.95858233274473,38.498576973983056,72.41753324028042,0,11,11,0
15,12.375029098730538,28.061332776181526,33.58839971224465,3,19,5,0
28,72.77888509481748,13.098725469296935,92.41346831140964,2,24,2,1
24,5.3398667370029775,55.78820405816096,72.70308450750495,4,21,6,0
8,9.421444515811467,89.390583031614,32.54306270856593,1,24,6,0
43,5.4126864394885414,53.900726925790494,54.05893538647719,2,3,6,0
9,66.30536041707359,75.21477145925977,68.38770786711612,5,22,7,0
47,44.65177713155192,33.35131913066968,23.369757207024055,3,22,10,0
33,33.26694232761638,47.57243168810294,28.38780944925192,3,4,6,0
33,91.70659598392548,35.83730432736348,53.17675585691437,5,21,12,0
19,23.316265494277634,15.380280578715253,92.86499863657777,3,16,3,0
3,41.98996098623305,44.61391731193297,37.68098485147345,2,12,4,0
10,94.3296210881364,77.60728702453555,43.20238116956712,2,7,13,1
40,45.57512346951903,42.52262495672913,23.10892001474379,2,1,3,0
47,57.69590013647049,66.76702611073539,61.3548260509454,1,24,1,1
42,12.63200232410132,77.06847098483172,75.31432098884484,1,11,6,0
1,80.06580675487892,35.659941585550655,46.86101529941394,1,15,12,0
29,45.16208382338262,80.7638831625203,76.27369106768275,0,19,2,1
50,81.04893683685592,37.19794311212242,33.747448719955955,2,23,12,1
34,29.110776042819253,29.330170743743327,72.16351971270764,0,15,0,0
51,45.135481303333954,26.132385937187177,29.542730651193143,2,9,0,0
13,79.72214895467599,23.99089384385973,79.16170646829917,5,13,8,1
54,97.51838786914576,75.02678691727269,83.9109499384249,0,18,10,1
1,10.664424816790545,89.31337980040718,80.78374849417993,3,23,2,0
34,82.18333685479591,26.911605047602475,25.46989755580947,0,17,6,0
29,33.565461424575474,13.097828290634624,70.95369659992419,1,5,8,1
48,57.32061168465186,34.80786274740165,56.161336800753176,2,16,13,0
47,32.55876517032105,67.49548769752907,98.67351404895952,5,7,6,0
13,63.27731989395907,40.00940876147369,39.34979799301109,2,21,10,0
48,38.611268911177675,57.17177122506578,78.26887851970885,0,5,7,1
49,36.693414642879745,75.70897173914355,40.157421120445115,2,22,5,0
53,8.604139728913875,43.80546045972961,42.70146004463398,3,11,10,0
29,18.961238560862096,99.9710089802635,15.544257518484253,0,16,2,0
39,92.12242889222048,33.305179722372735,27.76781265348818,0,22,0,0
24,99.8363557429584,97.9335934278986,20.62600722437201,4,13,9,1
26,79.1494547076126,24.287818197145825,20.12405329917307,3,2,13,1
17,32.24719935348124,15.53851561010753,5.856570126926331,2,12,7,0
7,43.232288152141294,76.32890938396496,80.40917309991242,3,12,5,1
13,75.25282821607786,71.71941738186382,49.45346570426968,3,10,14,1
5,97.00878790390382,82.06108798803412,81.395918956272,1,13,1,1
26,48.269761219289926,37.64109006466396,63.19228887388646,1,12,11,1
49,83.80462945239559,93.42672711603343,83.9770779356484,3,19,12,1
3,97.6315476468781,16.35073569544249,52.8576753075569,2,17,9,0
7,87.97995125032041,7.876324626456984,13.933897008189277,1,16,7,0
58,26.579225943276057,33.55356908563729,63.59254610722436,2,17,3,0
49,5.763027068184179,80.74582402302379,69.3876619149603,0,6,9,0
39,51.74776201189943,68.93331919099657,64.51789598860023,0,23,8,1
53,55.479279011050345,46.4398326011492,81.12694994652507,5,18,14,1
1,24.118784632361113,29.34409334846187,74.49242818059025,0,11,11,0
49,32.044067234947676,10.630914742957836,46.100082673892565,1,12,8,0
17,77.68955028061195,37.06302995250989,82.81484726824813,2,17,8,1
43,49.682989577747705,48.701877936701216,70.71972150355535,2,2,3,0
25,35.14863794202438,70.26726461676449,16.434840158926047,1,13,5,0
59,64.14947259938235,66.36733571991094,56.28792696773288,4,19,13,0
3,67.01217681773191,94.9977657785284,74.21280159184414,1,19,3,1
15,78.09259879987621,14.5376123100218,57.56237916323664,5,24,9,0
29,19.88738309747732,36.952311673517954,95.15772184040178,7,4,9,0
53,75.44413897106408,50.74991778400534,14.641670479833104,1,1,4,0
43,61.94569725048976,68.71610041612898,73.62056082348863,2,2,6,0
32,10.469327203765726,52.0679106869336,83.32282708580254,2,18,6,0
26,78.85733468407406,91.71203203494018,71.75205351599136,3,12,9,1
16,41.39262672665258,62.823872831982285,41.6305754811186,1,9,5,0
25,36.386188761315566,8.768213920665447,41.62062975431597,2,5,11,0
54,47.567139400255265,15.797317061282758,60.7239129821262,0,16,9,0
28,37.88663234408226,76.58207834065306,42.724313453680026,4,4,3,0
9,37.13713125994136,72.99983115289795,88.90238474975394,4,20,14,1
56,81.76737843155942,19.582215173441988,15.443408737972788,2,3,12,0
56,16.827999164740763,10.596322801238276,65.71994805741149,2,18,11,0
1,97.20700644645856,59.97819626678751,17.740921273495584,3,8,12,0
29,57.71850621556261,65.39518904253967,56.31518123740896,0,22,14,1
57,22.377779850024726,17.85346556371932,72.98021422901603,0,2,4,0
22,17.465470878510217,49.99383549887745,20.723537073223653,2,12,14,0
16,61.19340555282334,34.05399526624923,71.88315604151707,2,1,4,0
41,65.13494716545816,93.47403633550432,18.298102965053637,0,24,8,0
51,10.037448247832025,25.823981321993436,63.95260583476821,1,24,13,0
44,28.08518184223465,74.65976896081347,53.027537785674134,3,21,14,0
51,80.5688825160394,54.222721767712066,33.31712061187986,3,18,10,0
54,9.71433963563492,6.094496142474122,15.597129431253736,0,10,5,0
41,86.23342307107343,54.114865405198685,74.90614326208707,2,21,3,1
7,67.52543527000168,14.44985424235264,41.27148767081557,0,8,5,0
14,46.27020963950446,67.61090860340461,13.220423840951756,3,4,6,0
29,37.91112065223701,58.72473538624936,78.41498713590963,1,18,6,0
19,6.828651565644926,5.9905865966800835,27.124994930962966,0,3,9,0
19,83.39541984642509,24.445818810383223,74.96294510202445,2,3,2,1
2,18.55857612701112,78.74138002284215,58.66537516436998,0,12,5,0
41,34.406489226898366,31.19839835869201,23.480256100009868,3,19,10,0
45,59.06516313446637,52.43192311049005,12.25854408160524,4,17,13,0
15,28.369297006769152,34.639868368872456,61.358656463249446,0,23,6,0
3,52.22834405645913,92.5450513577663,7.395124062745736,3,17,14,0
11,81.88756873017672,55.97481668942624,11.21912606209072,3,22,0,0
53,49.70110380507611,71.13648391132199,71.71081278683656,2,4,3,0
46,95.1528476913616,12.930229946225255,56.1930149331238,2,7,6,1
30,85.51255893575245,8.831918815611454,35.998050237165806,2,23,11,0
57,36.63872735952245,29.626678531377436,56.226654553500246,4,7,9,0
40,42.99640183547409,34.367757764097135,61.20668611486735,3,22,0,0
18,45.21603906714008,70.32965141209067,58.70215729322431,1,7,13,0
51,64.48704802782889,59.06739775768192,66.0426310939716,3,8,7,0
48,32.24559427291128,40.5850626588236,94.3273695180849,2,19,5,0
2,97.07866818813832,67.14116099691103,41.93386440798242,6,21,13,1
32,62.825000957332584,20.53874599694728,33.60938427846973,2,9,5,0
8,42.943157580407686,11.03152100739706,8.651316547866124,1,24,2,0
22,66.2759324716989,86.17798377022905,18.971940401392853,1,22,5,0
6,42.563476000322225,58.57488218554337,15.093732508708555,3,9,3,0
12,82.6905896930448,66.66405099555502,36.86719775288391,1,14,8,0
47,58.94489125241352,34.188013821209545,62.94911923743027,2,21,12,1
57,8.987197823576366,40.33572098508147,9.401719657785424,2,18,3,0
40,21.79190240522877,12.824907479532694,74.12817542319506,3,9,5,0
36,87.17442743780579,86.41387784116847,42.75613024788523,2,5,10,1
15,58.47548350389504,61.281747757498806,96.5329289999032,3,8,12,1
28,95.28263026882098,12.94462800209436,58.996572643234174,1,24,14,1
52,11.880119721765055,81.43031197387506,78.27941967690644,2,4,12,1
57,33.04975985816752,47.19096010411258,86.81221706821813,4,20,13,0
49,23.3866204577594,77.68462826615126,89.4403986259251,0,14,12,1
45,57.61482776172994,6.198886898469061,54.25386621958168,2,17,5,0
18,41.36531895259139,7.730271212351651,42.690543050952705,1,21,10,0
2,19.940985737257357,21.224381084303744,58.24892402040175,4,16,0,0
13,66.06143182615695,25.037072833364583,43.19668815365565,0,9,3,0
45,55.94834475073272,77.57577537946308,27.867922081907945,4,5,8,0
54,31.099943873148593,72.13594558157682,35.772383580833406,3,5,13,0
15,50.57827898932589,63.52837131733368,27.1131363426669,2,6,10,0
20,75.845139928913,89.06159516591718,30.59657490651186,0,6,9,0
29,24.50080908231256,28.479134447354795,13.892735037393434,2,8,5,0
59,32.826045936664265,90.9184658709226,45.513958468770944,2,16,11,1
42,37.880543773940936,91.39975158019232,27.351971127306253,2,14,3,0
29,75.939011534098,46.254677217752075,47.594822477475226,2,1,6,0
3,85.45764695733617,13.966689039916044,80.25883224674786,2,16,13,1
19,40.75690716195303,74.02319127800487,47.58967355810184,0,15,9,0
3,33.17898187422223,37.00822390147252,95.68812771742296,4,5,6,0
54,89.49744204340934,80.51830415648942,19.04450498016198,0,9,4,1
14,99.93966855830448,20.550576970861297,85.7751741295981,1,3,3,1
40,68.68359576787091,56.25393578956471,28.58452083693381,0,7,14,0
59,99.04815842397215,53.267004380230034,93.72367783122256,4,7,3,1
55,67.69679639118145,14.529876604113282,26.579053012622182,3,16,14,0
4,74.67872584074337,39.516618438902555,75.96136966665652,5,3,6,1
59,41.922320146633794,13.051754777439164,10.901200581697164,0,15,5,0
52,46.13191696491008,49.150329403663505,64.83227653021687,1,7,3,0
11,18.69288807899254,85.07593306831032,25.774050702014375,4,3,2,0
58,83.1612514026867,30.66945251389251,68.66639145658242,3,16,1,1
31,93.450607934284,77.66188878280656,65.40378707436047,0,6,14,1
43,64.22662270094064,22.425604483183353,92.7511085677154,2,8,3,0
32,37.64649430231285,69.00481811161188,64.53426090894258,2,16,6,0
27,19.63155091056479,91.97605299339271,43.78363710674124,3,24,13,0
30,30.18984182200492,35.77316774874813,23.388941460674296,2,6,1,0
43,29.26398998092511,90.53910561841872,67.45784581169326,2,16,12,0
2,63.28514899553944,53.01498802000747,16.054827372669088,1,2,11,0
49,94.77855920954242,35.096487650737465,83.70909855756794,1,1,8,1
9,9.58582926100824,90.16828233559548,28.496781959192052,1,19,13,0
28,5.09711846147256,8.043540343124176,54.79509533362933,2,14,8,0
31,62.01728470986093,7.661790870916993,61.61499391129257,0,19,5,0
34,31.98574389757295,61.983812399601625,39.43654908776125,1,23,8,0
56,88.65209252220092,80.69131814637225,68.06800886936341,5,4,0,1
15,36.088779251052614,76.39689920662009,28.77061109475235,0,2,5,0
48,32.52507205024448,12.549602818402525,8.289334508776568,2,2,2,0
25,30.60350901573824,95.273863385688,96.13043493281896,1,12,5,1
36,18.76101859048319,71.79103607556398,35.40435397759925,3,23,4,0
8,60.245395056325506,95.1656451041352,72.77891229274434,4,24,11,1
9,20.980292221749952,36.2642871025397,53.21569265743617,0,11,4,0
58,45.33996018007763,70.92421715836765,68.5548743257354,2,21,13,1
58,48.79234496428664,86.6941809396811,15.538969638989387,0,18,0,0
37,6.9467444534075735,41.14410119965786,54.290548136029415,1,19,13,0
48,6.596691583008537,96.66169228301416,42.260857583660936,2,17,4,0
45,54.42020543189878,30.17431516595139,47.92570884920222,2,4,12,0
39,71.12329956176757,34.98329447201596,96.78979162970244,2,23,10,1
32,94.50353581663845,92.43121477956868,17.947445959504766,3,12,5,1
58,22.016331994910736,97.1176759177568,76.69651675908284,2,3,14,0
52,14.809586896427843,32.09359608898922,36.38256544646173,1,16,14,0
17,9.94835115807934,17.957053766071553,32.58400882425742,2,4,0,0
35,46.423950376730275,77.11026392250677,30.723852610430203,1,6,9,0
37,64.19899989691591,93.31820029854258,38.13424755617464,3,1,12,0
19,84.8525688913701,62.06779615167809,38.926120661392574,3,5,13,0
44,69.85126381784748,65.27930066859344,30.72096549228728,4,10,6,0
29,24.794274962111448,77.47961674636852,68.41184903848021,1,14,12,0
59,48.86818480764651,19.543057789933783,9.533588451523691,2,5,0,0
7,91.48290289932226,97.47954516700024,36.567911551559,0,10,6,1
28,36.04040093535026,39.6112915492165,31.619532649426585,2,9,10,0
9,52.37938468373349,64.68284046451495,76.38471195223765,1,13,13,1
28,96.0637067911512,49.51852194749932,18.917361681857532,2,17,11,0
6,74.79726052950127,49.477193077660274,94.36527849923712,2,19,8,1
29,76.03533663596073,71.76071535137353,21.19926814428972,4,20,6,0
58,28.971730419256623,99.49291839286415,40.15259958603736,0,1,13,0
17,44.39632123898718,67.6106857971154,23.971518376716645,4,9,11,0
16,12.822505494188562,80.43561749940984,32.236304629848604,4,18,9,0
23,62.6199573698007,7.623525439915662,77.29734656347186,0,5,14,0
31,14.854365631536949,81.99060006115774,50.2584482801442,4,14,11,0
3,84.41141030956571,33.49770876798823,20.44469314447375,1,19,4,0
21,82.38260976689969,17.036675278293163,9.430313471234504,0,15,2,0
26,55.6924846066194,15.766738117532055,26.842040916176128,0,4,6,0
36,18.41077315371782,69.58810734611454,94.83226395997198,0,4,5,0
42,7.430003403540975,99.77359942385225,85.30509107786317,1,18,7,0
37,80.68732341654437,68.28853434542548,46.81650301278082,1,18,13,1
53,62.01334590527555,29.923074256343693,50.789546084868384,7,8,7,1
22,72.53831549104892,24.31406724527927,90.43978324100452,3,2,9,1
42,33.86167694495492,54.965924430463865,61.177811325694854,3,16,10,0
12,53.40086009517188,11.178733438316812,88.67287118913252,4,14,5,0
42,75.9815462012668,42.936429128082786,51.724714913472354,3,23,6,1
13,48.94351428981096,68.29231588054981,24.009273816288463,3,1,2,0
11,62.13150116302944,96.927916201806,73.96306309451232,2,17,13,1
54,80.02418487175642,45.4370775424825,55.0073653600062,3,10,3,0
16,25.445961300305992,24.02127433869413,68.50176009700452,3,16,6,0
8,11.26324448896082,82.64942832041451,19.93693708645199,1,3,5,0
40,55.52323352702649,75.69895486175857,66.52217118229984,2,19,2,0
59,10.901948218409094,86.67186937945067,41.314429003486445,1,11,14,0
57,77.82294296484156,25.398279116574752,36.53978651706361,1,15,9,0
40,73.32508752520992,43.459058605734334,68.7901764018972,1,18,6,0
45,88.76270378920321,98.24767158368856,61.26271575979087,5,20,2,1
59,65.75839931322625,20.01402037875548,66.66520574898692,1,19,9,0
2,11.383769221475507,68.78782781976659,96.70664110199166,0,7,12,1
30,29.049451921513658,27.53252384699008,71.6136646090947,4,6,13,0
30,81.75352523345833,52.51510559684171,65.8854014159246,1,9,7,0
12,20.877579644790835,81.04841635059036,63.28753897493341,2,13,12,0
10,71.3556444424143,51.415674992802806,42.87785368860523,3,8,6,0
44,79.1246364374454,81.52076086463146,84.72321065850726,1,18,3,1
11,36.36062079624791,45.50181601683286,41.189167238042515,1,3,0,0
15,35.61825997327631,99.93852833765312,71.52314526092837,1,1,5,0
16,57.99125471486895,46.40368225091997,32.84864624789338,2,24,14,1
17,86.82220161170255,19.19105047059351,19.036861967797275,5,18,4,0
26,26.271089181780653,43.17760398667865,17.327514193309632,4,4,13,0
2,94.41952862402826,75.54635254101186,65.28309138562585,1,18,8,1
50,61.91627505791028,85.55408698706971,36.155718395561074,3,16,9,0
12,99.25201477846625,48.709813421744926,31.129682416277387,2,18,14,1
51,13.51330377955565,61.47529990055177,61.2456362888644,7,3,5,0
26,17.02340296814211,85.26455644349758,7.43862667422268,3,14,0,0
23,83.53097135278085,82.28688709984038,28.39143693854408,0,10,2,0
18,87.15181008236569,67.48377100930762,37.351992105123315,2,5,14,0
32,47.31857539523872,82.42757490383121,72.29549110768382,2,8,1,1
49,72.83676173352183,59.71152204502051,56.7751184805563,2,18,2,0
38,87.41794230732616,5.441576047901661,86.31891862701269,1,5,0,1
57,9.097139880788724,8.920344518211204,36.778104484858154,4,12,10,0
47,59.52529018435957,98.0817979276274,33.16189426616449,3,4,1,1
3,86.08066332001651,18.774243990256995,8.153753813676,1,12,7,0
38,42.82471973555362,43.42905883822896,95.41314356064356,2,13,13,0
3,33.726442580680555,93.71207112594696,52.641753907531495,6,14,2,0
30,80.59213508400957,23.5287510496397,52.73977189591242,3,14,8,0
1,36.89972543276944,85.16017772431756,92.72643380783184,5,19,10,0
30,5.301558327527805,82.7354189751611,32.54223241321508,3,10,10,0
45,96.15939582476123,98.70131718237728,36.550082354345854,2,22,3,1
32,61.251707453346754,31.759774196575993,67.35303096753859,2,9,1,0
28,82.85420227745676,34.95590876111387,79.59171571544246,0,24,11,1
21,83.40364842255788,90.77341010048973,71.43451891608666,4,18,6,1
58,11.308989935409617,27.23751062421656,79.92823683961643,1,17,8,0
46,21.231718941714156,57.05059091377536,59.63526373260673,2,24,4,0
13,34.5564646721665,72.19777112315035,86.96823085760234,5,5,0,0
27,35.46643207892567,30.82900329997414,57.26013935657057,2,2,8,0
36,67.58468117968673,94.14922981725208,26.787359588864863,1,10,8,0
7,64.19762747150506,68.24126706702243,56.461605117368734,1,1,6,0
22,51.986028910932305,9.47823428563338,72.7297450899107,2,8,0,0
10,25.070054569332953,17.89506546978682,67.08965724441659,1,8,3,0
39,41.288429620578825,23.124249158698543,28.086592482219903,1,6,0,0
53,56.6414270041911,28.27094957937772,8.90243166039126,1,21,2,0
15,49.458609779874486,74.41435015279646,28.985672237106964,0,5,6,0
15,17.092790644032444,13.44884825176947,98.48399676910336,2,22,0,0
4,66.70349688268276,38.30649386623278,22.524292837092677,1,21,7,0
32,11.939918797012751,91.58141571616017,49.115317056634886,2,18,12,0
23,40.92849489270263,57.88343020201538,65.6428509389682,3,7,9,0
55,72.45278802914676,30.222173564660892,88.54995257970651,0,4,3,0
6,6.902235779372118,95.92034816562943,77.22457056536972,2,23,3,0
24,59.14836780930503,28.21000973702483,91.35054502825729,5,1,11,0
20,36.779492543613244,90.98446402042606,62.41645088995608,2,22,11,0
58,5.8390251251597745,73.94811899338278,87.20528677214193,1,2,0,0
37,23.086410750792325,75.34949851108468,30.065084728224896,5,19,4,0
20,94.38988836071218,77.66923524815353,45.903660006137144,3,3,7,0
12,54.509146022983586,53.12408464543488,85.15838506318107,3,1,7,0
33,99.73658443976753,82.38497897025353,35.92854843889618,1,21,13,1
28,54.85759128465041,84.43834428648658,87.76610370264751,0,13,6,1
8,56.67395916757548,39.24623855923112,39.49593144939213,5,8,6,0
1,42.22508622862098,43.03272923055565,39.52249685371753,3,12,7,0
37,34.45383977948436,89.43188826120745,34.35812690515873,1,8,7,0
22,28.896827547629755,54.8492797408048,56.959592945569014,4,7,14,0
6,37.62495853241402,87.35963211447756,17.261530195378395,1,23,0,0
21,48.68585268554105,64.5430988669917,8.477251925561829,4,8,1,0
32,23.239235271925057,61.38893689115903,90.25423309724412,1,24,9,0
35,26.363133721541107,7.943190561396879,93.24913418451024,1,15,7,0
15,30.79675302350172,31.399967794871227,12.236212879732864,2,21,0,0
5,47.67968973342972,52.695476455720225,57.2212677213418,7,7,8,0
56,67.01726984735309,60.79513135279659,56.26980517674221,3,12,8,0
46,86.33388427719728,64.89128025506974,40.380914639673655,4,18,12,1
50,32.277524532778614,73.04116837610361,59.04595794793796,1,4,11,0
48,22.45419233243655,67.34217606789502,48.52133784416616,0,6,14,0
6,40.99050916080272,85.61478720260104,51.51532634943269,2,11,9,0
25,89.9663922553263,33.069682574313774,76.7569981932872,4,10,1,1
56,5.936769192028249,65.94914863825979,54.96622539674113,3,19,11,0
46,69.39751852548581,9.860153848645773,35.747518816505945,2,18,5,0
59,50.33020440910024,50.61805734559265,60.2383306484508,1,12,14,0
56,20.299390421264604,30.46313176542979,65.87162972223193,3,17,14,0
40,35.49704499607434,41.18427908799613,67.91957767993966,0,20,3,0
29,26.37025416831822,38.692961417671114,63.739131842812384,2,2,9,0
7,88.39405594956162,10.740914329500583,68.13726265056599,1,19,6,0
40,50.77797147477407,49.33135107138067,34.45881444838954,3,12,14,0
13,58.49395639788681,99.48978235919758,47.38272174253324,1,11,1,0
38,61.40032383701696,33.398925399465945,68.52708607916303,1,15,12,0
18,65.76362683722382,74.93386730848381,76.66501145244133,1,11,9,1
2,52.077790585713345,57.03989181744139,46.24388222253173,4,11,0,0
8,6.697985429450003,35.89640355049,39.706620134109784,1,22,14,0
11,36.798655256891934,13.512670737280011,73.00885224142155,0,10,8,0
33,22.467957868494164,25.506500572695177,26.10645208435727,7,19,11,0
54,69.6135700766093,79.27608625157318,5.901758575919863,1,3,11,0
38,10.386941880154431,31.506916854771312,49.76077023279207,1,4,8,0
48,58.561322155606206,18.708735829126052,21.470449708502382,0,3,11,0
27,25.01001361605859,36.473342343763946,40.9368621084525,1,15,8,0
20,95.1403546543708,60.48408046163057,32.66724427501503,0,6,4,0
12,36.87638950772087,71.82900060754992,78.83987940884163,0,9,11,0
43,35.89601318059025,41.799659512110104,36.48380744298388,1,8,2,0
31,92.72154345911876,52.32397992244316,65.86420018198567,3,2,5,1
27,44.64805242889343,48.21708574317884,69.02169667693552,3,19,9,0
32,96.47192174764552,5.855318242725554,48.363157127473755,2,15,0,0
10,7.296183452682832,42.58204511130558,12.702403875246604,3,8,13,0
3,34.1027346442039,60.79538196634779,71.53468317716356,2,19,9,0
45,68.28833122531096,59.1447480594973,12.140951894159928,1,5,7,0
27,89.63141163012565,76.22791804175344,14.425231171566688,3,12,9,0
35,29.35853133578697,68.68571149135718,23.619750033614437,3,12,3,0
31,93.39537123654848,31.296645726034605,31.635700789875003,4,9,1,0
15,61.44153931742288,29.286148798101447,85.4129115304996,1,18,10,0
16,81.09578310380202,49.09347081602624,69.11756882492723,2,10,3,0
13,42.73469390915523,74.63211843355721,41.78521489959222,0,5,13,0
49,25.157136343852965,13.913594124716615,97.96960786027157,1,15,0,0
35,91.56736446753084,95.09102538843544,28.142241516898853,3,20,9,1
52,93.64790749859075,56.59954675211101,62.93236680150417,3,24,14,1
11,52.26963869464287,34.108797518682564,85.48534035054284,0,24,9,0
59,5.617026519929368,70.87216693373547,81.19214490589458,2,19,12,0
21,15.429380598688423,9.24895254309467,13.57923611373454,3,21,7,0
51,59.437656222013565,51.017706999390974,71.24105124908158,3,10,14,0
54,7.258786718679192,51.167116509061856,29.497056777505733,3,17,5,0
11,42.70663277873605,20.38765206638828,38.79468041621934,3,6,0,0
30,33.820144829341196,84.5518425144789,51.45423831956072,4,9,12,0
48,72.86308616320945,80.69715127462415,80.12126577621238,4,17,0,1
53,10.279973930053853,19.509577473102357,20.78913705355949,1,18,1,0
35,51.42947055284231,39.563592888520866,15.312747328763589,2,14,6,0
22,60.01585563818251,14.540807879934354,19.57691827914624,1,23,1,0
38,63.64265222499868,85.6178318997237,25.7312358812384,2,6,2,0
31,43.48997884160938,35.71540985612088,10.652676112047766,3,11,11,0
14,33.91493942580734,46.73504924647701,93.00386460915736,1,19,10,0
24,69.83683820502914,35.76783525195381,35.312923673431094,2,16,8,0
50,85.51905956973702,34.452471564170345,21.812684837309956,1,2,0,0
49,70.89367558937349,75.99371410611596,65.59424934979667,3,7,8,1
32,93.54972471843604,76.0187922470832,79.76463128282975,5,21,5,1
36,73.14003490900308,54.1898761956541,76.55724573213459,0,6,14,1
32,77.63877973129374,67.47361018599986,73.27718331477377,0,15,8,1
55,20.95080367719844,53.60800374900588,9.800347666606877,2,13,11,0
15,44.85626623003762,7.715974944272928,79.3051543259424,2,7,9,0
43,51.0802564408167,11.270611147343589,52.67847091892652,0,20,10,0
58,29.34785041798773,41.455354103718975,66.6631719029941,3,3,7,0
35,55.211286733847345,76.22590406969745,95.86033933122653,3,15,6,0
3,32.62523470107551,91.75649167276278,82.01389115503531,3,20,9,1
16,70.31269881641951,7.822289007941499,83.41034087647046,2,3,6,1
5,49.67740528680171,39.96285500524667,22.239385793426305,4,15,5,0
21,48.58666065555838,26.259331431059035,50.25962700069113,3,3,12,0
10,98.44604044811712,82.44450171071888,95.1859210759838,3,15,10,1
19,42.28226061154419,85.36697374219091,60.355098946717014,1,1,13,0
25,39.41806609600899,24.60884243073005,14.74570512760264,1,21,7,0
4,35.267415271852165,72.52858907631285,74.52288336409792,4,20,8,0
29,90.00117599270082,74.51682354363571,9.07805047497974,0,11,7,1
19,52.18876347932693,21.820481194344183,75.51824036535517,0,4,8,0
43,62.001375360660376,46.201112115782394,88.5783995766515,3,19,4,0
2,22.177755505227527,63.93209151716096,45.39876335826681,2,22,2,0
10,56.38952420046805,7.476327658596894,44.29322198358329,1,10,3,0
43,31.091578322506383,43.43622413935886,33.90008083919903,2,21,3,0
25,74.41050751997336,19.721032130023964,88.30913708485461,3,4,8,1
20,84.09019313527631,56.480167606484294,57.039537384596755,3,16,8,0
48,72.90701575247137,85.0771704287907,60.02969436028879,3,1,0,0
19,74.37319579567445,54.85162416947354,67.86220213074569,2,13,13,0
23,53.685096891354114,8.418441639824977,33.521940018473316,1,19,14,0
24,72.65121535174285,7.817438331695161,46.11469957828912,1,14,12,0
11,45.15525887327523,62.522798860894184,75.45254740959838,0,13,14,0
46,66.89146958531323,36.158248059933186,98.6212620112036,3,4,4,1
34,29.608724961448893,59.4033178298298,8.259026306130373,1,10,1,0
55,11.626916169640964,20.54552534701882,9.051607304923907,1,8,4,0
28,44.27996009158701,78.80192351943063,45.66783578837818,3,9,10,1
5,48.86892479914655,86.76837204468895,67.66407430691326,3,14,4,1
59,29.358680027925548,89.4764321980649,41.7046393593551,1,8,2,0
5,74.13240424868758,33.88708593897837,99.96567212669204,1,1,3,1
51,11.987295502746523,67.76985992434952,23.559129518182907,1,11,6,0
21,26.161090816022913,31.50902677737472,5.752918510705612,1,16,9,0
12,76.11364825309455,77.46189797709995,23.062289419713064,2,1,12,1
50,46.526806005301175,16.44987521150074,89.2500256346236,0,19,3,0
4,72.00194428373469,77.46265705651032,18.78915432250414,1,20,2,0
54,58.911158389441646,46.7742205780358,50.50260412913087,3,18,9,0
49,95.31771124974944,86.27720159137517,44.83123716853757,0,7,3,1
42,61.790604108669136,75.19843169868392,68.24390552265724,2,9,10,1
20,6.412552562824372,40.76936586616607,10.18658070984803,4,6,1,0
38,38.52334829791173,90.836222609243,67.58126625129147,2,20,0,0
25,18.59076480944723,31.91702823115448,38.70140617832186,1,6,4,0
14,92.8401993717818,96.86391998641272,92.9737581128374,3,1,8,1
11,14.881183157082631,77.88432147579002,85.64429631066106,1,6,8,0
32,41.832132997453314,99.114110870763,42.953093605370675,0,16,0,1
11,26.47942339453576,10.120938557855366,99.324725134196,5,4,11,0
18,85.43858908768966,31.033424358327427,9.934656502343485,3,3,0,0
27,34.31381727094711,75.42010436887496,79.92006090609812,2,22,7,0
55,99.22988089855129,92.61372161878566,46.21446978259945,3,9,6,0
54,8.668577533163834,7.733227626348031,46.16398873582061,4,24,6,0
18,17.186293383943756,5.000883117680551,21.16271082380755,2,24,13,0
56,26.34068376076537,29.343049779343534,53.91359239736479,1,22,8,0
23,82.05507381901515,86.01397427999834,13.0482572036081,2,8,11,0
11,88.4591348610815,77.87954470360637,63.57483200503584,1,7,4,0
21,11.787881157895123,37.32635890604141,27.95109188111929,2,12,7,0
44,8.083713467416258,5.191070112816396,73.86151434809015,1,1,6,0
5,75.73290142493504,57.69704539060408,62.69934423437441,2,22,13,1
23,17.66844064159328,27.60576978784033,75.90847583138736,3,12,1,0
41,17.634865772090723,75.83284820748514,76.22549667225007,2,16,1,0
59,7.124820776970781,47.40321811634947,23.687359295941913,2,14,12,0
25,9.731748370425075,69.46718268952837,5.064099301226628,3,11,3,0
41,30.049168566571467,85.96933883938758,39.747319642310075,1,20,0,0
54,11.1755214940266,55.89718095425781,92.31157550066835,6,19,9,0
10,40.04351370763118,36.915776369187775,59.90044154040425,1,19,4,0
22,84.11362796659816,78.10663687144866,74.1126905343766,0,13,4,1
19,36.0004244455513,30.1927877782619,88.55918206473753,4,12,0,0
1,74.1442454450403,89.69428753011124,91.07553353384624,3,10,4,1
7,13.92144665894786,11.7856264396289,55.257389944395584,3,15,3,0
4,67.64064280485182,84.36952090531175,56.38949806664523,3,13,11,0
1,35.09098240945632,13.697794090740352,85.83918991714606,1,13,13,0
15,76.22652347621862,10.333013138932497,81.7111163525513,2,24,9,1
40,17.94394133535628,39.50940904807528,71.39156699101731,1,15,10,0
12,90.29892088762578,95.87218867510866,62.42410794104912,3,17,4,0
22,28.044834275303977,98.4311751482022,63.63543474496321,1,23,3,0
22,38.548090361711765,24.196697591785135,39.47657773922159,3,11,8,0
50,95.26716752771397,19.120567787896285,84.88718600316065,2,10,8,1
47,59.9558241744316,38.53056649770387,63.689071983289786,1,4,2,0
17,39.748294301487086,37.02324988370201,26.235165912945444,2,17,2,0
29,95.212203968195,77.16132386010759,27.785111458406146,2,14,2,1
46,36.26235460455304,47.17990697093899,86.85228630845681,2,2,6,0
14,14.012717704142078,79.08894064477876,64.44221683547593,2,7,0,0
50,99.70064434664488,76.12774421737936,42.87689220065352,3,16,12,1
20,30.445267453096815,59.93949086196272,22.77457212735232,1,17,3,0
50,85.86949562646271,84.18364947545723,62.97051745829416,0,22,8,0
48,20.72637550819329,23.586535922507174,22.509486101852985,1,4,11,0
33,74.47862731885091,20.371997087748763,49.6658679657386,1,3,7,0
55,54.82269247486394,76.31177455775348,69.36350075291745,0,23,2,0
59,98.18612303756233,28.255720904753073,58.71446626050647,2,5,7,1
43,57.51888382877795,5.265466462936542,92.59949051199548,1,6,5,0
15,7.376439429631142,91.63621602123112,8.773514175918052,4,23,9,0
12,62.36840901428835,64.17902051314097,31.58051320588327,1,6,12,0
40,18.805063351979474,47.269081310754366,10.423179617608202,1,6,13,0
54,80.86138695179828,73.9449684508586,23.487401852042453,1,19,10,0
20,86.37397866654041,36.666514645952155,16.778416905325415,1,11,2,0
30,50.798884285497856,95.59827542406468,74.60285456692199,2,19,11,1
38,79.40603841996837,11.518927450004036,40.09071442296781,3,14,8,0
3,18.785519870752488,65.89007811292429,92.87920576428697,2,15,9,0
28,51.74742772088638,78.84250087182099,7.2208835607467,2,5,12,0
56,42.42470514560554,49.56696124988339,67.02779756969692,0,23,6,0
26,63.07515177004273,76.72199373127341,97.2017560252214,2,12,7,1
30,9.225332936300198,93.05648779846408,21.70467838195177,3,13,9,0
13,76.4516696336196,75.67942056453202,47.03106187713028,0,22,10,1
13,12.517282500094948,34.38985237794956,71.67953966117604,2,18,1,0
2,67.36479416536567,58.375405598324235,65.14810993570094,2,3,12,1
37,6.7534364262947015,91.6023341966642,58.77257740373872,3,12,2,0
49,84.0293660568893,47.66428392083681,36.04183207016849,1,5,12,0
38,21.596464871259226,69.76135701699292,74.17899558562561,0,13,6,0
2,53.972260217814096,49.22389888724289,67.05925132149194,2,23,1,0
36,29.84182585412384,16.527694909334404,20.46602711715639,5,13,5,0
54,73.6514841958015,10.566775408246144,96.58861947404114,3,6,6,1
26,35.52835451802352,95.46602616472528,57.788926349311346,0,16,10,0
11,73.83787339089014,63.191468475004086,54.918852098410646,1,3,10,1
8,32.062764649370266,14.8624167466367,85.58248437080961,2,7,5,0
44,76.48494363889719,86.45666305463462,65.83928350975279,0,21,4,0
40,7.907522152005902,54.65584796852726,12.075532227605647,2,10,8,0
43,31.9145768605156,78.33355066278796,53.12599051007469,2,4,2,0
22,52.3701831118265,17.041838584414432,79.15666682493126,3,12,4,0
20,9.28066028237392,91.15649102381067,71.49811141680468,1,6,12,0
8,22.673235830271473,61.10086676979243,97.22302879356096,2,18,4,0
29,93.7810132559143,75.1347646711589,7.367046570163447,1,7,7,1
40,97.79925519211798,7.9810703616010334,29.815800880838175,3,2,7,0
26,75.27624500209613,34.9539655189053,57.16986334683042,2,23,0,0
30,28.95900480860672,30.407314367564112,63.85153090697117,4,8,13,0
17,29.749157316417055,95.21152455234773,31.063818661235693,3,18,5,0
20,66.35008399053193,22.60716404363193,83.5461583057071,1,24,11,0
52,16.171963576876667,72.1699140378388,20.613040327021224,4,13,5,0
55,95.08939114088484,9.061586086182835,5.080665414063223,2,23,14,0
16,26.357225453467535,23.779988140952664,95.47718284573232,2,3,10,0
46,99.96538441541716,37.16674865416351,42.19789547085947,3,13,9,1
43,52.09471055373374,80.47805554810046,95.96153109082888,4,7,12,1
7,78.28584895432896,80.04777510587104,31.403502032796283,1,1,1,0
16,5.207488978027937,95.49717686560038,11.02762033746646,2,18,4,0
45,89.43090845140598,92.09291275335406,78.3893624325372,4,21,12,1
59,30.650194254155146,12.743886529276551,84.40285552344133,1,16,5,0
47,68.4539907320662,83.8374336037461,51.74825539052541,1,11,2,0
56,81.60375167539101,47.8614900563016,12.01578231689714,2,17,0,0
48,20.594035353105195,87.25917861932467,67.14273712246708,1,5,8,0
27,47.03840072627675,13.482193895457405,22.303677575139943,3,6,1,0
53,51.91441436193272,83.16306464319689,85.691247074847,1,14,3,0
23,34.65134920722443,20.16603930507356,31.03219635650816,1,14,8,0
24,50.76680382425324,36.71495485658751,85.53210707982313,0,19,8,0
9,35.16683747725711,7.740598027552059,45.55783147988434,2,5,7,0
35,39.27103578024488,16.75416837777816,61.66634472857431,0,18,13,0
51,68.5864619767602,47.34395911417636,80.0084390979918,3,11,3,1
20,65.09636048897472,82.74214188527468,8.841728083378477,3,24,0,0
37,27.0652439507649,78.49862827967974,83.01077058802956,2,12,10,1
42,90.26087405556534,27.35328736874976,18.17156396772227,3,19,10,0
17,86.96491183878211,19.410592661581692,39.04974374428372,2,21,6,0
47,53.3629141355454,41.98002898326816,49.91419786055099,3,17,1,0
31,46.15882055609629,88.91049298522405,90.06552544851972,2,21,7,1
55,40.80131838349034,13.6853820454853,7.131859650081154,1,17,13,0
57,72.19045227331172,56.576830982713275,58.12424778819461,2,2,14,0
8,68.8082754348997,13.43671054328898,66.03963750592749,3,6,9,1
15,23.637157659107977,49.6701515106027,35.07531936441198,4,19,9,0
31,68.78851297353432,17.045193655293318,32.59624327439868,0,6,13,0
53,28.980963439693795,12.632008824939655,51.59457005849442,2,1,10,0
30,6.763041969734928,23.13068664104055,22.774539697143897,0,14,1,0
46,71.42482436605081,29.24932184003279,49.47129831247112,2,23,9,0
20,66.2553922337712,31.245211017485357,77.67740573156401,1,2,2,0
39,44.02687992556244,66.30045498849663,85.3125728952489,0,21,14,1
53,54.94017531235309,10.22327818417372,41.590331565395566,3,21,5,0
55,94.98107321204716,12.676860691009592,63.64366274865013,1,12,3,0
12,61.54401718601658,22.927085340530375,5.001949206285023,3,17,1,0
49,67.4989738569705,87.84599157223509,57.28348594878797,3,23,0,0
17,11.071575490168405,64.71746797600711,97.64744901228651,4,4,2,0
42,20.769473764136897,74.38511762285579,34.66517758031508,5,4,3,0
30,33.59046625910088,40.18440477797762,61.50373179987838,1,7,8,0
29,56.241035212673594,25.255933161650084,77.41694747633323,3,13,8,0
19,78.77613511841551,8.606329291476717,62.84863699401605,3,17,4,0
46,35.51788338991577,51.41088389732976,44.757497194349746,2,14,11,0
11,38.85633089548352,59.55669160159473,19.49467946440549,2,22,4,0
34,29.33433409150614,90.21526546588262,49.05163275853192,1,17,6,0
50,29.18788628305406,88.79883298115442,33.0044998719662,2,16,7,0
7,95.14206536000567,45.34509005486422,71.11242743232326,2,16,2,1
44,65.36843206379456,45.239903255328905,46.98171293287528,0,6,14,0
58,19.81061813629495,20.3066751880042,85.73857763769554,3,2,11,0
34,73.61361491800469,29.45765384504613,23.36563150485176,2,17,4,0
59,73.59200861920276,92.93803975048468,44.68341159508949,5,24,6,1
20,68.31466862510199,18.3984210388442,57.96297275750678,2,23,14,0
50,17.798442283613042,97.0264569406469,16.971394222688044,3,2,10,0
38,43.75919092961076,52.95016227044366,60.85145739427645,1,18,1,0
24,15.141851396969248,48.37764360284896,32.63753350611972,1,21,8,0
10,82.57894788875296,21.59064616520368,26.806032114122655,0,20,2,0
32,67.24135360190233,67.84641879583567,18.481520274287753,2,12,6,0
52,53.184373992942746,48.68532424441354,38.23878293518356,1,4,11,0
15,37.58647026755668,40.21299145175602,93.25332944344964,3,9,8,0
37,22.503700076971175,30.129040765602735,7.945556636450556,2,11,8,0
20,15.11252093914525,11.316246286412838,85.95483978925422,2,17,2,0
3,97.07785771600544,54.3361710723541,42.74928528958838,6,13,1,1
37,23.96662098582219,34.726291640570494,58.352155679006536,2,19,10,0
57,10.68808953853164,72.24719428526335,53.7171682079103,7,8,13,0
40,96.35834335733716,73.73462389116948,92.9453248526872,4,5,4,1
8,57.150415428993576,36.55016609609066,78.16228057454279,2,10,4,0
40,80.68238982415858,68.56646493884229,98.55823585615518,0,15,13,1
44,9.157755483840262,29.57414782655196,80.47084540406125,1,19,12,0
56,58.859856460567194,74.08150399300453,33.10940694963529,3,9,7,0
23,42.82994659120954,6.527328826796089,96.47394953913484,1,16,5,0
40,78.33662126323892,19.402832863604715,98.43875012675272,4,16,11,1
11,8.650436335710566,28.275822881206437,16.69390184358645,2,8,6,0
46,43.16060401335336,78.42887126371811,90.59919745938282,0,3,10,1
8,80.91197485118862,11.30574404301881,68.09920737485041,0,3,7,0
29,54.656240140645146,22.86542865297544,92.5894081531458,1,10,8,0
30,57.253680394867374,39.069290022993435,91.99520692080374,6,12,3,1
56,14.230644786766725,5.871624444526535,89.68043796278559,3,15,4,0
10,17.57140283140868,77.40149266056882,89.10118139982599,1,15,3,0
39,69.31496250974966,58.20998921885278,16.176392704355766,4,19,8,0
28,69.12942911754239,90.56454176690164,18.63399228643489,0,14,11,0
49,98.01482245396596,7.947948091769817,16.189044840811835,1,11,1,0
36,72.63553386622729,30.782114957800424,13.6477634360271,3,6,12,0
13,51.85813211367749,74.4689074564867,38.56210208202889,3,12,14,0
32,86.44614323568752,69.13919484765258,69.97604936084102,1,18,14,1
36,14.92493365251394,28.09045685744725,38.69579824189557,1,2,7,0
37,47.68310298514418,61.590334821965904,73.428531661134,0,24,10,0
26,32.275365538119125,80.4069770452366,82.92689687691926,2,16,13,0
22,14.940591658124433,8.1711668167884,68.29040031390961,1,4,6,0
4,77.5326980484348,73.17469770259441,49.18494899688203,1,4,14,1
31,53.525242897393966,28.94922118582768,33.074156761140905,0,21,12,0
18,57.89302839026161,95.04587241074258,16.818319433246934,3,17,6,0
38,44.069242851481256,56.13092102930529,51.89692365158145,2,20,7,0
24,48.73203700225984,8.171687349971707,73.36190057014025,1,22,12,0
56,16.0216517766853,43.32590878434275,57.08310509288459,1,10,10,0
23,68.92719330726277,96.79962653085114,73.54078233259396,4,18,10,1
22,46.0824991624953,74.38543435820029,36.845868872632565,2,19,0,0
2,82.59291944731041,33.54550535021391,11.345625990258062,0,11,0,0
31,23.64728401359223,59.650392959817296,78.25430297309478,0,14,6,0
55,24.4802338747894,61.91462878386164,25.873790623807817,4,4,1,0
11,66.34715929541534,7.218075274404971,63.54708072242227,2,16,11,0
28,85.3703252227527,21.98916931867609,81.40781073269966,2,3,3,1
46,49.85879466872666,57.41880913966165,18.215450175244285,3,22,11,0
32,74.0606175296445,43.26149305661546,61.8569974512612,2,11,5,0
5,99.93634254184312,23.05359237941527,70.49056437480891,0,5,4,1
38,99.07523577424816,78.40352981209614,75.92043234779783,1,21,4,1
10,75.71200006806151,51.45451366448245,19.02832805844132,2,2,10,0
40,75.26071651943364,34.44744852485067,83.38603538804028,2,12,5,1
46,28.52379428389604,20.359347909495863,13.944113784294649,4,13,9,0
24,84.18626499665851,63.06051946520493,54.3604294748967,1,2,6,0
35,43.484702069476455,68.29482375283023,47.12420613879859,2,5,1,0
44,96.38942143734816,68.61173557482405,26.06777705237756,2,23,11,0
48,12.735630427158874,25.927299227426765,33.683420437487726,0,19,10,0
23,46.40483504290897,61.55714868612345,20.621399412445676,1,24,3,0
17,57.80484632993237,91.0136141615506,45.443988508019075,3,5,6,1
1,43.489839673185664,38.55282207248381,8.373538119203218,0,3,4,0
55,25.005023097969616,25.02285860097519,89.44695115313476,0,19,10,0
31,61.33390643433844,78.3542040219724,20.531296828476552,4,19,13,0
31,76.81220188938806,21.80387931514788,89.17168686331512,5,11,11,1
42,66.25966662191867,29.106128437514737,87.03985301273032,3,12,9,0
57,27.272640636763754,14.561217459636437,47.90933467998024,3,19,14,0
55,74.50275471500977,30.448060027093582,52.28394266043377,3,20,8,0
42,29.40529157423351,43.981831290422946,33.68178635077573,3,10,5,0
53,21.6442244777838,11.094996884584155,99.70308699767536,2,17,12,1
56,70.6134614666786,87.81234653524355,68.72335810607123,0,12,3,1
34,85.06478838082326,53.79910526058514,95.42178716387748,2,3,10,1
9,50.74624753117457,60.86984502941039,44.40570021687691,3,21,10,0
22,55.482220348151586,40.27214686117817,88.8865750461147,3,8,11,0
13,33.76101919476709,68.63434680762163,47.582290155621365,4,8,13,0
25,51.98871143545306,46.01926490584792,87.34874284962468,0,13,9,0
48,17.538384811178684,77.32480858122827,17.438023152011667,1,22,3,0
18,95.80392881988404,83.03320363396368,65.50117054300837,1,13,12,1
51,81.03426209737664,68.82566562921966,69.47683390971893,6,10,2,1
12,68.45744077810755,51.6768838215519,67.3362162422106,2,15,12,1
40,56.128465310018285,79.31558830721163,47.467623713737645,2,23,13,1
17,80.25606794165662,51.95710458346066,69.97203045292561,0,16,5,0
15,52.00193776065141,15.593440915109031,27.74899457757634,1,13,7,0
42,33.49752127468059,16.05232120819009,61.60561647722319,3,11,0,0
15,20.235552340833845,95.11539826513513,57.65231782268627,1,12,14,0
15,66.52063093617168,25.288485803498233,35.24225460239056,1,14,1,0
55,93.29544577751884,82.51287414708776,78.9920618532168,1,20,3,1
39,19.59376258291336,28.43701369112771,12.682846218574692,0,3,6,0
13,22.10171427982664,45.92410891639756,21.28676782274665,4,15,11,0
17,46.192573173905835,67.22007064932369,49.759253763846594,3,11,1,0
32,81.65543805237046,20.092381425110897,89.71498630288409,2,3,10,1
9,32.92265925229294,75.03841639456836,59.64015768015499,2,18,11,0
40,29.12172784365267,70.54173239287114,84.99635083922334,6,8,9,0
20,63.89679768896922,56.59287446504938,54.16912331902137,4,23,11,1
26,55.883404278061526,58.75952682403108,79.61831701803986,2,8,7,1
27,10.720934622297444,15.048320384551086,35.95075250083439,2,13,2,0
21,12.741547844381271,46.41516929133662,82.4385201328256,4,6,14,0
18,66.08623311755278,13.224282558974336,43.16017670374803,2,10,1,0
13,49.18674191903906,34.24701264818351,58.08896033412633,3,15,6,0
16,97.24283320096896,90.52965340361018,21.70874169536529,3,5,10,1
9,69.46048401935614,59.58067305270525,92.44113729002788,2,1,11,1
12,5.956997889356988,75.55682662450475,71.63861634654113,0,8,9,0
44,50.69678408104387,59.51915740070977,86.591207819191,0,2,8,0
38,44.37255382837055,23.452492010631666,24.74697617976608,0,1,3,0
19,15.137816699408027,61.50678999908969,11.430013750577462,2,24,1,0
7,92.70483940785806,76.76186734402486,37.0348800145464,1,16,8,1
57,81.47607341276374,18.148475272367612,54.08511214071852,2,5,9,0
35,26.85816129990018,82.60613745898556,81.22513888110835,1,19,4,0
48,29.318172090084733,57.76225700293811,42.78400947307839,1,11,12,0
18,8.04171506534784,5.406144206034224,30.64604086560053,0,8,9,0
16,33.18815790000889,54.37895620210781,40.391785679461144,3,4,6,0
55,60.53909084676859,42.588791752998816,71.84270399380979,1,14,9,0
39,44.98012189673348,33.162418572548816,36.940719210346614,2,17,4,0
4,97.07926905336969,78.26943589219815,98.02073450373844,1,9,11,1
59,10.327616080048733,90.45248894759084,21.623013428470266,2,4,12,0
25,61.18586509540601,77.45204348778547,76.54413184023025,1,2,4,0
32,86.53939684816956,85.44339525113296,60.9705431763302,4,10,5,1
40,50.67038667892365,91.33418960506144,27.144082014871465,1,19,4,0
13,5.281458453237697,91.69978458076538,76.59329552836446,1,22,7,0
45,28.066142483496144,15.89062358469196,47.51632000299586,4,9,10,0
17,35.758052688456786,48.356621444280336,69.82783617658693,3,22,11,0
49,96.76947698295892,5.027215067326479,67.914438290641,2,16,10,1
37,91.61846177467643,53.113945546848896,15.511126158566292,1,20,3,0
6,95.17119798522488,92.80317376266012,84.79838736186599,1,17,2,1
19,83.44705347361199,23.914717587826473,69.7401161059403,5,2,13,0
13,38.40653474082091,65.77972973282506,79.15573770048314,3,23,2,0
57,91.05826009913903,66.2160094096999,47.53775432158653,4,19,1,1
26,98.26002806401964,20.23362854533843,23.53086356176567,1,2,7,0
14,38.25677466612053,27.66010673515873,35.99028475599649,3,16,12,0
31,29.75281676871265,48.8920694762229,90.63957669745432,1,16,13,1
54,56.957047814311025,22.879890763162816,94.1117671758857,1,22,6,0
4,22.77945829689835,60.57442795982836,50.777307860092336,5,14,5,0
39,8.099301033606121,51.03146444711556,33.38557963919244,5,20,1,0
8,94.85396125600762,54.32382695867545,74.37955679030729,2,1,1,1
25,92.94536008193482,17.774417517952745,77.76933597529612,8,9,9,1
13,20.4521161074015,54.138923416671126,82.46929825365687,3,15,0,0
32,43.73532345832335,9.700428150143235,7.95296201863712,1,15,13,0
59,83.94844976090513,88.74585331110976,5.924717877680149,5,11,11,0
38,67.79502838798103,37.60872062653128,38.92978468677599,2,5,9,0
38,42.50481337121782,86.3520458593922,19.48717868876843,2,8,1,0
56,75.6962447323678,71.65735503076016,81.47327655884087,3,22,8,1
28,90.21950187996812,77.7863959832322,55.620166089971015,2,7,0,0
53,92.98504139995748,34.88172698119766,83.4080720043708,1,6,12,1
30,40.99071313260796,26.63567428423524,21.80674229069284,1,7,9,0
3,21.488264606917795,43.64035261490591,64.58615734187363,3,19,3,0
28,91.71969152842765,7.301456929215937,60.11634862935095,3,14,1,0
3,13.792767356797684,92.2817893024932,37.3359385797305,2,11,4,0
45,73.56039716667554,41.76635526678183,54.12272355298734,0,19,13,0
54,18.347244911776155,98.91287746013867,60.957616026848264,1,14,9,0
34,41.99175119343076,77.33769497670421,89.50134143090304,2,19,7,0
16,44.0977959217776,12.648925930934496,10.28564655183748,3,6,0,0
22,20.08200193564792,67.71788639504472,83.22051734835225,2,1,8,0
32,92.65473623062812,30.729720659605736,98.11485698169,0,14,6,1
38,5.253475960882195,28.15327133023111,74.51863052032009,2,12,4,0
8,89.91181160557991,29.37345364080522,75.04796331477507,2,12,4,1
55,88.96378573017113,92.0271296258176,25.70755825680913,3,9,8,1
8,35.11154710131015,52.498116726780616,54.69196169016803,2,9,8,0
57,71.90700563853117,68.59973538710256,72.0643304174102,1,14,1,1
6,29.016846573339972,31.690043450971565,62.21669541352742,1,20,7,0
14,77.08348841412415,54.68067324258623,41.58750267609418,0,2,4,0
32,58.30637546983562,38.25951313006303,94.31124895529672,2,14,13,1
35,33.52141815352754,35.50820883765807,53.82874043184798,2,23,1,0
10,43.02230159557719,28.46204055717016,97.1382072163752,1,7,8,0
3,70.53942956264834,43.85565535687305,58.56818974273019,2,15,3,0
59,91.0792577161594,67.70286050985217,80.37142743487811,4,22,4,1
12,17.41901907389109,26.094158726375355,75.49219479961292,3,8,6,0
49,59.27957711856993,96.71717875334826,67.77825864332803,1,19,1,1
59,29.10427394842616,16.838109264048335,6.373780346612036,4,2,4,0
31,81.13036373816863,50.61968473353645,12.355769297528973,1,1,7,0
29,11.6725440576007,13.077680553758194,60.241007379440966,2,19,11,0
5,70.45080006626114,7.153205501555949,91.61923506485192,0,24,13,0
52,21.61987130064783,92.65434537134452,62.10845835197025,6,8,10,0
25,61.65661474830678,81.98655542531024,27.419619604594065,3,7,0,0
41,84.39079578330575,70.94476044692804,35.42074815347697,1,18,11,1
31,76.73266290155956,87.19312724924475,64.20018803762582,5,19,10,0
21,76.52957432994555,81.27060018212421,61.72017423342664,0,13,7,1
58,54.195304657756,66.48758349370726,95.79177647043494,5,16,1,1
20,89.62083122572353,85.49752094799507,55.26303358071715,1,23,3,1
39,60.8699938329898,42.126052578709995,38.72641378745775,1,11,10,0
22,92.1642070122092,57.51142415733698,54.87431189043473,1,24,11,1
4,56.91963349407967,78.74951203297134,79.69222841072616,2,22,2,0
13,53.06672848690028,13.055811543402932,56.33456154946828,0,10,1,0
45,26.123536824979876,86.57131938043597,35.97499227733282,3,19,9,0
42,56.75473213286947,19.89889329117748,37.16899985498245,0,5,9,0
50,18.355558968645212,87.13141902526621,76.8971228280233,2,12,1,0
49,87.62056911965682,34.57662280512807,11.312586301821776,1,4,9,0
20,69.20972942728787,36.04437036707576,31.10175123657867,1,16,5,0
52,99.39536760682948,12.02512553762162,19.53857108881145,1,2,2,0
13,13.749255640099694,89.1604642700962,94.74418515373698,2,4,9,0
17,27.86391123530225,21.57848822713261,13.558955000976956,0,16,3,0
54,88.33006740528323,64.85474069351645,77.02744291164439,3,22,3,1
36,42.54913947804718,66.17692192908461,64.89042909957118,3,11,1,0
33,49.29878404828027,31.70939282439136,65.11641806374226,3,6,3,0
1,86.7619293018236,98.63779095839642,77.52613757904908,2,11,1,1
15,54.573206370245465,11.095790720553069,43.046357347010385,2,10,13,0
13,23.38020569436497,62.74784104419424,43.07061967474103,1,15,3,0
17,89.74286096392919,50.55667310843297,32.42704931255829,1,21,12,0
24,7.950857360188182,28.320990178991092,61.78625350413777,5,7,7,0
58,90.0626454261271,20.537412575679912,93.33149895047453,2,21,14,1
8,9.799421533871795,75.0230140251037,92.77840394213848,1,15,14,0
50,68.25568963701217,92.04991307571272,71.7812638572316,2,22,8,1
27,11.809541069156792,15.216894885698627,91.08764824813976,2,1,14,0
45,72.09023366668123,23.42812015007052,96.534288693798,2,8,3,1
23,8.227275526630335,98.6956259930787,80.53496958526517,2,5,3,0
46,85.03348413252482,6.427154052598089,43.74416624961789,1,21,14,0
8,49.26467533834855,53.28393711702771,50.90637180151198,1,6,13,0
8,13.878121703543403,54.03072075777236,93.46940740908188,3,22,6,0
59,72.14784727596367,30.000344888848517,68.65076715109748,1,24,0,0
26,51.48256496285744,67.98774364214778,82.96592631268666,1,4,6,1
47,23.140141593167073,94.7693861105663,16.03083339581469,3,15,12,0
59,6.488875519428949,47.770323440874826,23.4206344336112,0,4,8,0
13,44.70983467392603,76.1948530131131,37.69030439568204,7,3,3,0
39,13.13477691921088,66.37667463078853,22.88286227815749,4,16,14,0
37,13.946121333487534,49.92947703646291,91.11418114189632,4,16,1,0
49,30.3963070944543,9.732168481304443,25.60460196475981,3,8,12,0
28,64.8935382380303,75.46623147094115,57.93245286139712,1,21,14,0
25,55.34150781329017,39.50888747653898,13.118117664200318,1,24,14,0
16,11.553794284574655,26.32699539822999,19.72137541976753,4,6,3,0
55,97.00097120978464,95.0855217298762,28.504437822264467,3,21,1,1
2,89.28102538798615,78.48276310698039,98.37487314101668,2,13,9,1
54,29.626421278790033,96.41552475930897,80.72105691537165,2,9,6,0
18,16.622164716403418,29.340608555731055,68.98773058310906,3,9,5,0
17,94.52827215191408,84.40036611989929,92.04488846573118,2,11,12,1
30,48.80846889866649,62.73353340488707,95.8398226399234,2,8,11,1
39,34.5608616532864,98.24285048380588,48.089426856481175,3,13,10,0
13,51.5840133406928,94.90010983329744,36.13049769704966,2,19,1,0
32,78.41069373190915,97.43196426955672,34.95495605115605,2,22,14,1
50,20.996603338790177,95.41792374229448,8.39426469773761,0,1,5,0
29,77.91210418338419,5.727782354591704,31.565618904002097,1,17,8,0
46,76.19744485371722,75.4031139643155,38.729366883405675,2,6,10,0
30,56.23807945988358,30.83378331491597,8.505389747629694,2,12,13,0
18,87.25501743121026,71.97757407749016,88.8474574837951,1,4,7,1
13,17.55362092613675,98.15806411912132,85.54638990097564,3,21,8,1
43,61.570505633238945,8.739142116382087,28.892587393768267,1,16,4,0
21,47.68758998767305,58.86384408173829,81.24309552941061,6,21,13,1
30,45.11775071940401,74.82055002109308,80.64012851276286,2,3,14,1
21,28.993301770604916,29.069084310406655,36.8262121748298,2,17,9,0
48,40.366567396941264,26.386584021378532,71.22146366995395,3,22,1,0
55,15.274321822248249,10.732823013178695,32.53649461286277,1,18,4,0
17,28.901902127658396,13.922386430967183,11.676242409331492,1,18,9,0
40,30.836685238917845,67.39124153059434,52.955794223252965,2,18,13,0
19,73.46344740871325,52.99500880803533,46.641068883510634,2,8,2,0
52,9.612290584842,7.856861610784864,18.124526879341,3,23,13,0
15,66.86326927433177,97.11786708151276,51.60256701405802,2,8,10,1
9,26.033941430353035,67.32435760143647,95.19069584690703,0,13,13,0
52,12.776843062047924,53.969514056520794,74.48234898296737,2,12,12,0
10,33.57658530311624,30.908802479510214,75.19286944485044,1,15,13,0
44,26.324922595717265,67.51939405671281,76.96732553281758,1,10,14,0
31,57.44307570478575,39.595946973857714,75.74021169051184,0,9,3,0
53,38.95075832755643,71.73694545293651,6.89063636305764,0,3,6,0
23,96.76940552879098,69.8443324291426,92.84563889092352,0,10,1,1
52,96.5372119421308,13.810660536792287,83.86308762168346,3,17,13,1
30,47.15295056642275,91.37976728954422,31.085043706135256,2,15,5,0
33,80.53330876272466,51.26255390215972,57.51063295947988,6,24,14,1
57,6.260511381783128,42.32976920182262,63.42556334555088,2,10,10,0
52,57.04210054885625,95.76890364473395,17.53477776604328,1,20,0,0
9,75.613421369163,46.629881705565104,29.126520801427105,1,21,9,0
54,25.609606413696913,73.51598710579113,7.208791351994445,3,14,2,0
47,10.811316740764656,67.23796533873444,87.0754134051552,1,16,10,0
1,19.81229891111331,20.68830931789038,7.365981625889042,2,22,6,0
44,46.975568281516416,99.158563505598,35.27610459678236,4,6,10,1
35,53.10528497184489,49.04241061763423,12.433416829891195,2,7,11,0
11,41.184086600333,42.50434437964431,79.23356298624996,0,10,4,0
34,46.7975078690261,92.36328181155686,92.87336344176283,3,19,11,1
16,49.67232116288172,55.27764197482546,58.467483882690274,4,18,7,0
9,78.09648285210415,71.98231138328467,18.25884764429056,0,9,6,0
32,14.997980317376976,85.39337448989103,58.02528153717965,1,2,6,0
15,78.05029438014262,27.371967593829243,78.18241774800447,2,9,13,1
12,70.41959371802483,21.0993255934803,73.24953949649856,2,4,0,1
33,75.45777690025022,11.508146531145568,75.46330555732274,0,11,0,1
45,74.77449665815567,90.2276634283762,31.52151504258038,2,17,12,0
14,49.70622250116945,24.034874000599128,12.005064645503015,1,3,5,0
57,25.083017533285503,34.23663418611742,19.15154566210277,1,15,12,0
57,55.979745908671376,32.151657977500356,95.77311608249936,2,2,7,0
8,96.00829509286446,33.935858814627515,63.283828774118206,1,16,2,0
8,60.90993973236955,68.46580704872825,74.15046255707293,1,4,7,0
27,6.049478795213873,95.64078808035111,90.41113621915756,2,18,7,0
12,10.672535963257111,36.298076415966335,86.01168382237273,2,10,0,0
1,99.32202619233747,43.7264796925762,25.748175723316308,2,6,10,0
43,11.834904127746835,78.25896349031807,10.5157042378316,2,11,4,0
40,9.374290204265364,46.07210469783016,92.88717908202857,2,10,8,0
42,38.53730558907226,92.9740629529745,98.25848780058692,4,1,10,1
51,97.08513431058698,52.80571482079557,58.897698383827645,2,16,9,1
11,35.27413960462224,38.03481129754346,89.39818190958906,1,5,13,0
39,43.93899243315071,97.29938595475562,27.02252472290157,3,9,9,0
43,65.23732081481373,45.44927822609709,15.548676936035877,4,17,10,0
31,7.290624736007793,26.961612762864046,52.48260905379934,3,4,11,0
17,90.28753986432288,21.88157740500563,82.06242485095967,2,2,2,1
33,54.34708666767105,99.54222595369092,67.19209420783157,2,2,8,1
32,49.347036070385506,76.53383084724067,65.54541597365771,2,5,12,1
58,86.76903290962989,43.82268075824217,6.6585962813907855,2,2,10,0
29,95.542275989012,83.50451757095806,35.16182477468367,3,13,8,1
21,45.225397006449306,56.94658230387608,94.25209971963572,4,5,0,0
21,21.38190253285692,35.15200949516088,17.75598625410773,2,1,1,0
40,82.49238065019694,75.62165182991615,74.00476479277965,4,21,2,1
23,43.30974001613628,75.86000019389942,77.13455961176423,3,15,13,0
56,93.87682625361778,52.51607677249282,74.61915810326742,5,19,3,1
6,95.24040346394338,9.290042333772156,98.98206493951676,3,14,11,1
22,15.908758013530102,12.317136224498425,43.87478007843285,3,12,4,0
50,95.87262689662089,79.93120050512077,69.80837225985684,0,2,4,1
38,39.98568091728649,83.23025571888026,23.397235771461222,1,20,9,0
37,66.3939891774331,69.43752611483231,42.97244200775336,3,1,10,0
45,8.301257764734373,84.71151466467988,51.69825723114702,0,3,4,0
51,89.4440060379641,73.35130968397314,25.40861640450243,1,11,2,0
54,65.95174628776216,90.20878894834702,91.14702052409169,1,17,5,0
8,66.13767436085982,19.28783589826163,73.03879389439943,5,24,3,0
41,90.70673519786097,41.83544519105298,31.956987968787,0,5,8,0
49,53.2929816161976,49.090525419627824,17.820861733271457,3,17,11,0
35,43.9990808344423,33.27806050203029,32.347396200138235,0,18,1,0
51,87.28223146777005,73.90981257419719,64.18361131309302,2,23,10,1
11,75.52994862778283,91.68168720546832,83.50882063947715,2,3,0,1
24,95.1526881716656,44.18580893058125,52.80098442024024,3,15,6,0
49,94.3115798645006,94.44648663680682,14.736993982928832,1,16,14,1
21,41.320985633222826,54.093046178685384,28.684912309053573,2,15,8,0
51,47.4636975634347,54.638984547524856,37.78867234200747,3,17,9,0
2,29.318570610123952,62.020856364386866,65.43294410254754,1,18,8,0
40,67.76154946816392,30.491451186335908,28.43112065935915,1,23,2,0
19,39.63148715844422,41.41924931782851,27.22319730211973,2,8,11,0
39,79.67956142772876,57.55755802412199,32.189177519013455,5,21,14,0
28,16.5473222694365,94.48837412945986,61.29025922308715,3,14,10,0
59,16.05827086074586,66.05579495324575,51.79987697450588,1,4,12,0
17,24.423261234842705,36.6460729994274,84.95541556373188,1,10,14,0
6,13.007757901554282,5.99451446506775,71.30356986926472,2,20,0,0
19,63.9030027294323,98.25823674334104,68.3480778358514,1,21,8,0
56,18.99851277159017,51.83353299274757,19.691755890438294,3,7,6,0
38,20.19647715942715,94.15704004142324,10.246640868157645,2,23,7,0
28,6.351681254270769,57.18779721433002,53.4498921331308,1,20,10,0
2,79.29855138924293,62.51916172111743,11.805958210295934,3,1,14,1
38,82.1681252652307,72.63166431087735,39.58170201300195,1,21,5,0
55,20.39212955462177,35.49269469811853,7.480673094350917,2,7,9,0
37,75.25482125538632,71.40347626412829,21.796852779835863,2,12,5,0
51,46.18678669994916,55.04523143588145,15.484947525476596,3,4,10,0
52,27.761513881712176,68.88559521033814,81.09357537770809,4,7,14,0
4,64.03153776701375,84.4041597864348,37.88198449378459,1,24,3,1
22,21.955987062973055,22.501767375838476,12.49041923583968,3,15,1,0
26,76.90394272703837,63.28733648189717,30.22061943126953,0,2,0,0
49,9.523446619202412,9.950576217934476,69.86676817664139,0,2,13,0
43,96.11743862815187,14.700933450158503,75.83535085637376,4,5,5,1
36,11.828149102319324,69.08645239488077,16.387187335704528,3,3,8,0
58,60.04759982862552,11.739076921790348,78.96381179372368,3,16,9,0
13,90.70845756162596,61.558989082327514,40.203120030622415,4,4,9,1
52,6.130924540545783,25.901196871881616,69.54135354882531,3,15,1,0
58,52.35887379396042,33.88805870861606,68.79323998320969,1,17,0,0
32,38.25066160951459,17.315467704005506,80.39130850237574,1,11,0,0
17,60.13155807450136,28.623411186419737,71.2323641293594,0,4,13,0
41,26.418451740077575,83.02271955783615,8.69249388388752,3,4,6,0
36,11.165425637013852,65.69344853262011,54.350705534507085,2,4,13,0
55,64.46363850062716,95.2271804977212,20.787211479742325,0,19,0,0
46,44.600677751873235,9.630761258606752,97.14663106180556,2,2,8,0
19,64.13612617709182,80.27913973248651,29.304281158554293,1,16,8,0
58,25.00121894959508,71.41233241154534,44.91019837057621,1,20,10,0
35,37.18041998058077,29.784768993765923,23.686704418476555,3,13,2,0
46,58.35973198963798,74.27083676700552,17.785967712706505,1,8,10,0
40,61.345713940849095,73.07211224188892,62.088312057352475,1,19,1,0
56,40.369906738555194,48.637794290580665,51.85206663044446,0,22,8,0
59,31.60505453357286,70.42076379110235,40.592674739788926,0,2,13,0
28,31.001559801416608,47.2351857864312,13.114807104394904,1,17,13,0
1,21.59643838498535,36.87683162549786,74.91613964351396,2,23,2,0
42,35.91347142131078,49.31664123200704,5.556348300349796,0,12,1,0
18,23.946832016255897,90.03730074181517,48.47785089128524,1,14,3,0
48,65.21246359184475,41.53546032172073,65.09433817555674,0,12,14,1
40,59.061364832998514,43.350376858383065,45.91752938288795,4,22,6,0
33,41.34593824873741,62.79830662409477,16.989853471563446,3,13,12,0
12,35.95385189405248,76.53495016619402,78.93373918757833,3,10,3,1
8,27.57334901849104,74.78898172955986,35.774675468844066,4,4,7,0
24,55.868539351137414,6.880879361224938,17.80177736228364,4,7,11,0
16,92.2957626128404,70.30445663679104,57.27525240090836,3,22,4,0
50,70.14178988194904,47.80263456939805,6.8212979685814465,2,2,13,0
4,75.7193978333789,54.78854691767346,35.78605062076972,2,15,1,0
38,84.26589704735873,58.35801700958302,76.3110251113731,0,4,12,1
44,38.40532246709563,74.51336362528521,91.70757628959656,2,9,9,0
27,10.973199300876326,83.97663344278973,61.21410864684635,1,24,3,0
9,64.1430863155562,66.39478974006242,25.673100612741777,2,6,12,0
47,22.9238676666631,58.57118597657011,25.900014317843915,2,17,11,0
16,59.059146749588294,40.50807920720668,62.36780810017775,2,7,12,1
56,75.25347214992115,18.098430827035017,43.64236214967932,3,16,6,0
12,79.44563870404447,96.06487975626209,21.84010838371084,2,17,12,0
31,33.67471642351397,48.87501777090422,79.80271876900345,1,8,0,0
24,53.68115709408494,58.79016322725236,24.0230884676169,2,3,6,0
55,63.99168414633327,76.35194824645963,35.55587929159786,2,21,2,0
14,82.85066856155908,11.49899607308377,10.835796683919904,5,22,6,0
45,77.33192318497001,86.2260458553545,71.63035074475289,5,20,2,1
25,98.85765549285016,80.7174456175287,31.151403122203984,1,6,11,0
34,5.768044270351034,78.5707152814349,27.122361423092407,3,23,11,0
3,46.561496881997634,7.088357139768797,33.81903717211408,1,18,7,0
58,29.32422620573215,55.01929088398935,88.04240063240725,0,11,3,0
24,16.389871778762974,10.1554952195815,54.21176419491892,3,6,0,0
54,91.59395617588254,57.33289499049267,19.99904933738368,1,13,0,0
42,99.8063962790902,73.25259099427464,78.57568429204447,0,9,3,1
9,22.156639750948745,16.575773774550175,24.803058334801104,2,8,8,0
26,8.651172316129541,71.01389502034242,44.18523407800948,2,13,4,0
20,31.130172529647535,47.70562036860418,58.96720282854687,2,14,12,0
40,84.31188221630758,82.0975284143929,60.52207689932245,1,1,4,1
10,32.91955790393509,55.6909492411286,11.55805106819078,1,5,2,0
19,10.405640647274048,36.93154590429163,84.49642671178906,3,6,4,0
3,9.98675747553784,36.53919852525232,50.5459221940969,0,9,6,0
24,45.60516622509646,90.26121940072048,98.9797664731998,5,20,2,0
5,93.52344369085388,48.02280053558757,73.15702875502126,5,13,4,1
3,32.16244195576503,43.54662023175999,99.29404590697224,1,1,11,0
58,45.57997966659916,8.78799411830198,48.08014856618541,1,22,2,0
27,14.683711511347813,39.61083748596316,18.37423368786441,0,6,0,0
16,51.8894153605532,85.71457021972036,74.09439081781646,3,7,5,0
49,71.17197110714189,77.29382737059787,78.88722683589606,3,10,2,1
15,30.75928431183586,25.98675426567698,86.0193504488371,2,4,1,0
35,33.18757431022505,44.24037920528281,33.63765743259952,2,18,2,0
12,84.98762741359576,23.67506922776614,53.51497849095607,0,16,12,0
41,5.984553622981823,95.65059759929714,86.46302946923781,0,19,4,0
53,65.46471731225921,61.82119846087589,87.14994247813041,2,11,4,1
44,42.419040319453615,76.66370529211213,7.439965090333386,3,17,8,0
26,33.346148788339555,72.811821719294,68.7370944850817,4,2,11,0
47,67.47141406316833,88.00048952205793,62.16029820922427,1,7,10,1
34,84.293509570022,95.18613896181864,12.917088849314556,2,9,8,0
23,58.047251051224,8.082386508693823,93.36292755363615,1,14,1,0
31,7.953989084590321,97.65361209049549,47.31036791504419,5,17,10,0
50,48.83311312842973,87.70153399505855,69.05448246210351,2,15,5,0
20,48.96219438492744,41.38000382631915,88.86579057279599,0,7,12,1
12,56.660857006437745,84.5215780429217,17.361501732069076,3,7,8,0
23,68.74109559913747,74.9730083214402,86.30509863294974,2,14,8,1
4,6.835248335762342,80.34586578552072,73.8090348244599,2,9,10,0
23,52.69119931797629,25.965648119710256,84.76127058593013,0,9,5,0
48,60.88923809115611,66.6135516838882,52.0093919915177,0,17,0,0
55,37.618571709524936,7.462959958432628,8.181061086085732,1,21,0,0
48,68.49469652609115,85.58176759252063,68.69900515251003,3,2,8,1
1,26.676883127271257,95.34908238519996,40.58058069991659,2,12,14,0
54,35.1503716414079,67.90172686035235,43.22950426447396,4,22,2,0
25,96.46175800531095,53.7036170517202,46.91990914310616,2,16,4,0
2,38.066685231808314,73.94445348949176,51.82641539927267,4,2,5,0
30,37.917584299745776,36.00432238133861,67.883752093764,1,15,0,0
3,61.58966040319595,64.5068406021911,74.04368924392807,5,6,14,1
58,97.24265633670572,73.3024292341122,78.8000172043544,3,23,0,1
21,98.39264236553504,18.55467424071282,68.80258815463979,2,22,3,0
25,60.06750654925003,18.306460522176277,81.33054489247064,1,11,5,0
20,5.10326688146859,73.03312688285915,16.604174749607107,2,17,7,0
49,90.56237232299796,46.01933694572212,84.49767828879476,1,4,6,1
52,59.17260663481957,89.4741423537855,41.79151328014871,4,19,13,1
22,39.769658787543904,34.634193804899574,55.233784197578125,5,5,1,0
21,83.77353839651414,9.030920038621232,46.20904304701416,3,23,3,0
33,42.98408363826948,66.73822277699436,50.193134418779515,0,12,4,0
52,8.234228089025143,70.00272652724516,32.11563008682497,2,19,7,0
38,83.00186119041679,57.591202852977474,21.145336525968908,4,1,6,0
15,56.85664309687741,69.9166013409868,14.96499963911083,3,11,3,0
58,37.12363613129864,54.75666272506752,47.8828897114664,3,22,7,0
58,28.834775753615865,70.80011752940933,16.899794672434176,0,6,10,0
46,61.41075864446543,9.17405362274348,28.27390489205434,4,4,7,0
52,24.76470708138451,39.99775017099704,17.693509134485687,3,17,3,0
15,35.76583422291531,25.02760720560004,15.366516999652536,2,12,10,0
46,65.47037939432845,14.435983168104595,88.83380904553637,1,10,11,0
25,88.74672278856355,27.23880043577683,69.03246553582501,1,23,11,0
21,55.62458119720189,23.174508713019875,92.7571156275472,1,14,1,0
24,77.11510783841379,97.44748189435174,66.18115503212655,3,7,14,1
57,77.49075735748897,32.22186218325396,85.17534728321549,1,23,13,1
58,68.11362550264174,26.94110216398015,57.75336598061578,1,23,2,0
5,28.354642079649174,84.31307809555432,48.94985481414636,2,24,4,0
6,87.34491682427299,44.816040640539704,55.205353095322714,1,11,13,0
49,46.44618728575882,45.03921760268437,35.42142197529362,2,24,0,0
43,9.200020673891554,47.14109430611442,67.50737714441017,0,3,4,0
48,28.238203656604888,44.570778081458386,90.2316156587146,1,8,3,0
44,77.727093639435,36.0237182210906,79.32357741634007,2,20,4,1
47,11.56766690266149,32.20224704270503,48.89000102004211,0,23,11,0
23,18.999618204716565,88.78616926611691,95.62231315356318,0,5,11,1
4,70.95154752396192,20.36219788285884,98.61519394122044,5,4,0,1
27,89.79707502411635,22.20092352767923,51.84455792436903,2,13,9,1
18,65.2045404804755,59.313314540379025,87.14078492471423,3,4,6,1
21,26.117650113807688,37.64756506795983,5.4531743369218635,1,6,9,0
28,10.074307508707118,45.04528966046758,11.332281215933978,1,2,8,0
35,63.43702534227961,81.62192774961488,7.126993848233905,2,5,4,0
22,9.502864903460578,90.844950735825,78.45048474802402,0,15,2,0
40,63.20859493446691,80.10259955787197,12.579015587107316,1,8,8,0
23,26.43009469530403,27.3181850126214,6.619801876096963,0,2,5,0
3,90.9423259288388,98.09727251285976,19.004783468749658,3,21,11,1
40,50.13380350629938,39.50176757752911,34.09800517336165,0,23,5,0
50,26.274151164421088,21.06137081063824,49.14656478025841,2,5,9,0
10,86.0488050730662,52.45218701946381,11.213312048031126,5,9,9,1
25,29.13336285251329,73.90214811531999,52.40331218733773,1,8,12,0
52,34.126912269863176,12.910733724267033,28.565838799237035,2,14,2,0
49,84.25640041026828,65.25725688899954,31.065292034274115,1,16,13,0
8,34.33524283105662,86.51740272552665,83.08071390654699,6,2,0,0
55,43.96555807691055,29.86924085574833,98.75773972497214,0,3,3,0
11,38.028238722092325,70.84670515678721,49.06708277985368,0,4,13,0
5,16.058030193885706,42.99131984624186,35.56821603967716,3,15,3,0
58,8.695102163448484,44.34283859826026,93.48757673515904,1,5,2,0
45,73.83136403579323,31.677332964846716,52.54260241430006,2,15,12,0
53,66.28802677389346,64.31741066179006,74.38358926216853,3,18,13,0
55,31.82477641744543,39.29492903786469,44.305302941188955,1,13,10,0
37,33.08191687356346,83.93578532884995,24.24211487752515,1,11,4,0
56,94.77554938582472,96.47601518970544,67.21408569392445,3,10,12,0
59,98.82875708718176,93.83332960388782,68.16005170598838,3,4,13,1
45,49.97631580720088,20.49719543433391,48.717465757500314,1,20,8,0
38,81.2329158207419,6.3480784995013,30.645215332679456,1,5,8,0
29,74.98515820758972,46.65449240660498,84.02228174596114,3,22,7,1
5,33.24518240364446,74.24395222885774,31.155221816629847,2,1,11,0
9,10.563457499445445,97.8582504918213,67.60727869534526,1,13,9,0
59,18.5428444278193,79.42511864935003,41.47863426980619,2,14,5,0
48,84.63794111507252,60.15218557736879,49.885664404084295,2,22,12,0
2,74.4653128996467,7.503526661807002,25.083252842544844,3,16,3,0
1,68.1118102239164,83.42636569319868,66.7005948205397,1,13,13,1
40,17.41163901118159,21.828778223275055,26.45345419382256,1,15,1,0
51,65.79341530779985,10.28261884774509,51.142834427723294,2,9,11,0
30,78.35447149184597,85.78409049865512,36.20364234890864,4,3,12,1
11,86.7571662367276,58.793832447840664,96.54254461453904,4,2,9,1
28,6.25697152339373,17.212401796742686,98.311004109887,1,12,2,0
44,70.02513467845539,41.72155300153771,76.58167419711414,3,24,8,0
12,6.81427728230442,13.126458386428515,98.47216201120337,2,18,0,0
39,72.15292032662666,65.61102665814118,15.787311066735118,4,24,6,0
26,65.38402964954045,31.830590302554103,99.27084213127767,5,4,9,0
13,19.09304697730239,87.2789424797106,14.837812055230197,2,20,5,0
59,77.78156637778737,38.99062273787074,44.46791849951333,2,15,1,0
8,11.49302372802066,51.990216986892186,27.700019164673098,3,1,4,0
54,83.50788350574018,11.034722763067638,95.61536652349317,3,8,1,1
28,29.88327826058175,31.181298581177135,65.40004380591844,1,17,13,0
58,70.44092691856318,69.29289081060675,61.727115713226965,1,5,8,0
30,92.75048739707768,74.9449629388758,99.75665796429604,4,7,4,1
9,37.28356734397765,28.0680762260672,63.18047986962162,0,3,5,0
39,52.77493740433982,52.86290937846725,66.38518868892321,1,6,3,0
31,48.996213225292784,82.66545499442799,9.253558433192108,3,13,14,0
58,19.97307816097247,41.091465284507755,86.60980719318604,3,16,0,0
21,61.07964099662236,17.708270398894978,97.15849601550175,1,17,14,0
56,75.58518225949005,46.02768701318458,96.22955929975022,3,6,2,1
47,92.10310874776285,62.05972321604296,26.005032906116536,2,5,4,0
34,85.82624715670372,5.702860178276054,26.461957677165117,2,18,2,0
55,53.45184107416301,38.11391313466925,39.77447689525193,0,4,7,0
31,73.30662967863381,62.70640298504065,34.46995673716886,1,12,1,0
52,81.07442427051981,95.43163525424367,34.03339150276208,2,16,11,1
25,51.88142780514313,43.812129585188146,62.49558812783367,1,11,14,0
12,15.965618266905436,20.482365220536,81.53276064951022,2,11,1,0
1,46.60342256550023,55.75081430685106,93.992975264087,1,23,0,0
55,85.03541362914866,32.146474304469635,11.446745464846574,0,6,11,0
22,61.68093351240483,25.40404293490447,31.407955256490936,2,16,13,0
40,73.8235458158872,61.08830960766589,29.22630847708072,0,6,0,0
37,22.600462104495815,92.00893576195855,38.95676803951453,2,9,3,0
47,96.61208798004554,84.34629941223216,45.31175499588424,2,18,7,1
1,43.3876503018644,22.317791192563785,41.97128981178706,2,1,7,0
1,67.09537465818426,77.75854854323636,95.453984891214,3,18,7,1
57,6.7928641861075,26.83752026547008,46.52726032801665,1,19,10,0
42,17.095329914252677,32.61661976585582,57.4012942530615,2,9,0,0
54,79.2932556390673,92.40489315393144,76.12016164616112,3,14,13,1
42,96.9570973244242,91.54976431780824,73.88305571371954,3,12,0,1
21,35.40525873027043,21.019922631790426,60.38163383598403,2,10,6,0
15,8.53216981942016,11.098226312730736,86.77904223242305,2,9,6,0
17,39.282327188113065,32.84621980751013,64.29722434937864,2,12,9,0
22,6.659472376505249,60.268630678888016,88.10209050191695,4,5,13,0
38,23.27544376493457,88.30470939255099,33.762746305337856,4,23,4,0
35,76.48484143010515,16.289551945546656,17.542249306766884,3,19,7,0
45,94.02339782011714,44.42105770923936,82.85444337218057,1,10,5,1
16,13.307663015044232,30.816229738449938,41.33920125761639,1,2,0,0
8,58.00057398699838,6.418251887421678,66.85303430591782,1,6,13,0
47,29.118680381783033,79.90239477533484,75.04456366461136,0,22,6,0
17,18.210616950423308,82.26200025092933,36.03749516558865,3,5,14,0
17,25.803121839697965,26.016760868655066,52.99052191415371,1,1,7,0
54,59.88749141228221,19.36782375383496,90.01801893825288,1,18,11,0
26,11.1877776371763,18.733281094108733,88.58035734765483,4,23,7,0
13,46.25076663599966,49.0749830276073,76.18892236371262,1,15,9,0
17,17.846645840740567,28.417080806398133,77.46025553463272,5,2,12,0
38,30.90431997747574,53.57878603640759,90.28002266272654,2,21,14,0
17,23.12166132561007,41.56091502942478,74.95157679254203,1,15,8,0
48,88.88267248393524,25.034578965594168,37.26060913383206,2,11,2,0
14,72.26107643277251,76.36322000794485,16.47435456580177,6,13,13,0
45,87.5039450000097,19.284569581903163,45.07898949760004,1,20,1,0
6,41.428969282030785,80.89571990794153,13.297624506099252,4,15,7,0
35,34.77426966109866,58.33740645057776,15.9982238141249,0,10,13,0
46,41.15578351528787,84.0435285542622,95.2663488194741,4,17,10,1
14,6.76207859381871,5.452108806640977,69.20926125723653,2,5,3,0
47,73.84690613911303,76.17290930837088,85.90282654467842,2,1,1,1
8,38.22838340503244,9.893981358855957,66.07542336098162,2,19,1,0
15,34.76576133979521,95.25937830859296,44.76130269800675,2,12,1,0
54,61.82340121020063,71.76025139710083,7.390084333850362,3,7,4,0
27,46.44374161243256,35.41636760902901,95.80451851262856,0,2,13,1
13,98.18011998127037,35.385796820346215,11.738584844995218,3,21,12,0
49,38.84403907538613,86.84177607326939,62.9654912718841,1,15,7,0
31,63.32010500975177,90.76981220300256,14.709305114398962,2,20,8,0
53,34.60685455791691,89.69946169868066,31.994029466008993,0,13,10,0
56,99.10652312001238,81.83032779380112,22.652658443385494,2,7,5,0
35,47.28554829841217,82.80804197945542,57.60310694009329,2,14,7,0
6,65.24223703234628,59.41295077336815,89.27215778659951,2,20,14,1
5,17.03855874050432,7.681950030161473,65.38411924078304,1,16,5,0
22,74.63730041204752,13.243461795604516,68.09786185309476,1,9,0,0
58,30.574955498184092,66.70755869358901,91.34849214026374,3,19,10,0
49,47.61825901881883,43.110690231067565,76.195396657255,2,22,8,0
23,88.8976409211085,58.894414929950685,87.26580445648311,1,5,9,1
25,97.20248891408464,26.95237414910223,44.55724872668721,1,10,6,1
34,45.33434967483392,66.69463149610324,87.2088520883514,1,8,1,0
26,84.30625345567749,28.068806698367364,66.35683191375523,4,14,2,1
47,10.068154482236771,48.777215807658635,17.88273936042712,1,11,1,0
5,85.51953283007494,50.47839046116229,8.677688294871277,2,1,8,0
26,64.80348060450171,21.878481834720123,28.183269300149515,3,10,7,0
20,51.427085997202184,88.23973400682577,40.94321663853567,2,2,4,1
6,89.54655198803854,54.95300034594641,84.56894727768139,2,7,3,1
6,85.30703613810931,87.34445890414287,75.41823291740319,0,17,6,1
59,33.209784115589336,29.940891072112784,95.76069414165715,2,5,13,0
50,80.19139632275196,21.371914819473353,58.12160588091807,3,24,13,1
18,14.451638697925397,6.711581523912319,76.03545690275948,4,10,8,0
4,83.16257386940016,13.917142674018187,31.151921598049352,1,5,7,0
17,69.16828371220879,19.009707464228132,69.55989982505417,2,5,7,0
57,13.34730143853456,12.491278425907106,72.08436424094718,1,9,10,0
14,69.89261648004286,90.2035330385078,85.59945619985832,3,11,1,1
14,60.14933128425516,91.58663925446756,55.95833353313296,3,15,11,1
13,61.48225960877926,94.04945386612916,66.65548902154181,4,5,11,1
7,32.632073837321364,96.18677947468854,24.28963695996539,1,17,9,0
44,30.3172340012203,51.72432547689414,74.99211356201288,0,19,8,0
55,77.4408356451319,55.352340498370275,84.64911365081284,7,14,1,1
15,29.397280696637715,17.42889071448748,61.40508588770956,0,21,7,0
19,47.39491392194037,18.01994358644552,15.98907392554883,2,24,4,0
43,71.00495486688455,78.41186167232642,34.721448849634584,2,2,10,0
47,12.563543876106587,86.29426299346537,50.17389184607255,0,14,5,0
44,61.48209634810743,79.54787090995376,69.33042718326925,1,20,9,0
35,60.99075540157114,84.28470717452055,35.43107524719642,3,4,8,1
17,70.00172753436242,31.27417996568848,84.82764987721585,0,3,7,0
35,40.14316905403757,49.27624951027988,40.32003017971334,4,15,4,0
19,47.653078536064776,48.62394142256176,9.069453054961274,2,22,5,0
20,36.3470848247459,99.55192329846436,80.42946958363433,3,16,4,1
36,81.7759834829337,95.17191191099776,66.20120110354891,2,10,8,1
35,17.408022203432587,61.856180110470575,81.18586699941628,3,18,10,0
32,96.48062558965634,18.10744764836587,38.144532260354886,2,19,11,0
58,65.30943481802565,29.56662366991433,6.674868254501353,1,2,4,0
48,89.25613881725671,39.5573477232649,12.006527747493651,2,10,5,1
44,45.49198853515261,87.95510767087582,15.621074166578586,1,24,0,0
40,36.56651168723968,21.210083421020872,81.48901992479166,3,2,7,0
24,90.56895196177842,25.875957079669984,33.63630166421495,1,16,13,1
17,14.392937743248764,38.19154570863356,99.80035839513396,1,5,7,0
7,16.125186993001392,93.05646792207143,77.0468976672041,4,4,13,1
43,33.43794376604435,52.862148623756774,62.109720543572024,3,17,7,0
50,96.17862326780026,66.44942347676577,98.44384413966036,4,13,12,1
1,65.14151793718517,41.786213981666954,35.0493728900692,1,23,13,0
35,57.64840117846283,22.90960055530434,20.733479066511254,1,22,11,0
32,72.00885195376496,26.166051053805617,75.04093211687496,3,12,6,1
36,44.66008282742579,81.25376593000853,31.417920985015954,2,17,6,0
13,77.01698263497593,89.88079364038464,96.29850816634192,3,9,5,1
6,42.35691630742337,51.84218730984877,98.86658466376625,3,20,6,1
58,83.50450256136413,38.91448010862937,93.0084175274086,2,1,8,1
14,30.39303279726793,81.74433797008993,94.75236747640676,2,24,4,1
37,31.366932633312302,68.94400363268815,63.4872076545542,2,1,8,0
48,54.62641401553984,8.88302786113515,70.75127170901985,4,2,13,0
15,45.922310044364835,38.320385393867014,13.953384988405968,1,14,8,0
47,66.57100520704606,69.80643293242397,77.48976517422544,1,5,3,0
4,39.607621693990005,59.499582927642834,24.19601949230497,1,1,8,0
40,26.90231166168485,97.91639434039116,84.83097567191636,0,1,7,0
59,49.6318134738756,87.2809609314026,96.34552295804514,4,15,13,1
16,58.29086745222889,10.675148544469794,25.175874770719965,3,22,10,0
28,18.547005113820592,73.94805648887426,12.412956172534026,4,1,4,0
16,57.8882694446507,36.9510281713954,50.96956323044953,1,21,9,0
4,35.3293869985502,69.79785679316491,80.19719033508936,1,16,14,0
45,42.28292906250825,63.63633567868265,78.21081614463468,0,10,10,0
26,31.53522226101172,52.789774618949906,71.1977580373755,1,5,2,0
28,93.48398114034067,86.03020766225772,82.96611907230042,3,2,8,1
32,69.91694672162032,72.32553671360094,21.6238934965395,2,14,2,0
45,29.93372958306492,89.50773587769062,66.93408699916488,1,11,2,0
2,66.27797678243526,31.752356164789685,62.53953501027673,2,19,2,0
31,85.61437891029439,38.072114836487195,19.576013757170852,4,19,0,0
3,43.154869791613024,64.08537823199454,44.37057171066203,0,19,5,0
54,83.84596336983732,96.8141215493649,85.99032333440701,1,3,2,1
8,19.669419712299273,40.300299437032216,97.32117138457518,3,11,9,0
24,83.16422966228596,8.067896756411663,68.21586686984843,0,20,14,0
15,56.32795305387481,47.35935576508589,92.5843989886932,1,16,2,0
43,26.1825763609483,56.673308440257195,17.544676905424648,1,17,8,0
31,43.67843153281159,81.09380382645661,97.63074993607998,1,20,6,1
9,98.8593342824286,74.2170455996807,8.18311742216778,5,4,14,1
39,79.43782158103048,96.64295466824194,55.08963097975464,0,15,13,0
45,59.63320433158595,79.3548622528643,32.64579129972782,2,24,7,0
2,15.940571630929927,33.36970152144885,82.32136514455688,2,11,0,0
8,44.69210037564252,65.93112954311611,25.66664504926352,2,16,7,0
7,29.98989383113404,68.86291337267247,6.095353489648185,3,20,7,0
56,11.745102553012076,99.81194890794968,44.387898627438354,1,21,11,1
44,56.50941692833492,18.180101566543872,11.090259778312255,0,4,11,0
51,89.47264148488324,23.17592275559339,32.55879407283616,1,5,13,0
39,69.18198747654188,19.77379618082545,66.15603070833633,4,19,7,0
42,28.71963685814856,60.96071084576656,32.99680177857377,6,16,5,0
57,59.49053766060997,17.85360186223191,28.350356595517106,2,19,9,0
16,94.60725691796203,67.32073234593088,19.77208799168226,2,24,13,1
35,73.67693002767886,81.35853483210079,17.841366038029246,4,16,4,0
30,70.50002044364257,46.115327799651745,54.956450452234826,2,1,3,0
10,96.97502579161404,58.265082779499096,69.74316717962978,2,3,10,1
38,80.89296456248236,91.70859791267264,48.00965454488538,1,2,8,1
18,17.97923659438145,59.108762169862615,16.742294409545796,2,10,6,0
50,38.02533326273913,24.817527443312404,66.536848454545,4,6,11,0
5,96.68836657008018,37.603410852119374,57.926580340555624,2,8,14,1
53,51.5220124488098,55.33535131724951,41.22116825021747,3,6,13,0
29,15.605557305512608,19.71528012151057,36.35445332697129,3,20,14,0
39,48.56746356887248,63.18938435890258,22.399524659263488,0,19,0,0
34,71.21435723672607,99.92837872898244,18.898448588988405,4,16,10,1
43,99.76708105971792,66.99082166939162,37.18331097452644,1,4,0,0
45,35.77100507350418,40.37905868137192,8.95495678982825,2,16,0,0
23,53.838253113531,36.51591670970094,46.4796042161242,2,24,3,0
5,88.56966694173042,93.50231564769116,62.14952328206891,1,9,8,1
30,38.75038571544668,87.7938576049723,94.4571561528246,2,24,2,0
6,15.379847876131436,49.87406891888289,64.45367361138501,1,9,9,0
56,95.14890812514288,38.574383627527,64.28722445131048,0,8,0,0
58,51.40187663778251,72.49410694166299,40.56940653234253,1,5,13,1
46,52.76445252333731,34.87773517765687,17.665129846699834,2,21,0,0
44,64.0140137373973,16.343307063991343,47.45907705930501,3,17,2,0
4,5.335979251806338,34.464460168645005,61.874250311413824,0,24,12,0
29,93.45746167904068,46.25811830113418,73.78319168230138,4,16,14,1
23,39.33785305358146,29.26408071835727,83.47824352006593,4,18,10,1
6,42.70852692651312,25.59730395458368,29.313168746471543,1,22,14,0
32,21.540378515657324,5.583315453146286,27.91590714664931,3,6,6,0
42,40.9244032627838,64.93006423338443,58.703486994929214,3,10,7,0
18,81.37463542372495,63.372649520031295,58.771442397770784,5,20,3,1
15,80.99920889277581,22.86239758821918,25.70504068676356,1,16,11,0
40,93.900699885068,94.6467568220625,60.810154483370944,2,19,1,1
58,43.3067999046756,43.90923567145202,37.858490747567515,2,8,6,0
32,72.32854285611552,7.420546189749123,65.73491729347012,4,18,8,0
9,53.18756774471792,25.87833214016014,32.64924779885916,4,5,9,0
37,81.38216500431744,70.74641100576349,61.26772024679976,3,13,5,1
10,72.69149086763471,24.153890387006552,77.98945391750769,1,15,13,1
20,39.95077790219619,10.121683593225333,98.11508369168408,2,6,1,0
6,36.984014254100785,63.68209103249393,91.55146536481692,1,2,8,0
48,28.98203398765692,54.243705106447386,52.83618099610797,2,23,6,0
56,59.76900009642059,77.32025442935307,51.39316291517372,2,15,8,0
59,96.56507090141666,78.39998191169346,46.581500563896135,5,11,10,1
3,24.00634007366877,96.19384910983425,7.636306808920652,2,5,1,0
42,14.048983215910894,10.416666681761182,20.76567726119486,3,10,9,0
11,16.343060997249793,8.703994882731692,10.6229633888853,1,20,3,0
43,79.39437424376425,98.78371956262777,71.15373305365547,1,20,5,1
17,38.25995640703355,66.26054838121061,44.25729177072572,4,18,9,0
32,26.314848630776073,72.96020126841928,11.05813841621391,1,12,6,0
4,38.52019124548251,14.165791874841004,70.60463237711765,5,17,13,0
4,66.30642721880457,11.632205630592011,66.22140696865466,2,17,2,0
17,56.94477685868696,20.224091423898244,73.39646891559723,2,4,13,1
41,75.64099361951646,45.58358226575961,61.98424118734907,1,19,12,0
19,37.21204410576875,15.46673735963269,20.34625819499199,4,23,9,0
5,47.94271447914511,47.40170534187865,10.832268285506036,1,18,10,0
32,14.686995051477732,58.34591079462699,82.62839217156854,1,20,10,0
22,11.940571373114238,5.031631949085255,25.501854901757273,1,21,4,0
56,48.914248070189544,15.85333492523786,56.54027784504738,2,10,10,0
6,33.65167770736274,40.64354321794848,51.09561639955778,2,14,3,0
35,63.216054352932424,10.066330306196017,92.49999134146884,2,20,4,1
22,9.085205717234333,17.68525246465331,57.481777281158344,2,13,5,0
1,16.567805871958715,27.020657093315673,60.10160411177932,2,14,5,0
20,87.19312705510754,45.81213434592646,35.35297820300221,1,4,13,0
22,58.79960404431493,72.90953380398737,96.0759966680228,3,4,6,1
48,72.64518070066659,17.60541812345536,63.175512495227295,1,24,5,0
55,84.9873512771931,75.10606433138656,5.473136441169517,1,23,13,0
11,49.06426258025496,86.23076932313597,57.827815054821514,4,4,5,0
13,77.30073647691023,66.89048285409717,39.56721188899411,2,11,3,0
59,54.83563001198481,9.153941065640792,8.05065940838906,1,1,1,0
42,26.16113317600187,46.86210025810693,45.99722962317302,2,6,9,0
3,37.07733603608926,67.70627015518248,78.48881639596982,1,5,6,0
9,51.583291900287776,97.95874778769468,52.85999850585443,2,5,6,0
12,35.104127456365724,95.42179686657802,65.7486131832995,2,12,10,0
23,36.875130678240346,42.59179967179228,65.77543924343011,2,15,2,0
14,37.05231896863281,63.51345186138379,68.74683373592555,3,6,13,0
33,16.669797991424897,89.62743899935059,41.82163848401466,0,12,14,1
18,13.04104768516388,83.94939350073867,40.15045971040028,2,24,4,0
49,9.417123770673912,50.54507424071122,5.43553047780115,2,22,5,0
59,15.540844798261991,29.817926434704223,19.651133750247503,1,14,9,0
41,37.65217375288371,18.02449494588913,95.3269702142474,2,22,8,0
9,61.417821549390425,51.35811473290963,85.02958799987992,4,23,2,0
23,22.87395808489385,73.67035815761247,31.135301552040783,0,11,12,0
10,89.3608403702506,97.12812275554526,43.11323514794941,2,8,2,0
19,81.79633096774769,86.87241595819344,94.29252572154012,2,20,4,1
47,54.45007571687054,24.40289074857536,28.79222555758983,4,7,1,0
5,73.7999339272692,73.37892204813464,55.59063208244834,3,24,2,0
47,39.80120984638205,32.46461911655089,7.0975794852634335,0,6,14,0
52,8.49389030964354,69.92989647119165,63.874809453516626,1,13,14,0
23,90.91162051559128,68.2515187437734,93.35699182656752,1,6,5,1
30,17.14038138449309,30.880907277926436,89.05062155980211,1,20,2,0
25,95.05404790606688,27.266918920642212,52.687075959615655,5,22,0,1
28,59.32884588528046,14.874087445947955,66.71598736633076,1,2,6,0
34,34.02849079703584,9.801265496439536,59.13082843126212,5,11,6,0
45,52.07483921462524,86.55285059136475,11.362553194646674,2,8,1,0
56,52.65483184769395,9.73569249032896,20.078731253290854,3,22,4,0
48,7.212272547045281,13.43041081988584,96.56264490312718,3,4,8,0
47,38.76868592899317,27.690943359978988,29.317026202808957,1,7,12,0
25,75.28725095657715,89.32754120391623,41.522675529157944,0,15,2,0
10,53.45657295031726,36.62933424010818,53.349709255678185,4,24,7,0
14,28.201861115910496,23.220957958376257,98.01755229236744,4,19,3,0
42,36.83543670350968,72.97777210053404,70.54938309182877,4,10,2,0
57,86.99016734601517,35.31162671252514,64.8118572843847,2,3,1,0
46,54.92721866427181,36.669830617238645,54.81799738188164,3,10,13,0
58,55.19345164236742,75.20277661416092,71.56406938648293,1,19,14,1
30,96.33940860984596,28.90701748278906,68.08150960019293,1,3,12,0
55,35.48373290848112,90.19220453203442,90.7698847647933,2,18,8,1
41,50.5564068850917,58.335059409842806,56.47435400963915,1,5,10,1
25,82.11279178347922,56.09401256137933,45.04274587809653,2,22,4,0
14,77.09666364426782,30.151462331289913,81.68039266606777,1,1,8,1
35,30.250945083223893,84.33396231234293,80.97941679524774,2,6,7,1
52,19.353649522511652,59.41120733279263,21.13446161114831,1,7,2,0
48,71.56693473779998,19.774072050996462,27.49523979636329,2,2,3,0
34,29.477336796683502,24.598332538252446,96.07063482347203,1,17,11,0
10,92.65420370980291,49.484311337961145,47.19040614632655,1,23,5,0
35,17.27853092897648,79.06597312955691,54.367766170463014,2,22,10,0
11,35.23994401280377,94.23305099361122,34.46521183508193,1,3,9,0
11,10.204788457866808,68.03236988580994,50.70174717524858,1,2,11,0
21,71.81400415202091,53.08360870803833,75.61887768358731,5,18,4,1
21,89.66995164696284,28.819537863642346,50.82278425904915,2,14,9,0
22,65.40808009644567,68.92245624329621,34.904544596073194,3,16,9,0
45,94.08653647359094,98.3127768060832,14.120095417465771,2,12,2,0
7,17.207877957614915,50.24113517622733,93.18484445107114,0,18,4,0
55,13.334723089956396,20.403478494540064,87.80749316618008,2,8,4,0
17,84.64920946090022,14.817355238146964,80.17966961822361,1,1,8,1
2,86.27356166171823,30.579337346903237,70.93674156504368,0,3,3,0
12,83.94875507517717,59.09699180701813,53.97343902280543,0,24,7,0
57,80.90166574070584,94.94650360367623,90.25269468163278,2,22,3,1
42,39.41169457417272,33.42068289109393,80.21164371571975,1,7,9,0
18,25.65889794118183,34.01216128030242,82.52102997332395,0,2,1,0
54,93.23638189979006,50.71206761565828,34.40729493494931,0,16,2,0
59,34.16501737059173,92.26152183442294,45.228535973227835,4,9,12,0
11,42.84872980558306,44.81022980596347,72.14621509170956,3,23,3,0
16,71.45810114790515,26.20679222678865,40.250918804736614,2,3,7,0
49,32.868827599428826,20.49743692326828,51.92759206117069,1,19,8,0
51,82.81737104829512,48.41646008088576,66.41873193198673,4,14,11,1
18,11.65328924501922,81.06435639436421,46.587048150506696,6,24,11,0
35,80.16235340194878,32.67847844881701,80.33876268047455,2,15,5,1
53,62.175875648691395,53.68965072691107,16.04648969402892,1,23,13,0
59,59.434396190791325,62.28578588014216,73.21536842929164,1,16,7,0
26,48.54581871817277,47.79468910750025,18.794955758071406,4,19,11,0
16,31.31933164692513,23.21057292856249,94.09476721820997,3,15,9,0
6,49.08667711596748,92.56583940381128,34.83357966602108,1,14,4,1
57,47.75270864177529,58.71767734727598,80.56607429874975,2,5,4,0
44,60.45664793439165,74.26776647181913,54.53461292032422,1,7,7,0
43,31.749557156275372,65.42408551660363,13.653271325848042,2,3,14,0
47,12.371580287734156,99.8145620641195,60.34575116715446,0,2,14,0
47,18.783497430718135,48.34946277167232,91.65688500384414,3,16,3,0
48,71.42185598884942,45.372375463413874,19.937268421600873,1,2,12,0
42,7.136771315376346,39.213287278550595,35.52416018927901,3,3,2,0
12,86.36208924131584,39.35470363732495,46.72007374098532,2,12,9,0
13,70.96774611059176,31.19817001813749,31.130041017362103,3,1,14,1
4,77.96822142423305,98.15986188892197,94.6590500999543,4,15,1,1
39,84.41852266388011,87.72429325868163,40.862525156804224,0,1,14,1
54,16.65749217336721,35.083935470935536,67.51589555613947,1,1,12,0
2,83.13285364215629,33.99675924173438,26.27209261515626,1,15,11,0
26,52.94103157761035,14.835728782580206,25.872064060756585,2,3,7,0
59,89.12476468155373,88.31793174840182,21.705686882374216,1,14,11,0
27,89.22572710073263,40.317774828527575,46.307165035038715,1,22,13,1
27,7.29691415664617,59.398462253787145,55.62152921755513,2,10,11,0
15,41.3721954709362,90.53588424368846,6.021075746400268,4,3,14,0
8,55.00788560720097,43.76956160504954,84.12772562324588,3,20,4,0
7,69.44420852937569,81.65246412516997,53.711619790454385,3,18,11,1
47,32.187693434992724,45.87713449363193,19.934942724561044,1,23,5,0
55,28.953514763141968,71.5893892066865,11.392864687783932,3,4,13,0
46,41.22024331345949,45.9625186832572,11.003933227286163,4,17,12,0
40,52.58917571623997,42.31211778269579,29.476131251560258,0,20,8,0
12,95.35889198351428,99.11737775838128,52.432754057242995,2,4,13,1
13,77.40030433625657,63.17323499033962,86.72275592028485,3,15,12,1
43,45.785510859082,39.902162254183025,90.78171555463584,5,11,2,0
17,10.164786951817458,29.492850323247698,84.07115239804337,3,3,14,0
17,21.009456253657135,8.777805171813556,36.213529471468746,3,24,3,0
56,48.31282031034462,72.12380232362906,34.122986412079435,2,7,11,0
36,82.31346050937691,40.354955678549885,98.80854278972478,0,10,1,1
21,41.166075889347674,83.01914555898266,69.72165984880859,0,19,5,0
8,56.15718182078067,39.56750375912028,33.97043441946647,1,20,14,0
5,89.7214641780847,40.46627328037788,36.26261447085633,1,8,12,0
26,91.81064464552976,79.02219560864184,46.29122173451621,2,15,8,1
16,25.49862466205549,51.49933239150211,64.07163629335956,0,13,11,0
36,9.141517570296466,89.06500320713232,90.30802019730947,1,3,1,0
28,34.01400044229392,61.062896886932435,23.83917637115888,2,21,4,0
54,71.10121990844911,27.86125728386577,13.018322780023944,0,21,9,0
29,95.35565909274531,58.98582615850318,43.546451775652095,2,15,0,0
47,12.318039998490825,5.380159213796692,28.318270848004776,3,21,12,0
12,7.705962002180794,34.67775059827832,59.72310397671482,1,21,11,0
37,88.99398523364357,24.75547234729201,71.42540952900504,4,10,12,1
30,76.0738005647984,67.14784628227879,34.51991560315584,3,21,3,0
23,99.26361501977964,17.923665432481478,70.11787244188892,0,15,7,1
16,42.695323739237054,32.55925744233994,37.59898921149163,1,14,2,0
14,44.524835987993086,36.47431266072256,65.3219732682949,0,9,3,0
10,21.36962454325771,5.31285674206906,65.14077664100299,1,15,1,0
7,16.005479496747153,9.442823984019196,31.425171825056157,0,14,8,0
45,59.978211006072605,34.55698215786466,65.39366141246934,1,15,4,0
52,39.60707512300909,26.12386305323166,41.1907340937473,3,14,2,0
37,12.63006255479828,16.106140168439776,36.9632197142632,1,10,10,0
29,89.26377160471539,19.645357353626007,32.4823359713168,3,12,10,0
3,23.84386448368664,84.37601133110819,37.83629971275745,6,20,9,1
15,76.11551296533561,69.91535967370675,79.74076474580906,0,14,11,1
36,31.81171663122056,50.99116544515673,28.29198734638913,1,15,6,0
47,82.22595892151591,91.3431037425086,69.78880348889942,1,12,10,1
46,16.247699935627136,7.807515139453763,90.55895557318551,4,2,0,0
52,76.82680297106734,37.76881891466285,38.2907493982834,0,19,8,0
19,14.321293020548682,83.22145316288558,7.803646127015538,0,17,6,0
13,47.456999846409616,64.68745448560553,7.33757276687406,2,15,12,0
42,74.73041330696243,98.26030627673876,18.252774393278912,0,23,0,0
21,21.455746212755557,94.72891771237988,15.45426009437323,0,10,3,0
37,32.13817394043868,21.144536652123453,76.06809873778616,3,11,14,0
27,87.15286424875877,97.3387647335888,33.010818106200404,3,14,6,0
55,89.08633548622637,94.82580466753689,66.98842849206501,2,9,3,1
52,9.268867983008992,40.49303978199983,9.033266393909551,4,3,6,0
29,20.968605608532652,98.3736277104505,33.09532622742354,1,24,2,0
20,16.159834325921604,8.405194470833269,27.243892294341645,0,1,3,0
25,22.070843991873787,67.77130271676333,31.30364848347447,1,6,11,0
6,97.1678338090959,30.28404140511883,23.11818806771095,6,6,2,0
36,57.40724863509337,17.298994176555365,63.702022004720384,2,5,12,0
2,49.47067709321804,59.86581786966543,67.95392261738336,3,4,3,1
22,98.52440044379853,34.103279277593465,19.104221595909728,4,3,11,0
32,57.910832336769865,68.34840766205934,75.40886853840199,2,13,9,0
16,67.80620309782483,56.29819995086993,28.75432024456975,2,4,12,0
18,36.61320187467212,42.295993086322646,31.877637737458713,2,23,2,0
5,41.30091212840426,22.273105324915303,83.73679219014413,1,7,9,0
54,61.468891461861936,62.118768759856785,90.61076195076323,1,19,13,1
36,11.629649480044153,83.7769098001774,83.35184977950021,0,11,9,0
30,29.30887417425364,62.00042450838172,19.037467933338267,3,10,4,0
45,23.697116198729177,62.99964279850015,99.93042533416936,0,19,3,0
19,6.509872348300342,53.62454959403799,68.85476440432498,0,19,2,0
23,56.00562069944008,41.882811146187706,53.51351904636688,2,5,4,0
34,58.30001975476851,48.45851395518689,95.7099337365764,0,1,9,1
13,41.4742261885396,99.0064669264078,82.65113756552638,2,11,8,0
43,30.52910959915513,76.21850770000256,70.71558876472999,3,13,10,0
54,66.94568821948936,45.903149078099474,84.64773860580266,1,23,0,0
29,17.792620331523405,48.44315799567944,41.61932541140298,2,8,13,0
36,54.26842800535674,52.46504073622552,70.02165231682028,0,23,13,1
22,77.96702865200889,67.63484846598722,23.105101779327963,0,16,3,0
52,20.60830847548487,49.2660322504739,98.86006035037472,2,24,12,0
52,76.55965616660278,70.18701625172812,60.953261508873325,3,9,6,1
47,77.27547836957281,36.272841631545546,82.35253850635421,0,4,3,1
36,10.693031581893216,44.010765042006774,43.69728865044823,0,19,7,0
9,6.784510978282274,87.08504684686548,77.06593783114216,2,7,14,0
39,97.52386356887853,36.246037196646554,41.80156544958925,1,12,6,0
51,23.37135265238837,96.62148965162515,61.05048326125537,1,9,4,0
19,83.10322486450978,21.387969963564828,78.92280749019966,2,13,9,1
38,58.37581203930336,27.959582492181404,16.065021763142664,2,12,3,0
6,30.1248549660147,49.049576321716245,38.89465588011658,0,9,7,0
52,17.347191478787195,80.7538289752601,56.76901015272921,1,12,0,0
47,52.18434098988411,74.49967037469169,36.72978207837608,4,24,1,0
15,43.698707104797734,21.574271673367026,34.37088730178758,5,16,4,0
57,71.39417808612144,27.485077466944507,31.758088510357656,0,13,9,0
20,90.89601220703403,59.64998395982956,26.640223071889345,0,3,6,0
9,81.49856826152664,33.04065080337678,85.64593344278491,4,6,8,1
32,31.07294476945713,45.12090582556233,92.75046729305627,0,14,2,0
4,88.49865575296904,51.226446671267745,71.51609757485117,2,2,4,1
50,84.17217483993738,61.45337050828844,7.849953712682289,3,22,10,1
18,93.26794220356798,28.84987582173021,79.69215353725518,2,21,1,1
5,48.57277799860883,20.498313637721157,55.5342849059597,1,20,5,0
20,78.01464137889285,42.86352184043251,77.0204583489426,3,3,5,1
23,61.20751622474869,12.792491361282009,46.54714549796882,0,16,3,0
11,34.497761492200915,55.04269125363666,8.921781914409385,0,8,13,0
37,99.47094524156252,84.76249012732255,69.76577365829581,2,6,12,1
22,8.639209349767828,16.302687646108268,47.19220679022902,1,3,1,0
58,20.415894393112097,15.709400552305254,88.03413207679841,0,5,14,0
4,89.79152444053001,12.620690892398454,75.1231039980356,0,4,7,1
29,10.753470124200184,85.54682252738068,39.15836603889189,1,6,7,0
44,89.24796339763456,12.666965018175487,73.78778617946277,2,2,14,1
34,72.94604022552907,98.42889336151823,52.04481694770542,0,22,12,1
13,8.484980512481519,39.0414729343812,23.947175464656787,2,3,0,0
42,45.78540407114677,36.232405118535304,44.88920034682107,1,8,1,0
9,76.67479012521252,13.705016449219675,26.14342747832136,0,15,3,0
42,60.39452703992597,60.6359152006496,5.472769394145826,3,10,12,0
31,93.9077727366235,60.658810173515214,28.445598490968862,3,15,13,1
7,87.42618312663998,51.91155359256357,24.90452596128378,0,6,11,0
4,36.60152535674387,34.54691398550896,5.412006325255644,1,12,11,0
19,13.039583574408583,40.01518455621502,79.4729099695207,3,8,0,0
42,94.70441876633689,35.44782239900511,12.313569126230956,2,23,5,0
30,54.14224293795303,45.48390878664768,47.6606120241938,2,6,10,0
31,12.06777431533511,37.46987002071646,44.69890169122117,2,16,1,0
35,82.57468326913155,69.17414538719875,22.233771144026633,1,15,2,0
57,87.50811471511216,33.099714872990624,96.8525081210512,3,20,10,1
21,65.74534081677425,38.329631991973145,62.354692468051546,2,15,8,0
31,47.51335174020229,46.36868905496907,82.28373934385941,3,8,6,0
19,67.90643617073941,5.376374255735524,52.13335293732027,3,19,3,0
31,72.13495109198674,51.74784455098474,73.66713215042674,9,14,11,1
53,89.83784601816696,29.30288130332879,97.129024789617,2,21,9,1
32,95.80685963560012,10.3342931323292,38.09851431129464,2,16,0,0
2,53.86048857713658,91.54702338265552,52.905066007444816,1,12,12,1
59,80.85698068502344,35.629779719258536,53.88100537574063,1,3,3,1
52,96.6284078192072,45.4781000489069,99.23950755079318,0,20,9,1
10,19.36811712396177,83.59760004213297,27.14441890726024,1,5,12,0
2,6.735458252919285,20.84495222160338,69.15421331577248,1,13,5,0
2,87.55155842058792,85.7793369102274,18.131819453290777,2,15,7,0
24,23.550966658480274,27.95560506735088,93.07198554515357,5,8,10,0
17,9.03548283002109,60.95859970345513,61.086282305161355,2,14,8,0
32,20.209133077457235,70.13944611578694,86.64409506874966,2,15,14,1
16,41.49091656815808,90.97632485743868,90.04794671225322,2,24,12,0
16,25.830241651295108,62.72560949499253,57.925441649894026,2,19,3,0
46,33.99909476454209,48.05702111875003,69.79069076762885,1,8,5,0
39,97.6529348858544,59.36558847246886,71.37846080274649,2,10,1,1
53,71.91852669544463,24.19783396031937,48.74567823333208,1,13,1,0
31,72.65821418405437,70.46206174423581,46.30963349375316,3,4,5,1
43,13.995110599152667,22.753667644802743,22.687880802923573,3,11,8,0
24,74.54934513315571,57.9385231474344,41.47188324761488,3,2,2,0
1,75.23771163075396,66.52234782924646,99.12190935182772,2,19,3,1
11,67.67577674863006,90.3654021387367,30.63684982625616,3,24,10,0
55,26.701448119798133,47.76803346787337,77.43188632422986,0,21,8,0
21,45.18843701280757,78.6566565259752,10.638009655380682,2,18,8,0
4,85.3962631936144,20.91539638890627,49.40953575372753,5,23,10,0
7,68.6691547873595,19.838665479713377,10.548962532128831,1,21,14,0
26,74.61303932499072,54.85581130339337,50.20099371175034,4,6,12,1
47,60.800568011951846,61.65237268545979,7.617483776890806,0,14,4,0
50,47.71072691561896,65.07239886962628,63.26300329097096,2,18,8,0
12,77.10994095637528,75.83903399225893,60.71836449799364,1,11,4,1
31,11.452952364798971,33.01849133731494,80.79510614988376,2,7,4,0
17,68.95026961412509,64.14773357598327,60.41218920912797,2,15,6,1
33,99.73442824581451,22.873216476600653,92.96992042335197,3,1,14,1
11,79.118233299463,25.804782360183417,79.39493833706383,3,10,5,1
28,32.60353359985825,11.39434439551872,17.60236943061749,1,21,9,0
32,31.392851997011157,75.96505568317939,30.21995288907863,3,9,10,0
1,68.3857680063786,53.16433218663048,7.491906788035387,3,23,6,0
47,90.10615441581038,27.627642031958388,41.68273014941669,4,16,9,1
28,59.90522538054507,57.842583941527586,53.405944108097785,1,16,1,0
53,55.103217281155544,38.65281887020981,94.86489363429632,0,17,13,0
42,20.236492715148778,84.5349414774805,54.61540606677275,2,24,8,0
7,72.96841075918258,55.17404867555958,79.19766398457996,1,12,5,1
2,71.71836886559961,7.832018671113483,30.462281196325616,4,7,8,0
42,96.86038227171552,98.5840522022752,19.550051539589013,2,2,0,0
24,33.51825750903812,12.058361132413753,82.02944411349401,2,3,1,0
4,76.86232025491552,71.11602794550663,28.50538881058618,4,6,6,1
44,46.23619981377475,46.539304724247984,87.7768361787551,1,19,11,0
19,58.05491520353282,28.685191619409142,21.135738190736493,2,8,1,0
26,82.56311628205303,69.26353227397578,85.90072139643516,2,4,5,1
11,26.089529276802683,16.960248601973767,78.42052010707276,4,7,1,0
40,37.57253025510442,86.53343635336671,63.06596394835736,1,4,13,0
50,78.46432366877171,28.808138661747556,85.77096439314853,0,18,9,1
43,59.193501952346786,39.33809754647689,36.41746119883384,2,7,4,0
11,13.78017710598167,65.10114544889865,20.773243838211837,1,24,5,0
45,45.86765734395873,5.097784978709834,19.91886413492329,1,1,6,0
3,60.73016473243656,49.91111836694237,30.684096812491887,4,5,14,0
12,91.40414506228,89.95364754265877,47.391577557105016,1,10,12,1
3,22.906364744170673,69.63948592099545,88.22217218271653,1,14,0,0
42,81.56553199586087,41.85053466917028,13.505886954984968,1,24,1,0
27,17.40932589227618,67.74032067371346,91.9479942213012,0,1,1,0
49,28.01238770720169,93.97409536581726,92.9219974823082,2,12,0,0
54,28.11766893156169,22.841505099418416,74.08745711358289,4,19,2,0
2,88.3605236113391,55.52176083967339,90.52694329446491,3,2,11,1
49,23.906680741423777,27.30007021524405,78.14872986690641,4,14,5,0
16,79.76126906361387,86.15134072121693,55.18859168979659,0,3,11,1
2,48.87162073186389,73.4997739021485,62.071271491464714,4,19,10,0
54,99.91362294074452,81.10221242370191,64.68132526537036,2,3,8,1
30,84.71369237195002,94.58612598685076,17.054861693395537,3,13,2,1
20,75.27179777254271,27.069333756307252,23.34014306416349,1,17,11,0
38,87.71899913195857,9.62832129399605,54.72002876766528,5,3,14,0
28,65.23288729747819,32.63585341604801,15.946689713239472,2,14,2,0
25,85.14696437020727,42.918234319685666,96.67303312438057,1,2,1,1
32,29.807050499338303,64.39018163392231,53.17709145887005,3,13,12,0
10,14.28180505460212,80.78193343519249,41.10818375724066,3,9,1,0
42,63.51354067323353,38.23131236445387,19.966303571198125,2,10,6,0
40,46.29558730304067,49.98221374000826,44.5707202601427,2,8,3,0
33,45.511875552781035,79.61939026868824,33.73048776429214,2,22,5,0
13,55.041045980854385,26.406229001233655,13.35308126419329,1,7,7,0
56,39.33134809872654,25.627533154151024,96.86550304761202,1,1,13,1
41,64.47565548706876,60.9771340338532,30.17291912464994,3,23,13,0
54,7.903994898024841,46.42539889919737,70.5946730026848,4,8,4,0
42,97.13967747876752,95.14519628836634,13.67563767313016,1,8,12,0
47,92.8473542443292,38.91790158353491,91.7510558860434,3,6,2,1
37,93.8506654452837,77.15778233314913,61.12138789825481,2,23,1,1
54,39.675332080453245,60.3938106290834,67.40284003577815,1,18,14,1
16,55.52964097761448,10.184728735219243,79.2695142635425,3,4,5,0
45,95.64240729046963,13.0166270608976,62.56195622318294,3,24,10,0
22,90.72287536062072,24.29986637804907,11.736208549259285,3,11,11,0
57,80.073225210609,18.599499170657467,45.810330245054494,2,20,7,0
20,43.69650103552128,36.29029151622205,29.892858866458745,0,24,12,0
50,58.61222620230648,60.00394701987557,51.23811696471246,2,16,10,0
43,80.32668505058153,62.22444158570169,43.41089035976511,2,12,12,1
27,30.936139576303017,60.83793959046029,83.52064614339052,3,4,9,0
41,64.51268998167058,16.172820290149637,28.469517459928237,2,9,13,0
16,83.6537608609264,62.02141403174713,24.123600631405097,3,1,3,0
34,72.20820521462564,43.92595425145158,96.01819806780462,5,6,1,1
32,50.550659963145065,90.79000319900906,95.20407831947206,3,1,2,1
26,60.53779415774004,91.63849863023096,99.3791716671721,2,22,2,0
25,98.92417659885044,77.97651353496474,58.996155056902026,0,20,14,1
2,62.18884049148496,71.7951793544263,15.748676255954862,3,24,8,0
12,79.63368663177116,15.920508145159936,88.61593537003372,2,8,9,1
40,74.02745261587795,13.045950100736237,18.785923504475853,4,13,3,0
9,71.6416084752895,84.87920063683816,19.781460972769832,2,23,5,0
12,73.05506023583413,45.56650256345824,23.372768911178355,3,24,12,1
26,48.16892637173907,47.87941614408987,67.07478936234382,3,19,8,0
9,50.04521657922191,85.54034355123788,15.183910056595636,3,20,11,0
10,49.44696004927432,64.03594111077489,78.93675475611776,4,4,13,1
32,8.159187685197768,22.04368788570004,10.533901616015148,0,22,9,0
57,27.90120638157073,25.04625675379925,15.492423263822912,2,7,7,0
34,19.683580631738867,5.6058310583093025,46.27627845832021,4,22,12,0
48,89.21227608273944,72.51365892444865,41.02129268524057,2,18,11,1
20,31.12208981303015,51.13310755697608,99.02228549775624,2,10,8,0
39,18.152050274226337,95.24657171951802,96.8520758882768,2,23,5,0
2,16.37785853153407,72.83121611858546,23.019771698784428,2,15,13,0
1,71.49903428245507,14.799502772823836,94.93322678245394,3,13,12,1
51,5.577914536921132,20.346438694230603,70.76488088113678,3,24,1,0
36,49.773918166868285,52.663841444415965,43.84010072565723,2,20,4,0
24,16.292755031828644,92.8630460229596,75.26493855528943,3,18,9,0
54,85.71802087541099,28.488853538959244,90.51339174212194,3,24,2,1
27,96.05278386298352,83.43011918168172,22.113447610902625,1,22,2,0
2,96.08168854041584,34.66587991288914,23.618504830877807,2,12,9,0
31,46.986590349943086,30.640233007798923,43.828472411627736,1,15,11,0
57,66.22890832130567,90.63231118639708,21.075118276831716,2,8,0,0
14,61.97189296852074,9.487951246902014,39.2377611420525,3,11,10,0
2,38.25369563166553,67.77039867971517,66.34069507093884,3,3,3,0
29,47.18612668495046,9.100913856716195,82.2177219067162,0,24,12,0
15,11.11075123716214,81.07255972429803,33.68381908011295,7,14,6,0
12,80.59140810379128,83.79341372077313,31.76441496145961,0,8,2,0
37,27.876333654688807,89.86887459266684,79.07558161697187,3,21,6,0
28,48.75009645795574,22.678555851435735,41.19749147023837,2,6,5,0
20,50.65896969358117,16.827324813008044,82.75515994753994,3,21,13,1
39,58.26761521937523,52.835829423022695,99.37113043127526,2,22,11,1
24,82.69828059936854,30.805099048205317,98.06852421845312,0,1,0,1
21,70.72869938745622,62.59825986347119,67.95526071049245,3,10,13,1
10,67.99098966727324,53.80599260422195,40.6452550808578,3,2,4,0
46,55.04082210146928,18.760950471415544,11.221536650292451,1,8,10,0
14,14.115796719926042,75.23069691591826,75.11386010812078,6,14,5,0
37,43.190804806831835,81.35951595996339,97.90688790005818,2,1,10,1
18,95.94510087260244,96.48908712745038,11.458524005484673,1,7,8,1
24,99.577067152384,42.57619325430824,5.585932508960814,1,1,9,0
14,74.39732387958723,37.08481887074766,84.01873867526317,1,5,5,1
34,26.61392149209128,23.26495232189415,14.71460139363253,3,18,10,0
58,14.679611370322611,22.182180244873862,12.75418314233005,1,17,7,0
12,44.40261410938893,35.50006211109861,91.48192648120197,2,17,1,0
22,86.37433072413688,98.27258672365546,12.558277108828728,3,13,0,0
56,73.57710279002505,13.764574098794846,15.831677203665484,1,21,13,0
6,88.96976256640497,29.639789197360933,59.10949915062086,1,4,14,0
36,63.49874989627696,13.167947703128952,76.89734643816267,3,21,0,0
45,17.38119463602077,30.994982309895068,42.95936457785158,1,22,13,0
36,15.905616864825587,13.778136090416972,44.95597026558709,2,16,6,0
22,9.56021874986228,53.289342341822675,65.09946877935816,1,17,14,0
14,58.87259720448544,46.64378708443005,53.01540300892422,5,18,14,0
16,28.07419247935496,21.5347813867235,6.769687813883162,1,2,14,0
36,74.7664459287203,21.606749908642684,15.790402695858988,3,21,7,0
56,70.19374390646318,64.48036200334232,60.252001474913264,2,12,7,0
25,35.22052052879011,41.776527204101605,80.39793842129728,2,10,11,0
32,21.796158314086114,10.338518989659407,77.49479881584581,1,9,2,0
33,14.728033230620117,92.41829697787146,75.30537313289628,3,23,4,0
45,75.04495101224421,43.470486151931034,78.27089853977273,1,4,14,1
36,47.79189456546365,61.14951771138537,9.222130250829691,3,15,6,0
20,35.7353418469232,89.1141352422455,90.03464867144591,4,21,13,1
18,86.38203650159966,43.20510474099654,89.48189499510909,1,23,12,1
38,61.39325557409149,82.96270374406868,55.53277896427333,3,10,14,1
3,54.21022195767552,91.90146133728024,28.61646156553271,0,9,13,0
23,75.6210206726835,21.536401448020165,61.256954914236175,1,7,8,0
32,82.48039832235239,89.78678370031434,57.99916300565222,0,11,4,0
45,70.17694976515835,16.384082437105924,26.18093473056998,0,2,14,0
59,46.8006002669385,31.13710389103663,62.29736699822357,1,20,12,0
16,41.03338530385781,81.78008752677248,80.74294102955793,4,20,13,1
59,78.30816913590671,90.5650320873231,81.58015215079934,2,24,12,1
5,54.20118026082718,69.99318489544042,10.671293116591864,2,16,14,0
4,71.91667745915075,14.95845570463681,23.730514622184117,2,6,3,0
21,89.58788496265244,54.684266305951496,68.48121925635357,4,8,14,1
40,92.0096102999868,59.400240359728286,86.68403481435871,4,23,3,1
51,31.3829857278544,31.776674350062468,54.51562283267547,2,24,5,0
14,22.84954527588884,99.1731016555378,72.21493849182315,5,23,8,0
39,29.822299231999597,36.884655901642745,7.001841012405554,3,18,13,0
31,76.38031820087276,24.974203082954627,62.79997712911293,1,11,12,0
14,40.15551342438521,15.462922721944642,96.38136872147716,2,22,0,0
6,21.471981679926326,40.95761978294811,67.7963876681101,4,4,0,0
12,14.34662178816208,70.79877570637507,92.61619307703036,2,4,0,0
16,36.09475293882035,26.984623862785913,58.770898522452,5,10,3,0
17,17.932961833298574,78.10670065904146,85.12098008871313,0,22,14,0
45,19.85549319066416,17.863120433564077,16.795428784429014,1,16,3,0
23,69.96897747739567,46.844453442964216,16.73375997424757,3,24,10,0
14,6.874549088498502,71.72550531007388,16.41703627360048,2,21,7,0
7,16.16755985441661,17.85439325532558,51.44070744348736,0,3,13,0
46,85.21472166524417,61.79500994952285,36.37503827952593,0,12,4,0
32,85.26683807673405,80.90048867960603,73.32265610539841,0,17,13,1
15,36.27813048253981,61.577145147474624,90.74908185853774,3,5,9,0
44,13.355535795029256,53.58907281111416,63.84060871448078,1,3,3,0
17,71.97218171168456,84.63845755426986,25.255002829365033,3,16,7,1
41,39.212510338518065,98.61493325011558,93.4333024152658,0,19,6,0
54,9.319139584467957,22.2247304737416,55.14644712310835,0,4,13,0
47,19.993563223480862,70.67790242611603,73.39482754789675,3,9,5,0
44,18.035407136582307,12.662467662255986,89.59805579134184,1,4,1,0
34,60.966052663627906,9.069897277524982,99.03403354939574,4,21,4,0
5,90.32117044233831,31.67780217194596,53.07607516465902,2,10,12,0
45,80.34184316572846,97.23737991005358,81.76595827494901,1,21,11,1
27,56.919024276636854,57.45858688004907,58.85237120523299,1,17,1,0
52,45.10474066811061,30.485777675764066,51.213124869601565,1,16,5,0
23,63.77428736154217,17.595679158471082,56.082689331247536,2,7,8,0
40,47.16221039310768,92.41742328626694,51.006148163061894,1,15,8,0
59,28.379416644750016,39.424825277786866,44.997671285494654,0,18,5,0
14,69.52375825846656,34.13624068676483,73.75346559882884,2,6,3,0
15,87.9581748454255,86.5065260399055,28.719202515027625,1,15,9,1
43,40.42268141468175,62.41826901253271,63.556239251570055,2,11,11,0
33,84.946154430677,21.02043060595458,72.7312168876208,2,20,8,1
53,45.95279441593159,45.043500494321314,89.74862917211698,0,5,4,1
31,43.126914594445466,93.18195147004224,36.52832914907064,2,16,7,0
35,7.690813966967628,90.61433958361368,86.75691483402612,1,12,11,0
17,71.05149562990398,11.660430308809527,94.80266127595706,3,21,8,1
28,81.71273988581318,30.51825331149911,66.62454136046328,3,4,4,0
19,68.0379073580633,19.68124281276919,78.28613575268623,3,2,5,0
46,19.379290382234633,55.71211285454276,43.542161182792974,2,16,3,0
54,14.812879417501096,76.24841511788024,95.4528648795458,5,8,11,0
23,59.42158140376125,33.07660505981692,68.7318382332103,2,17,0,0
32,43.14404414753718,77.00962735160556,34.46489681868791,3,9,0,0
40,45.76428943113101,68.52797944157096,43.40482798723217,1,6,4,0
13,96.94102344058572,74.1811098937141,63.68677384249973,2,4,2,1
59,73.77265376334121,95.08315276375204,27.24284062866803,4,22,6,1
20,44.11983522473689,45.33812677473677,76.62186841232776,1,13,12,0
35,6.8144315849629145,37.54396233809052,26.345694045616096,2,14,3,0
5,8.239091296060675,69.96548477251032,61.21997359823923,4,12,3,0
9,70.05635108635634,81.71792844039007,71.2156187345086,3,3,3,1
29,84.58518215418756,23.187302712380813,86.67605008784616,2,15,5,1
6,72.23174980721996,85.44596207740233,74.72053949994866,1,15,8,1
25,43.55933649744892,10.495986644913684,80.88838369746708,1,15,11,0
31,7.957895103404108,5.607406447221858,91.72852114229558,0,15,11,0
22,96.90315487234685,20.050579193587044,61.78829831609687,2,8,12,0
2,98.70192590501824,97.97338276245708,85.39660101289158,3,17,8,1
45,57.18963238720552,54.73871087368876,27.027861947391347,3,23,12,0
5,11.71374164603503,9.42390409384039,82.39965122523743,2,14,10,0
27,56.39238806187436,99.73168998472272,26.060240424115623,1,23,4,0
25,89.77215467097679,75.76656920856713,93.78977578056409,4,6,12,1
8,69.59862346218029,84.61048221536555,36.34746705847852,2,17,10,1
55,73.39897694810881,25.229350015607928,21.324609826683226,0,2,12,0
1,13.072134556063682,15.01769625245398,19.07603221227418,2,11,7,0
20,15.118605518021138,53.93306955817527,22.790860609094075,3,16,3,0
44,17.0981337557091,78.35669000681304,47.51632931350077,2,19,11,0
23,90.9157991977943,65.58916197025727,54.604192152605606,3,17,7,1
32,54.95571544506227,64.95063649422625,91.80965408977228,2,21,9,1
11,80.19963415733416,76.92412795039039,41.19640627813107,1,21,14,1
39,15.952669688942022,26.56697842758364,25.66081933477014,2,6,8,0
47,93.12605702331652,67.84433177204399,75.66300562474125,0,14,11,1
54,83.00849869223497,42.250513567858945,17.792168753217563,3,13,7,0
24,26.35259375365883,11.626581105432225,89.76692034144286,0,23,7,0
11,88.04731216292558,24.20354759312161,43.89296534483638,3,7,13,0
29,30.02706214269688,80.43035522446479,63.31494094722307,3,13,8,0
54,24.507288537210368,90.1134163176434,22.68751254856965,4,6,12,0
26,30.103173997160173,31.86807209519581,18.825269162584487,0,2,9,0
16,91.44573101089787,23.0842891105398,80.88974060171128,0,22,13,1
35,91.9812386239126,7.538827903291606,45.82171773188319,2,5,7,0
20,36.25459859535704,95.03125191574712,98.74056720898996,3,12,3,1
46,72.01624758398236,69.96621787834475,54.8083047229829,2,15,13,0
3,69.19579924059741,95.91785997910024,85.33702652198052,2,6,4,1
1,81.6234500523883,87.06567238220272,98.09654947853636,1,1,9,1
58,33.16840251350245,37.34432630558873,31.70926534330765,2,11,5,0
53,53.46316148148818,15.704889346773149,81.08376265475978,0,21,4,0
47,68.42902534578725,52.41039551171309,7.09058551584137,1,12,8,0
1,7.494397786941074,7.547310792678746,69.57664121579774,2,24,12,0
17,40.79018080644069,19.24207967362771,75.79410365619569,4,3,12,0
2,71.10939397946404,27.176099756432937,50.34955268137272,1,19,14,1
29,28.996533846317675,68.23642663372515,20.39999496116269,1,13,12,0
20,95.98189016561628,53.43836002563913,63.58845206745273,2,11,1,0
6,7.8653302931497,33.729857830715794,90.26522264637796,3,23,5,0
8,96.01828282080515,58.652997923177296,93.47532395993557,2,7,12,1
29,25.592567460988004,16.894251644394892,75.87972708986227,1,12,9,0
48,9.63809398291015,76.7922720477682,30.05275955043219,3,18,1,0
51,32.78503315623796,72.643338181562,87.6810579756924,3,16,10,0
33,79.6968191925714,25.56775418965029,89.43819133666102,1,8,14,1
3,76.48199061256504,62.60719779874914,39.88800954579596,3,21,7,0
35,24.839839560165245,52.8137474082376,22.383264971649663,2,13,7,0
5,23.695062691220944,10.777549625730977,88.09264624266999,3,17,4,0
27,66.04509200143137,31.42462209943277,89.08424494901736,2,4,14,0
44,48.5178555191944,99.95085688226598,14.586078032365338,0,24,11,1
12,80.26754556643571,14.455887805527524,96.8635077611364,5,9,9,1
20,7.292613975792591,53.10907416710527,55.642652542485784,0,9,7,0
45,62.98912677225425,85.68670668838483,99.40436851957894,4,10,4,0
20,74.4138411627882,33.56192793549057,47.27578377058474,4,11,3,0
9,99.37168064272356,29.7673207044063,55.66191723915707,4,1,8,0
39,69.48426095250045,89.62533991058075,30.27786903726833,4,17,7,1
4,27.0252898722468,33.95884496324944,90.4000073239601,0,7,3,0
51,15.277688513603684,66.89186456901524,47.15265112189484,2,11,1,0
54,65.88709359118717,75.32973351144335,82.38833509460146,1,13,1,1
19,54.70239141423052,79.91868618417497,12.574756134032857,0,6,1,0
38,90.41880240227655,99.50216554416468,79.8834297070072,0,23,13,1
27,74.02776201222112,81.30324662244053,51.57309851389011,2,8,10,1
45,53.42553275404896,67.41615490431576,5.513748574645067,3,22,11,0
43,43.34099972268903,90.06903798710249,26.494979204885517,2,10,13,0
13,43.41559645922793,91.0457403857,23.40437008709611,1,14,12,0
13,26.498907184367283,97.45081347766344,76.41763522439678,1,12,14,1
57,6.6459673167912205,78.76420012526619,50.33420803035577,3,23,12,0
22,59.61650587967509,23.51809640682244,20.173247685274255,1,11,9,0
28,25.179399589705444,72.43157844587905,29.396282819298992,3,7,11,0
52,24.79105718416394,12.137201956162755,52.88729650405906,2,23,7,0
47,16.911216724265646,35.20647815196238,6.865628745369017,1,13,5,0
53,23.01157156678581,16.001713479980427,45.291930869440506,3,2,0,0
45,8.019969207738079,95.2445476543163,69.4158333471053,3,3,11,0
22,69.05198772611054,37.18164066131439,54.18668560215848,4,1,12,0
43,43.13272604970595,72.75548641210872,61.819456402172385,5,24,9,0
19,58.344836883448785,59.27525139968209,36.02872111610673,2,23,3,0
8,65.51097371197595,15.213584240428,22.3921937818768,3,6,2,0
52,97.38603341623512,58.327722548683354,81.9254225837422,1,1,9,1
8,11.485257256272591,67.79723662536293,91.03531278645424,2,2,10,0
42,44.702180058986606,88.74413944479481,53.52035418561489,1,10,13,1
26,28.360303685015698,11.658136029818602,33.978915195232126,1,12,6,0
48,50.28763352639734,33.085228584199854,53.56445880420863,1,5,9,0
51,92.44486855831936,70.77238967169818,88.50362446055257,4,9,4,1
26,73.77850519857438,8.261505407822128,70.68360300063615,6,12,0,1
23,67.88521071558986,24.337578336859735,86.56852819756115,0,8,11,0
43,46.91835826096185,25.77368765844347,36.196045192414786,2,10,5,0
13,68.7556873455714,68.58600921348952,72.63801719206211,3,14,3,1
28,8.07566084106877,32.16626455016751,67.03965229360357,2,20,9,0
9,60.69267384283997,61.96158791471495,59.30356376178964,4,15,14,1
20,57.60877344692858,96.70810243424918,55.18136219689834,4,8,14,1
56,37.93084103650332,80.35808329011722,57.34289889826171,1,9,5,0
19,24.1438419152903,36.62576644122807,85.7187535240364,0,5,6,0
48,81.7177773449336,49.87799703973961,92.01947759539378,2,1,8,1
39,10.116900873234163,24.064020699595275,15.72174411659763,4,11,0,0
51,11.61892212024084,6.493400978827734,59.033299871081766,1,22,5,0
12,46.84956567849392,32.52296282186153,92.24880013495728,2,4,12,0
15,28.99268200381748,40.093818064469126,17.800298590113943,5,6,10,0
31,75.81797928316693,58.61488142725516,44.22164046320609,3,17,7,0
55,65.24805730751315,94.68633168005432,13.462616278335876,2,4,3,0
14,78.39080563203,95.0459469418242,15.780258190925052,1,5,9,0
11,35.8445008520911,11.659338391632431,90.89052719315566,1,22,8,0
26,75.3492992636974,63.39133955546118,47.38706055889687,4,14,3,0
42,86.9188074225079,9.02350183434633,70.43026713043686,2,21,3,1
27,37.80107696976431,66.56770210749184,18.196870208135664,3,18,11,0
11,37.29010301037417,16.181790916138926,7.0850108273118,0,3,13,0
38,90.49538337111048,94.90826837709952,89.59597594814208,0,21,8,1
34,9.730074052832368,87.11217484120209,59.58183575715709,0,11,12,0
43,38.26799354443021,7.121238902571414,6.89883677924565,2,15,3,0
19,16.273886746821386,79.30251382349634,99.27225068815878,1,7,8,0
6,7.753156073747743,65.41022613120805,51.75827638630701,0,4,0,0
46,15.722594676448102,52.06007311026602,50.2082682757012,4,6,7,0
52,45.96835016212631,62.2502762414864,63.98684751064902,2,10,1,0
38,70.26082657664011,69.43375574399806,5.7509307485689005,2,7,7,0
49,32.48183032198648,89.02346017824874,59.06814550211181,0,3,4,0
42,85.71915420310685,77.89897779906082,64.8009708790174,5,15,12,1
28,46.57348473014325,59.6608928363491,33.2105889697919,3,21,12,1
1,96.98166484136564,83.3384877707758,74.05097892798835,3,16,13,1
35,95.6447885971515,98.757680867842,40.85602254070693,2,21,0,0
40,78.46124115334743,33.517291984863,73.18844777352332,1,3,0,0
8,93.57852213392871,16.249965931735474,18.66339195298886,3,24,12,0
59,72.1741272353056,74.48758476732647,91.8012925238967,3,23,5,1
52,90.08040304916224,97.9666517217334,88.54845049734472,3,12,0,1
54,27.46500314979912,16.08706251423442,19.309515228338206,3,5,12,0
47,37.81491901679587,46.012189510783,94.15312402312448,2,5,1,0
56,76.52835627046184,10.915426007643612,57.989125912891026,3,1,10,0
7,45.333317629622925,78.77053456322503,71.65671944467199,1,24,13,0
11,84.5461062133292,95.12732799312565,84.82791027577021,0,6,14,1
39,88.37569280083864,52.40444467293999,12.939144972600346,5,15,2,0
4,33.47430104848786,43.904508989717975,21.08201395928582,1,21,14,0
25,83.22782677800949,91.2333072087995,32.58713754116637,2,13,10,1
12,19.655105751189257,17.67189698512608,50.334425731766295,4,7,10,0
26,36.74868759600066,89.70050959012742,37.87517809838035,1,18,1,0
38,54.20667035653195,42.25197026612991,53.055405809495035,0,19,8,0
46,26.512157399869757,58.14360917400025,22.662117597654944,1,21,9,0
12,60.030443809643934,55.18774998718936,69.80464329365064,2,6,11,0
43,59.97603247817643,63.518021568992275,10.29481371245446,0,8,5,0
51,24.655775010836045,94.50171480696288,39.337703089756346,2,3,8,0
53,80.58592776411838,95.35706806540088,22.008158243756647,5,17,4,1
37,65.0062264940922,83.95908538055012,74.34366082771463,3,14,3,1
46,35.18724814837066,23.196687318590943,88.94706718884159,2,20,11,0
53,27.057554429677733,36.684050816903635,12.484689874330115,7,14,13,0
24,88.48126318927689,51.34336077418175,79.57859630730799,0,2,1,1
16,84.395513296342,91.01878924000914,90.09361790359972,2,4,3,1
57,26.827264111275,54.48215826539013,97.52717057833524,1,9,7,0
13,8.382496519068333,97.8563881435358,60.041693839783456,2,23,1,0
25,81.43059659559677,98.4649113085755,36.102229170703644,0,16,11,0
54,63.4733127501791,61.865504648983354,35.58749198739637,2,23,7,0
54,14.58379266507867,88.36205725704207,41.002157532972994,1,1,1,0
57,60.79902959079504,99.9261576422704,63.20340369612456,1,2,0,1
52,47.957355109360954,85.72306921201587,51.57185115321688,2,23,3,0
54,78.5822811100007,67.40654625269418,67.09532750864933,0,12,6,1
4,24.86306000507935,85.28768492444702,8.734817985309736,0,16,1,0
11,48.049890708977514,12.852230870033004,15.0587472862058,2,21,10,0
32,19.843190853932093,65.30802516533473,97.7712524455423,0,23,2,0
49,95.96508664203044,25.569593062325485,99.56162270769266,2,15,11,1
7,78.9801249078906,16.026046811814034,75.93258762824203,2,19,5,1
46,74.98863051763267,89.82276897116968,29.357729267197833,3,24,1,0
58,70.56963317697618,65.76626965701512,95.57126476805225,4,20,8,1
11,45.21696203430626,28.136921862582753,25.301765410211836,4,24,14,0
28,92.71182949179877,41.744318285314115,74.48597563062255,2,6,5,1
54,11.927116133065512,97.46127180857222,15.949539610743688,0,22,5,0
41,81.30961180950042,86.90729502356473,66.64592736318424,0,20,11,0
23,25.447109550044605,6.480270572549017,77.15392531883292,1,19,7,0
45,35.78265578521556,98.08109453757272,86.66581373586784,5,15,0,0
23,54.34582425189429,40.01029996791345,74.759083270361,3,4,9,0
50,79.35222605028005,71.06472576866285,92.73110875876792,3,16,2,1
28,84.66081622710497,72.70427363787338,54.48770950056888,3,11,1,1
43,60.454563765211866,91.6100213921676,69.35571765486614,1,7,13,1
47,43.2883714487951,89.08078323934339,40.10725808339344,3,24,0,0
57,94.91773003330496,31.764311187717787,5.986997682484689,2,2,10,0
26,28.41952310473999,66.13587043714443,76.88583076939733,1,7,11,0
25,81.29398470866036,42.402015178255425,87.63676154776454,2,23,14,1
54,63.14471403757456,54.92665496367338,21.522825315924067,0,12,10,0
29,40.80502660409531,57.69445991631922,7.720871408202656,3,14,5,0
19,5.129958514535996,42.65262735394849,20.62767532263905,0,15,13,0
33,47.42693362811955,49.06993194184054,90.05248285773246,1,20,3,0
36,31.28839976651843,24.792515452496065,33.07348699027633,0,7,5,0
14,14.912928265928258,62.72640640983982,27.20189091109881,4,18,7,0
14,12.14006370711806,77.10118246706227,6.386033360105554,1,11,6,0
35,38.01804109460219,45.825414391711085,33.22023898495629,0,10,14,0
30,63.40195193036161,97.87960837938653,72.98571231711244,0,14,11,0
28,84.5643349596535,10.436508704089514,96.11348239574086,2,3,2,1
17,22.438508269996056,60.97026476598538,34.710417081575166,1,18,2,0
3,45.341177274359715,60.44207347715739,27.865105420015855,2,12,5,0
16,42.23583331350446,8.448146449021198,89.36655694395026,1,21,0,0
46,53.77243087480898,26.334166377785113,85.98796082906172,2,1,2,0
30,81.91079072690752,91.02654544670872,36.17523991365021,3,13,7,1
52,57.59629570992731,56.72883423787531,11.536489606920128,3,2,12,0
29,85.43221678271794,46.45665812194865,99.23899684434056,4,15,2,1
45,54.26241682655289,44.47216232599969,69.66690730886955,2,11,0,0
15,62.36549969222079,89.37527904191037,93.02514722299276,4,6,12,1
46,46.551408036834026,39.867961684050655,37.47807506034884,3,6,12,0
56,83.1940801280852,86.62085192099448,66.53011481288445,1,24,9,1
25,92.763584604642,34.37329693439777,69.07723686962821,3,23,12,1
51,65.71875012169883,55.49287852777013,87.9260194161973,1,12,13,1
38,82.97433267142587,18.662878105911336,99.3405135260204,4,16,11,1
42,10.605316729914527,83.37787966312723,15.32328695977873,3,16,8,0
59,91.08061638743249,74.91761274545864,64.95610031589099,1,10,1,1
47,22.94788134971683,55.358841030102816,36.96179509444568,1,17,6,0
53,29.369440595951755,7.460624210502415,82.10755057071158,2,20,7,0
54,10.066356479640891,50.719446526467635,76.64405855091202,1,23,2,0
52,96.7130111125356,26.39367018139845,89.78925980127181,2,2,12,1
58,85.94103070139576,44.27055810812684,37.65177334164589,0,13,13,0
38,91.75253738865295,86.36051644157122,22.53038269498768,0,17,6,0
23,85.48553593720142,78.11231400831963,7.071159329360589,1,9,9,0
25,50.55540250852244,27.985526403221733,29.273134953230063,2,15,3,0
42,92.78778373862252,98.5705761279273,39.881296276746944,0,7,1,1
7,97.09991794058288,90.80499809759444,94.87636366505924,0,13,3,1
22,52.743862794992765,55.22397709770781,51.68040021548901,2,10,7,0
17,21.684354226239627,55.364280427351765,57.861752890335005,1,22,14,0
18,67.56913835149396,90.62026667531372,88.6122323945709,4,23,1,0
49,97.6666375360892,65.43375680172703,89.08160380759337,2,18,5,1
41,87.85395168659312,55.98539912696343,55.15200352350419,4,10,9,1
10,86.87244173386121,76.16910974968829,15.801832379666516,0,18,2,0
10,93.7127115966918,27.334225950721468,30.699035644716815,4,14,13,0
57,89.92546475249198,88.44585487108195,48.404379000581606,0,19,2,1
7,78.74675808173782,55.48444783876516,76.36110204189923,4,22,5,1
48,73.23591905537359,62.332433022311584,72.60976609126567,3,1,13,1
50,30.15288150575166,13.544667769209276,66.0572823534777,0,4,14,0
38,64.02730203570268,34.403351082412,88.62332818122272,2,24,2,1
27,54.541419062059504,45.53985698384898,81.25140878917692,1,24,13,1
52,86.88468870019416,44.321404726421854,98.30085287672487,1,14,1,1
33,51.712694481556845,78.9370147869535,89.47005948864978,4,5,12,1
1,17.135562536555465,31.820627761550757,23.58736064512571,5,23,1,0
44,5.472386105623172,22.300379922591272,10.473573724437584,2,5,2,0
53,69.3979464445232,60.34863888891405,44.378539684210715,3,20,1,0
34,57.24129677708034,63.426411544872835,63.66292283562151,1,22,12,0
4,36.44147591405259,16.550414173192884,66.09483247102872,4,14,5,0
17,21.05235425359958,5.234507783669619,30.413712344244075,1,8,3,0
4,49.3379556283707,92.1766626020766,86.68869162262368,0,12,0,0
43,14.527214885496036,12.565514725766734,36.27841404631556,2,17,2,0
54,36.93030647600859,90.29735853449002,92.31588760639865,1,3,14,0
26,41.025131092385266,42.925413066709055,49.80213312380605,1,4,9,0
4,49.2337760096064,67.04031125953138,5.987113273974423,3,5,12,0
1,49.32897137719045,22.633395617107645,20.39392456350089,1,1,10,0
7,29.41553613005634,83.27211764361147,14.720329382224776,1,24,13,0
30,85.77004325218883,22.11837175548806,9.182450601029226,1,2,2,0
50,38.77663309439083,41.71836908991614,72.83164452701422,1,5,3,0
9,26.810794344789052,27.612449050678507,23.27000794073821,4,19,5,0
35,21.701938924006072,84.563065980259,84.66888046861618,2,5,0,0
8,35.64494747781688,86.54190229664354,30.12453873737085,1,22,1,0
24,11.417523882865764,40.34274449017197,8.07107511662994,2,13,14,0
19,8.126214683192307,34.200954745405994,82.96415767764677,3,5,9,0
36,62.48850869627243,78.4887106435407,49.283855800443774,1,8,2,0
50,63.81897792467305,88.45863732206887,61.95301682555442,1,21,4,0
52,55.31087925063752,64.28189944083607,36.941592420948496,1,9,10,0
59,77.4170935470138,93.1033491942648,9.373837634785971,2,15,11,0
43,8.719301706322408,41.38916222075794,40.16682347059184,3,3,6,0
27,93.91744527989944,19.429208191649415,54.23720517788936,0,1,0,0
32,14.031186709420748,22.066083320118928,6.110227335978761,4,20,11,0
14,69.03218446739139,68.63403546823591,59.55755305936279,1,7,12,1
57,17.672675949376885,43.71501019246857,89.83900468312143,3,13,1,0
18,88.59101616424027,19.84988684247268,25.694849629902496,1,3,12,0
28,53.51776225977797,32.76155121584275,93.04307030909789,2,10,3,0
29,12.817886396707724,55.407481843111114,14.272809288240673,2,24,14,0
16,63.588790706506984,16.53730036140296,83.41645327116805,1,18,9,0
35,5.8654446688091575,5.327037399718924,84.83081403870494,0,16,0,0
47,78.72210695182324,92.1433145120832,29.48718697532319,3,9,10,1
59,66.80557373138173,33.96181312391814,95.9951237513044,2,15,0,1
59,25.199351189533193,26.042323807583696,44.57687894261888,1,14,10,0
31,40.6013370367289,71.35567692417794,18.419328309231418,2,19,8,0
4,5.7416359764445755,86.07325860718343,61.212872828580835,3,6,5,0
37,70.89996242226448,65.0664828976348,99.6783968843003,3,7,1,1
17,35.65347306342333,29.1758616393605,90.43269715113296,2,5,9,0
39,59.30094695318832,86.85547921865933,31.467268480934734,2,13,6,0
48,95.88912465187396,53.49058363208584,59.813726940945685,3,5,9,1
46,33.449337730020574,41.21312628122345,15.959927669297578,2,14,13,0
26,99.07259898829524,62.448981365132525,48.8752564120235,3,1,5,1
48,65.10919667071882,71.55816124564006,54.69165643066224,2,20,10,0
39,27.998423297122972,61.41383804093851,34.95143834145721,0,1,5,0
41,46.49389888701948,92.42331734366655,50.997772879015535,1,9,7,0
4,75.34304662644102,64.6616915699101,92.39415352721149,2,9,9,1
30,47.41540122989272,88.46516769942977,52.51307553207442,2,15,12,1
30,11.508218897447478,60.76105133961798,83.94407950392176,4,5,2,0
22,21.017347831341525,36.31955950436187,35.152090770526215,1,21,9,0
11,80.17328584947482,55.56819766090356,97.28340112538577,1,21,1,1
2,66.59544219321583,13.201985516902244,13.87900717729262,2,7,13,0
44,59.133420346552704,26.86659022010046,60.63073144998898,0,22,8,0
12,20.924087221763124,77.79200790935309,80.03934054084625,3,2,4,0
30,84.58695730828224,67.84018301502047,82.33389369947334,5,11,12,1
36,96.27031041069375,20.81927750071683,23.83670552476898,0,10,5,0
18,8.884274261613607,46.61144174451771,43.15635942507369,0,19,10,0
26,12.413027712116254,18.489259563373725,64.29863638408979,2,5,6,0
53,89.04882781488365,86.30269635552753,35.00885742837958,2,23,12,0
7,82.47746413305218,15.371121666657444,67.53812144528061,1,15,1,0
1,63.7037732735729,67.15232469223179,40.984163774706744,5,2,10,1
58,94.7716948536831,62.66500009292607,38.33230064559612,2,11,5,0
26,66.4109049092403,49.91378133645073,15.266476291588912,3,4,11,0
23,25.518601194302818,31.43228915309347,8.729023491039346,3,17,0,0
26,74.22102075310552,43.375867499337794,84.35101005115729,1,23,8,1
45,66.34248275083554,81.60717354379946,51.50672675482705,4,2,11,0
6,98.6457466909528,77.34732747687974,58.47294765485563,2,24,5,1
6,25.320094955605217,75.18686594030797,40.360997140205654,2,10,10,0
44,61.7990689544469,76.23324051430049,17.990494320008192,3,11,6,0
8,79.11591461138664,18.669205563757217,47.709339780664614,4,1,11,0
24,37.20339348712623,14.414162784431008,26.750922412961028,4,18,4,0
22,41.069560394332576,86.8423691711321,84.579889443835,3,24,1,0
19,89.35067464119047,84.53158418272217,98.74491111707654,2,5,3,1
37,43.398513562843725,69.72523888440452,89.46413287020154,2,5,11,1
18,64.34962093008338,62.56104580497613,55.18605526293489,1,23,4,0
31,89.47762306504843,39.8528121158269,64.67251579229423,1,4,10,1
37,24.93352539360333,26.28784619991031,95.07164156022765,1,9,9,0
30,98.27834315349754,68.42736158433446,56.17478369092889,1,19,1,0
57,71.68558572718095,91.7382906178353,65.66596671269731,2,24,8,1
42,52.13156094343726,46.51467469512425,64.77680285552118,2,3,1,0
33,45.93745361334478,33.80518467117584,72.2715094221842,0,15,1,0
10,95.66463847739293,30.720472281501657,65.82708445994028,1,24,1,0
37,24.543858615318303,7.251998075476119,68.7170128152794,1,14,1,0
12,34.60990940036633,54.430088608436215,73.95997486211583,2,1,4,0
54,34.24031177705285,98.882422836209,81.86442681845513,1,10,13,1
30,32.45560179977403,82.44758303323563,43.29022207998539,2,13,6,0
27,49.51111429549047,90.26009822569954,75.85422850475493,0,23,0,1
39,98.97202716044416,64.01058914617307,14.519357119626418,5,12,13,0
9,89.43474283804065,50.73740899586133,88.23787256294521,1,1,11,1
54,36.15520899054118,99.09341570335638,32.554209251373216,1,2,8,0
21,45.17266099436308,47.48040051069046,43.32872983829195,5,11,10,0
12,68.60067090666348,92.09890469277744,81.3429892024633,1,12,13,1
55,6.62940966617834,77.37525683445482,65.51376861864554,1,1,5,0
29,82.91459757513654,36.442950397615,34.31965903586097,6,10,11,0
33,88.58081544463235,52.79090740903358,26.412915556840822,2,3,0,0
43,86.43403176083073,41.51127606755163,95.98287262750604,1,9,0,1
53,40.63016675412594,17.941211045766668,13.338754298000747,3,17,8,0
15,48.88995319959977,38.892825248408336,5.411835317887421,1,19,8,0
2,6.176890580856804,89.45242400660898,68.92881571720328,0,18,0,0
52,42.94255806413733,76.50039010816145,63.37507057283925,2,5,13,0
39,48.74054812482714,31.370202058657892,75.07332648041947,0,7,0,0
53,91.16255784150547,39.95176474426615,74.50521400285945,3,15,4,1
44,89.9288290069385,63.56122268561957,87.0096170902722,2,6,4,1
54,96.7792210883514,44.533282425806306,92.6003160888034,0,5,6,1
18,89.08497358359944,52.78919105463348,78.62733588449917,2,19,3,1
3,5.779067395626333,71.32599905411833,27.06781615409919,0,13,9,0
7,65.93878097156087,49.38883057368197,49.032136938402545,3,7,0,0
43,11.482579894788875,23.1421300183836,65.96294786230946,4,2,5,0
18,30.896457206098617,54.45452404490878,56.23970054025049,6,6,9,0
44,59.93922479970513,38.83123187062378,20.095263681289342,2,15,12,0
38,71.55831274871619,32.61975170356915,60.98093790928434,3,5,2,0
37,67.19004246212405,36.170313305119315,89.22022169622768,2,24,6,1
58,9.660544903821108,46.70521066155054,44.75913621018428,1,23,13,0
33,14.842367609107445,89.228248572804,68.54861832136334,4,5,0,0
44,17.21574722847097,74.73542491136902,63.51375719625213,3,4,13,0
59,13.684365793120657,68.44878415762938,40.81909800117903,3,13,3,0
31,21.932270210585617,49.76972003376468,58.70076467898713,3,24,9,0
58,70.40634017459814,5.1738449792199255,24.97014322039179,1,18,11,0
11,83.92953886011952,37.352317586713674,56.88018957604281,1,1,8,0
4,43.83731955697398,82.25324379804998,80.88881109658602,1,3,14,1
59,70.81424311069264,41.87623640418527,77.1000381111703,1,7,9,1
18,24.00154482025352,58.56281688142585,39.005682231671805,0,1,13,0
4,97.46161440517376,24.4502825529742,15.648095511118331,1,21,5,0
49,38.24976467147374,92.00648547535012,80.99454367878727,4,14,1,1
34,85.35735608945933,92.70119139502133,30.17871350197967,5,15,5,1
29,94.80980539979176,18.876686476043613,10.039157885146434,3,16,8,0
24,87.14782647315371,73.79510017460156,47.29333122052027,1,5,10,1
22,11.37142689632745,12.147658236431734,75.24970030692202,1,3,0,0
2,66.77917994418932,61.86202370810929,81.80686734647283,3,17,11,1
44,16.40861712429736,21.972096828469656,98.30920417608372,1,5,4,0
6,5.537985049950688,18.84199898647437,22.993729982861737,2,24,12,0
42,9.919427174591409,5.391382652303637,32.91051079375061,4,22,7,0
25,92.03417366247044,94.38142800240333,62.901597355552234,0,1,14,1
