node_id,avg_gpu_usage_pct,avg_cpu_usage_pct,total_hours_observed,num_instances,failure_rate,is_underutilized,estimated_idle_hours,estimated_savings_usd
898,4.599671346947911,226.27595435174808,3458.9338888888888,3933,0.27027714213068904,True,3299.8342978917954,8249.59
1100,5.411394519360388,253.66952524379715,3368.837777777778,2769,0.26688335139039365,True,3186.5366749049685,7966.34
1514,5.609660553360584,255.43666957564912,3375.4347222222223,2479,0.2472771278741428,True,3186.084292105286,7965.21
829,5.101471055453286,229.1948677303616,3317.0988888888887,3078,0.3183885640025991,True,3147.8780491914595,7869.7
1520,4.708976874709166,245.8755496038915,3280.74,3209,0.25397320037394827,True,3126.2507120806663,7815.63
138,5.298827885468956,252.54568252975355,3283.813888888889,2814,0.2533759772565743,True,3109.810242837542,7774.53
1053,5.71383775468457,225.5008433669544,3221.0983333333334,2949,0.25635808748728384,True,3037.050000647818,7592.63
122,5.210158900947833,246.8861819874012,3199.7025,2927,0.2818585582507687,True,3032.9929153923995,7582.48
1093,5.446203954301435,247.79909608714644,3174.345,2958,0.28329952670723463,True,3001.46369708683,7503.66
1054,5.342193413714174,233.81844367141892,3119.273611111111,3133,0.29141398021066073,True,2952.635981702609,7381.59
223,5.6389694989203605,261.20957284721715,3118.0513888888886,2385,0.2448637316561845,True,2942.2254221087815,7355.56
1493,6.1151591920335715,268.10565910650047,3129.0694444444443,2329,0.22584800343495062,True,2937.721866687386,7344.3
697,5.650914786527896,243.29893452360392,3080.8022222222226,3241,0.27429805615550756,True,2906.708713902987,7266.77
68,6.1334263036368615,240.60072854036972,3075.9258333333337,2121,0.2248939179632249,True,2887.266189191306,7218.17
745,5.810726992497176,255.71233521475204,3062.0825,2654,0.2192916352675207,True,2884.1532456399677,7210.38
424,5.096068879794828,242.88176925368148,3037.262222222222,3022,0.23825281270681667,True,2882.481247317791,7206.2
445,6.108690876008482,262.3586086790317,3047.6294444444447,2281,0.22621657167908812,True,2861.459182637119,7153.65
319,5.5521690817109395,223.97851452862017,3026.0580555555553,2361,0.28293096145700974,True,2858.046195800376,7145.12
1378,4.745867019228105,232.0895605444405,2953.3775,3221,0.30797888854393046,True,2813.2141312741965,7033.04
1660,4.80884860506805,225.95497155884598,2933.0794444444446,2945,0.3225806451612903,True,2792.0320944947402,6980.08
1339,6.206824151643184,271.1579344421955,2973.8691666666664,2842,0.20337790288529206,True,2789.28633699173,6973.22
1204,6.094915416310489,260.86179385723,2966.9686111111114,2273,0.2309722833260009,True,2786.1343838354073,6965.34
1564,6.6963807992472155,245.08425034631165,2982.235833333333,2049,0.22596388482186433,True,2782.5339656017295,6956.33
969,7.111566541053359,275.8613837048329,2995.2236111111115,2301,0.222077357670578,True,2782.2162909536037,6955.54
1261,5.913792613303053,229.2532511804041,2948.0872222222224,2832,0.3012005649717514,True,2773.7434578407137,6934.36
465,5.623957024344432,237.82417352663248,2937.048611111111,2317,0.2762192490289167,True,2771.870259438117,6929.68
217,4.905516276422516,226.72122550225612,2911.3941666666665,3562,0.2866367209432903,True,2768.5752519500174,6921.44
357,6.105052012648111,256.3819620292338,2936.9894444444444,2031,0.2259970457902511,True,2757.6847112551263,6894.21
722,5.910791617158442,266.10458000968356,2912.967777777778,2564,0.21801872074882994,True,2740.7883225583623,6851.97
396,6.4968351808378975,258.2394732546904,2929.6208333333334,2287,0.2094446873633581,True,2739.288196368177,6848.22
371,5.895610425336998,262.1565474194844,2875.119722222222,1970,0.24213197969543146,True,2705.613864137969,6764.03
1015,4.471821994965375,228.8921598934423,2826.5394444444446,3034,0.26104152933421226,True,2700.141631871406,6750.35
315,5.1221606903206744,236.21018805727624,2831.880833333333,3345,0.2615844544095665,True,2686.8273464916074,6717.07
114,6.410722780518607,258.05314893093066,2865.7266666666665,2033,0.24200688637481554,True,2682.01287441927,6705.03
721,6.329452642519754,244.45557336163506,2850.1080555555554,2454,0.22493887530562348,True,2669.711815918526,6674.28
1448,5.2659889938084135,239.92527051992175,2809.969722222222,2695,0.2051948051948052,True,2661.997025920651,6654.99
1203,6.362911290718675,260.8199827761439,2840.3005555555555,2225,0.2346067415730337,True,2659.574750815766,6648.94
432,6.260629242867817,275.1731212939385,2833.6563888888886,2054,0.22833495618305744,True,2656.2516683637186,6640.63
111,5.615899585820607,252.42463111807314,2805.996666666667,2067,0.25012094823415576,True,2648.4147114851935,6621.04
966,5.9268816918279255,273.15948981139155,2795.7563888888885,2153,0.24291686019507663,True,2630.0552153277235,6575.14
563,6.092856334174415,266.6709496143439,2799.5833333333335,2152,0.24395910780669144,True,2629.0087428778425,6572.52
132,6.0283828314376215,258.4772815235282,2786.837777777778,2363,0.22513753702920017,True,2618.8365276422046,6547.09
504,5.213085769679305,230.76772534729864,2762.1544444444444,2888,0.24307479224376732,True,2618.1609641645464,6545.4
576,6.165874902239455,252.21580044501175,2767.804166666667,2089,0.2359980852082336,True,2597.144824211029,6492.86
1577,6.1156970118497584,274.40462622022517,2764.0705555555555,2257,0.24280017722640673,True,2595.028375184025,6487.57
1595,5.123216380104268,225.10050991856082,2710.925,2892,0.23340248962655602,True,2572.0384463476585,6430.1
994,6.459112333888647,249.52830360948946,2738.784722222222,2042,0.23065621939275222,True,2561.8835404305087,6404.71
166,5.995222002607088,257.35934680327557,2717.92,2642,0.23012869038607117,True,2554.9746621467416,6387.44
774,5.259328543285785,244.65863368231683,2693.902222222222,2521,0.2594208647362158,True,2552.2210537206784,6380.55
562,5.97391307702185,243.37157520053233,2709.3841666666667,2721,0.23631018008085264,True,2547.5279116274073,6368.82
842,5.4699983091942395,252.9545536058897,2691.7349999999997,2512,0.21934713375796178,True,2544.49714101201,6361.24
234,4.87839296595278,213.79804690907537,2665.7722222222224,2634,0.3906605922551253,True,2535.72537764501,6339.31
797,6.864318771148766,265.04745620571146,2714.408888888889,2035,0.2402948402948403,True,2528.0832100031585,6320.21
368,4.585166841430934,229.56900459019388,2642.5230555555554,3647,0.3238278036742528,True,2521.3589646350547,6303.4
751,6.127051225880658,253.7255236720625,2681.9083333333333,2142,0.23669467787114845,True,2517.586435918838,6293.97
1341,6.226903449614554,240.16065411259535,2674.689722222222,2631,0.233751425313569,True,2508.1393756426805,6270.35
1344,5.1201324274279445,241.5802077165463,2626.6944444444443,3603,0.2803219539272828,True,2492.204210424996,6230.51
380,6.165127447793673,241.67503502408925,2640.4455555555555,2159,0.29133858267716534,True,2477.658721865952,6194.15
996,6.441524107854424,275.8637007778281,2637.8794444444447,1882,0.23432518597236981,True,2467.9598040944193,6169.9
376,6.479952307869455,257.3900275357515,2636.0205555555553,2319,0.2436394997843898,True,2465.20768072992,6163.02
1213,5.560259603455228,231.75065908728573,2596.19,2619,0.22107674684994272,True,2451.835096201056,6129.59
1037,5.810412150568198,252.17013898596792,2587.7413888888887,1998,0.23723723723723725,True,2437.3829488036063,6093.46
159,5.127283278896922,232.6571792114255,2555.6294444444447,2701,0.24139207700851537,True,2424.5950832688786,6061.49
915,5.920995947981806,259.096999203261,2576.8444444444444,2579,0.23497479643272587,True,2424.2695893030946,6060.67
366,5.304315136456678,251.24062942923425,2556.594722222222,2163,0.2598243180767453,True,2420.984881393536,6052.46
1021,6.713055935959703,248.8730631881899,2583.583888888889,1677,0.24448419797257007,True,2410.146457275335,6025.37
134,5.733876384610547,241.68136746972004,2541.7138888888885,2007,0.255107125062282,True,2395.9751564495223,5989.94
1120,6.037057535407969,258.52524726500315,2541.5180555555553,2529,0.2277580071174377,True,2388.0851482688845,5970.21
1494,5.64818713186096,229.9151738296757,2518.825,2442,0.3628173628173628,True,2376.557050475903,5941.39
1394,5.470091537510281,231.62433606935855,2512.5505555555555,2037,0.265586647029946,True,2375.1117402404434,5937.78
896,5.6568257341094625,240.48673349075904,2509.037222222222,2236,0.2844364937388193,True,2367.10535895717,5917.76
1432,6.699935945599799,260.6527922530168,2534.346388888889,2088,0.21216475095785442,True,2364.546804193712,5911.37
1014,6.384756146133433,275.43784948724203,2524.637777777778,2171,0.2473514509442653,True,2363.4458120935046,5908.61
984,5.4810626207728905,250.37508272851971,2497.061388888889,1959,0.3180193976518632,True,2360.1958904847475,5900.49
588,7.217672686605257,259.97751161242877,2543.5330555555556,1675,0.22268656716417912,True,2359.949164929946,5899.87
1696,5.2439753291099445,248.81917405920646,2480.9108333333334,2572,0.2286158631415241,True,2350.8124812961173,5877.03
951,7.805283958241858,270.18202644564826,2548.452222222222,1842,0.249185667752443,True,2349.538289737653,5873.85
739,6.71034863713876,252.7898093325547,2518.139722222222,1979,0.23395654370894392,True,2349.1637676908335,5872.91
133,5.372379309239125,238.60169329712377,2481.7149999999997,2042,0.24583741429970618,True,2348.387856825716,5870.97
860,6.16169174889655,264.56369672699196,2501.525277777778,2352,0.2227891156462585,True,2347.389001140383,5868.47
1193,5.56656725958322,213.3207557885114,2472.4977777777776,2396,0.3693656093489149,True,2334.8645259860773,5837.16
1524,7.015485310679096,253.49179859414465,2497.2488888888893,1959,0.23124042879019907,True,2322.0547599177926,5805.14
1530,5.481018253330976,225.39922191907203,2452.394722222222,2393,0.32971165900543253,True,2317.9785198534964,5794.95
792,6.056187665461205,243.33932406336498,2462.221666666667,2320,0.21637931034482757,True,2313.1049017936866,5782.76
425,6.677703311950938,259.53421734267215,2469.2619444444445,2121,0.21404997642621404,True,2304.3719577995334,5760.93
1156,5.396834045040878,197.1683895778596,2432.228888888889,1918,0.30761209593326383,True,2300.965532160014,5752.41
932,5.885041249397645,264.6809024268905,2420.913611111111,2067,0.2409288824383164,True,2278.44184648494,5696.1
1553,7.267899158880327,245.5599803361372,2451.7330555555554,1954,0.2661207778915046,True,2273.543569432842,5683.86
249,6.444876113893924,276.8938809666041,2426.2194444444444,1892,0.25317124735729385,True,2269.8526069987943,5674.63
1166,5.986111661428529,248.52281406331852,2411.92,1585,0.2334384858044164,True,2267.539775615673,5668.85
397,5.680368575251935,247.94926428957135,2395.4644444444443,2791,0.25582228591902545,True,2259.3932349108886,5648.48
1587,6.2399742233937205,260.362277914926,2406.1094444444443,2161,0.23044886626561778,True,2255.968835324469,5639.92
393,6.429435585968479,258.9649184637263,2407.5505555555555,1990,0.2592964824120603,True,2252.758643386485,5631.9
1273,8.068653103040162,266.7338813416614,2421.451111111111,1529,0.2262916939175932,True,2226.0726208958436,5565.18
626,7.9099511329742,264.3496805502031,2416.221388888889,1776,0.23873873873873874,True,2225.0994577633073,5562.75
1033,5.683148227664933,231.64615615977567,2349.085277777778,2221,0.285006753714543,True,2215.583279447412,5538.96
497,6.959062847313348,266.696934024237,2378.320833333333,2072,0.2635135135135135,True,2212.81199183092,5532.03
871,7.028375971776247,269.0997840048331,2378.838888888889,1827,0.28188286808976465,True,2211.645148014953,5529.11
962,6.40166075775522,226.33846140637684,2357.643611111111,1767,0.289756649688738,True,2206.715265250888,5516.79
833,7.0088933844893875,265.2413252027332,2362.231388888889,1566,0.2445721583652618,True,2196.6651093467235,5491.66
1555,6.254326602837816,223.52139210639444,2314.8611111111113,1848,0.26406926406926406,True,2170.0821368201423,5425.21
494,6.922746674121372,238.39256167337842,2331.373333333333,1594,0.25972396486825594,True,2169.978263438647,5424.95
782,7.767090949955322,261.9004006893343,2345.9019444444443,1754,0.2685290763968073,True,2163.6936068226737,5409.23
607,6.823724999677663,269.61607642033294,2318.8424999999997,1654,0.2267230955259976,True,2160.611064624349,5401.53
374,7.158918600253375,266.55089354019907,2318.7633333333333,1903,0.23909616395165528,True,2152.7649537674783,5381.91
1238,5.898938014074597,224.73567645915338,2284.5952777777775,2239,0.3032603841000447,True,2149.828418469191,5374.57
885,6.11984276888098,251.44032757610404,2283.6388888888887,1853,0.31786292498650837,True,2143.8837794798683,5359.71
331,6.850980594735143,263.71546196425,2299.8697222222218,2011,0.22178020885131774,True,2142.3060938485883,5355.77
644,7.333097162194912,259.74616109098287,2298.5105555555556,1620,0.2697530864197531,True,2129.9585432333606,5324.9
1388,7.871023205919662,263.01265657387717,2306.027222222222,1664,0.25600961538461536,True,2124.5192844262865,5311.3
1072,7.23267660839675,249.24348741253476,2281.645555555556,1822,0.31448957189901205,True,2116.621511172365,5291.55
645,5.45418402351636,241.5549875551054,2236.320833333333,1996,0.22645290581162325,True,2114.3477797270984,5285.87
641,6.069619942448975,242.7109999006685,2239.5058333333336,2171,0.2795946568401658,True,2103.5763406610254,5258.94
868,5.906317213953096,216.5870947437664,2224.255,2405,0.3754677754677755,True,2092.8834440527876,5232.21
30,6.6847322571785375,226.38580642220106,2232.61,1962,0.2655453618756371,True,2083.365999153006,5208.41
1048,6.880662179018403,267.97508477102593,2234.6477777777777,1554,0.22586872586872586,True,2080.8892132979468,5202.22
1215,6.33875317808644,267.72768939175546,2217.523611111111,2103,0.23490252020922492,True,2076.9602627369886,5192.4
1220,7.347363223518862,288.1745600850489,2238.178611111111,1587,0.260239445494644,True,2073.731498961668,5184.33
691,6.943966826825557,283.36594789932104,2225.2013888888887,1535,0.20846905537459284,True,2070.684142614383,5176.71
153,6.802281626009241,242.6355941437599,2220.9572222222223,2009,0.2966650074664012,True,2069.8814571734747,5174.7
1618,6.723282003935292,250.32721104163676,2205.0094444444444,1647,0.28051001821493626,True,2056.7604412810374,5141.9
436,6.4082572659718,228.29086594500936,2196.0630555555554,2145,0.38554778554778557,True,2055.3336852325942,5138.33
462,6.304531501735385,246.27627763872619,2187.4183333333335,2092,0.3551625239005736,True,2049.511855433598,5123.78
579,6.019369482835795,224.2062157622068,2176.5950000000003,1993,0.3652784746613146,True,2045.5777048050707,5113.94
142,6.067407666553991,232.1182320434352,2175.6644444444446,2049,0.33577354807223037,True,2043.6580131437331,5109.15
1206,6.275395427721703,283.530250707074,2170.570277777778,2269,0.251211987659762,True,2034.3584098106248,5085.9
1571,7.054378854260416,277.4809843638619,2168.1494444444443,1762,0.27809307604994327,True,2015.1999685067908,5038.0
1600,7.621921091929027,239.31749479363413,2171.3161111111112,1964,0.3065173116089613,True,2005.8201104658804,5014.55
591,7.933287217792367,258.5444097687325,2176.6894444444442,1341,0.25428784489187173,True,2004.0064189772975,5010.02
348,7.826732443784045,296.60628807813765,2172.0197222222223,1498,0.2363150867823765,True,2002.0215499376675,5005.05
1706,5.1383230698697515,223.36468019088946,2100.7408333333333,1817,0.3318657127132636,True,1992.7979824559925,4981.99
664,6.566482719962751,270.2106468527362,2105.7875,1589,0.27438640654499685,True,1967.5113276933644,4918.78
123,7.040537695486099,280.524835849851,2116.5125,1665,0.23603603603603604,True,1967.4986396078248,4918.75
514,7.306316401611013,282.829674076623,2117.748888888889,1505,0.23920265780730898,True,1963.019454475065,4907.55
1304,6.372027557147548,232.40554613129444,2093.658333333333,1983,0.3076147251638931,True,1960.2498473808168,4900.62
977,8.242509568778882,275.64197323691894,2124.4269444444444,1274,0.24725274725274726,True,1949.3208502668945,4873.3
822,7.1028223525600245,265.27059630866887,2097.721111111111,1491,0.24681421864520456,True,1948.7237071367406,4871.81
1096,7.149357969866762,269.9202775386551,2095.889722222222,1659,0.2320675105485232,True,1946.0470633269094,4865.12
507,6.9871208661791755,235.51989957918528,2090.043055555556,1707,0.3233743409490334,True,1944.0092211087049,4860.02
737,7.105964292336301,279.78602842392354,2089.0311111111114,1555,0.22443729903536977,True,1940.5853062997596,4851.46
1425,8.299913478744038,232.35448664909805,2114.6094444444443,1375,0.26036363636363635,True,1939.0986901422054,4847.75
1557,6.426372735413657,256.7366615732739,2067.7222222222217,1879,0.34805747738158593,True,1934.8426850892436,4837.11
1384,7.7190374283327605,259.8186058709408,2089.3663888888887,1604,0.22069825436408977,True,1928.0874153155507,4820.22
1407,5.745016760856652,214.5616149014187,2044.2644444444443,2299,0.3397129186602871,True,1926.8211094748779,4817.05
6,6.253483026097857,210.42216236186974,2053.0802777777776,2209,0.3607967406066093,True,1924.6912510947814,4811.73
666,6.9023142794066,236.27183072321537,2064.556388888889,1829,0.2968835429196282,True,1922.05421845221,4805.14
419,6.857571601019053,282.170250379308,2058.003888888889,1695,0.2536873156342183,True,1916.8747986565768,4792.19
1116,6.768466046429568,238.79008099459134,2054.8605555555555,1779,0.36593591905564926,True,1915.7780165513038,4789.45
1674,7.711547380980021,247.50576599814477,2070.0761111111115,1735,0.2674351585014409,True,1910.4412109804296,4776.1
679,5.947081938753306,249.25657357940028,2026.1449999999998,1774,0.24351747463359638,True,1905.6484966520466,4764.12
690,6.900118089351385,268.63479969976765,2043.8927777777776,1547,0.21913380736910149,True,1902.8617624913868,4757.15
518,6.34863701355651,246.8370648956194,2027.3377777777778,1789,0.3040804918949134,True,1898.6294612279637,4746.57
738,7.76497681129876,302.9620045643707,2054.5019444444442,1397,0.24051539012168932,True,1894.970344870651,4737.43
201,7.073889723458457,255.23547266258942,2035.5066666666667,1725,0.2718840579710145,True,1891.5171697530216,4728.79
247,7.719584248544082,303.4674108633426,2047.1236111111111,1486,0.24629878869448182,True,1889.0941792795509,4722.74
1550,6.939552641180856,265.23996747224027,2024.822777777778,1515,0.24686468646864687,True,1884.3091352232684,4710.77
1603,7.181239437186566,236.0216044676973,2029.0697222222223,1767,0.35880022637238257,True,1883.3573671219883,4708.39
1508,8.274379930221816,256.0671999120211,2051.8205555555555,1360,0.2595588235294118,True,1882.0451273025008,4705.11
1232,6.8572483116778455,289.2177514650149,2014.7366666666667,1676,0.24403341288782815,True,1876.581170606912,4691.45
1396,8.146034471337313,252.52893403771785,2022.221111111111,1528,0.24541884816753926,True,1857.4902823133393,4643.73
292,7.20397676705408,199.7360773737517,2001.1733333333334,1258,0.287758346581876,True,1857.0092713315184,4642.52
800,5.607250835197921,208.8377786678297,1966.663611111111,1921,0.3748047891723061,True,1856.3878493515497,4640.97
665,8.076503664484088,268.2346772269401,2012.7522222222221,1537,0.24593363695510737,True,1850.1922152374593,4625.48
700,8.144579995189089,254.43149959792143,2002.9638888888887,1496,0.2533422459893048,True,1839.8308926835828,4599.58
1496,7.104269377942459,254.72390837225237,1977.2325,1406,0.232574679943101,True,1836.764576971774,4591.91
104,7.162551623877284,256.90959892497375,1976.5286111111109,1601,0.2679575265459088,True,1834.9587289795727,4587.4
1678,8.071969645924028,262.3647276577924,1995.1261111111112,1389,0.25413966882649386,True,1834.0801370243178,4585.2
1673,7.581052438139376,251.96574893869564,1970.2199999999998,1721,0.25101685066821616,True,1820.8565886532901,4552.14
974,8.245970247210538,294.9336930129316,1982.3927777777778,1484,0.23787061994609165,True,1818.9252591393717,4547.31
1651,8.99048085651329,313.4652250026968,1980.8980555555554,1224,0.23447712418300654,True,1802.805795083789,4507.01
535,7.473143483712324,245.41004876755594,1937.2055555555555,1385,0.26498194945848375,True,1792.4354048144423,4481.09
650,8.489238576015985,257.140768304845,1957.0627777777777,1396,0.27793696275071633,True,1790.9230494898165,4477.31
1052,8.621141511663842,292.107175767254,1956.043888888889,1295,0.24555984555984556,True,1787.410577197525,4468.53
56,8.671641951502002,260.2872307469335,1950.2355555555555,1355,0.27232472324723245,True,1781.1181109668917,4452.8
620,7.56282895926192,268.7394640251898,1925.8397222222222,1555,0.23922829581993568,True,1780.1917580010306,4450.48
120,6.159791908183058,228.3509443612482,1891.6358333333333,1868,0.3329764453961456,True,1775.1150023393755,4437.79
1080,7.786878609609267,258.83386329529145,1920.5919444444446,1388,0.2730547550432277,True,1771.0377811446215,4427.59
219,7.902528298191389,231.30523540720972,1920.500833333333,1526,0.27850589777195284,True,1768.732711512165,4421.83
1065,6.056870527574421,234.84235650048643,1868.6052777777777,2103,0.3276271992391821,True,1755.4262754313554,4388.57
1024,4.6909674444834755,210.93739671676656,1833.3508333333332,1952,0.3801229508196721,True,1747.3489425985001,4368.37
1147,7.954067071642484,263.66012922574856,1896.466111111111,1451,0.2529290144727774,True,1745.6199246423635,4364.05
211,6.974784607792777,232.8734110491032,1869.2994444444444,1351,0.26498889711324947,True,1738.9198345197774,4347.3
904,7.174194975443486,240.97013655371768,1867.2122222222222,1823,0.31486560614371917,True,1733.254776794689,4333.14
281,6.605455996413656,255.2983936572249,1837.2949999999998,1525,0.3022950819672131,True,1715.9332872506916,4289.83
1297,8.613100904058825,320.89784618688117,1871.0744444444445,1397,0.24194702934860415,True,1709.9169145543865,4274.79
241,8.134036882614874,233.7494815978038,1858.2030555555557,1398,0.321173104434907,True,1707.0561336627902,4267.64
711,8.193304909437304,250.63370174994697,1858.491388888889,1179,0.26123833757421544,True,1706.219522681586,4265.55
793,8.70456067726887,281.72658976468716,1860.1555555555556,1387,0.2343186733958183,True,1698.2371865306345,4245.59
402,6.732793183151933,257.4533291728162,1817.6263888888889,1850,0.4064864864864865,True,1695.2493632826072,4238.12
1724,10.876026887600066,277.73005171300366,1900.7641666666666,1222,0.24549918166939444,True,1694.0365448301327,4235.09
461,6.943100519256942,227.7395965043388,1806.898611111111,1763,0.33125354509359045,True,1681.443824260609,4203.61
229,7.437949769349526,239.70512151168356,1814.036111111111,1236,0.28317152103559873,True,1679.109016368805,4197.77
810,7.249089829988802,313.64117458686167,1809.2069444444444,1221,0.31285831285831284,True,1678.055907831271,4195.14
710,5.167904568891688,213.226288529281,1750.378333333333,1799,0.29849916620344635,True,1659.9204514721096,4149.8
1264,9.03823436235305,289.48128106881904,1813.9722222222222,1228,0.26465798045602607,True,1650.0211615097942,4125.05
1310,6.084366984255528,230.38446364487132,1735.1,1820,0.34725274725274724,True,1629.5301484561821,4073.83
772,7.609567531091279,268.09631637725954,1753.9422222222222,1374,0.29767103347889373,True,1620.4748043658992,4051.19
902,6.283495981950283,213.66972017590405,1726.703611111111,1507,0.3085600530856005,True,1618.206259086754,4045.52
214,8.39799354476977,265.3313757376832,1743.1363888888889,1323,0.2660619803476946,True,1596.7479074734672,3991.87
189,7.922439394199176,287.4433875573087,1718.463888888889,1303,0.27321565617805066,True,1582.3196287804685,3955.8
891,8.543458107531295,273.2740920036834,1718.8786111111112,1205,0.25809128630705397,True,1572.0269370515177,3930.07
849,8.238514525533379,286.45176309409464,1701.912222222222,1329,0.26486079759217457,True,1561.6999365826164,3904.25
988,8.90857120110913,299.13648601691403,1703.306111111111,1113,0.23270440251572327,True,1551.5658734299348,3878.91
781,8.590983348088788,269.0667982981682,1679.4819444444443,1089,0.27180899908172634,True,1535.1979302630643,3837.99
263,8.522979608191882,270.5079209646392,1661.183888888889,1352,0.2603550295857988,True,1519.60152478432,3799.0
1474,8.834376083612147,308.1865554577517,1662.995,1317,0.24753227031131358,True,1516.079767448334,3790.2
4,8.13614591782044,245.18297860572582,1648.8375,1283,0.2634450506625097,True,1514.6856750522575,3786.71
322,8.535725626247812,267.1015539962629,1647.0830555555553,1252,0.2476038338658147,True,1506.4925650969142,3766.23
1579,9.99409263387306,291.9744191784789,1667.0458333333333,1048,0.26240458015267176,True,1500.439728500879,3751.1
347,7.434717536142101,282.69377963140494,1618.5119444444442,1166,0.25128644939965694,True,1498.1801530862786,3745.45
1637,7.904733593817871,260.4274760543245,1623.2905555555556,1311,0.3127383676582761,True,1494.9737616852829,3737.43
1725,9.905403085268757,263.75684887954657,1658.4802777777777,1260,0.2753968253968254,True,1494.2011211742038,3735.5
1515,8.151109187502575,255.39336704138597,1619.8741666666667,1298,0.3081664098613251,True,1487.8364546415194,3719.59
1148,6.433727370448621,233.53318114604915,1587.3072222222222,1968,0.3445121951219512,True,1485.1842030130033,3712.96
1373,8.582692034636343,274.859218297172,1616.4172222222223,1231,0.2404549147034931,True,1477.6851100440656,3694.21
1141,8.201842990335795,276.7460788712183,1605.9327777777778,1201,0.2597835137385512,True,1474.2166928141062,3685.54
22,5.996780317948355,235.94799718458114,1567.6994444444445,1450,0.38275862068965516,True,1473.6879527154142,3684.22
976,8.733720410965711,261.9890280449889,1604.1019444444444,1193,0.28499580888516346,True,1464.004165509802,3660.01
682,8.666516962645547,238.6213224802844,1598.8955555555553,1123,0.2858414959928762,True,1460.3270010183473,3650.82
464,9.370312114360967,287.7183072467602,1601.1758333333337,1169,0.2797262617621899,True,1451.1406602502802,3627.85
1719,9.427095378379072,283.5146139490811,1595.7908333333332,1177,0.2931180968564146,True,1445.3541094355699,3613.39
756,7.060764863071674,267.63545086980344,1547.6136111111111,1454,0.34456671251719395,True,1438.3402530416631,3595.85
240,9.223641043598054,285.2097780566687,1583.5225,1087,0.2686292548298068,True,1437.4640687553901,3593.66
575,10.446330302002794,278.26437060265454,1589.1197222222222,1115,0.3165919282511211,True,1423.1150271446195,3557.79
813,8.462806663356133,252.01042178329675,1547.0422222222223,1232,0.2832792207792208,True,1416.1190299550672,3540.3
250,5.559737500823836,210.74039456972142,1487.3161111111112,1585,0.35962145110410093,True,1404.625239525872,3511.56
1527,7.47127485616479,255.30812110835026,1513.4130555555557,1616,0.37004950495049505,True,1400.3418064659184,3500.85
922,9.105137338060938,273.0461544001096,1535.9216666666666,1085,0.30599078341013825,True,1396.073889511632,3490.18
549,7.787175252195552,277.72303039735453,1512.8977777777777,1227,0.2844335778321108,True,1395.0857764356501,3487.71
595,7.660993870745825,251.49234441189137,1507.4730555555557,1220,0.32131147540983607,True,1391.9856371662997,3479.96
1567,7.110880319276774,232.91598862022752,1487.0822222222223,1193,0.28248113998323554,True,1381.3375851507585,3453.34
1003,7.663680936737016,241.7598534038682,1478.6672222222223,1271,0.2903225806451613,True,1365.3468841949991,3413.37
1222,8.307948962073079,279.3610219454487,1475.3438888888886,1101,0.3079019073569482,True,1352.7730715849357,3381.93
206,8.021972880762142,268.3077416570329,1465.7319444444445,1176,0.288265306122449,True,1348.1513253564435,3370.38
289,8.017232257451228,278.1941641373018,1462.0425,1126,0.25754884547069273,True,1344.8271570723537,3362.07
762,9.010224828213508,282.3490693552311,1468.9391666666668,1147,0.2911944202266783,True,1336.584445160314,3341.46
82,7.665189159887945,252.81366801411565,1435.8472222222222,1212,0.3333333333333333,True,1325.7868165918924,3314.47
1144,8.581001428798581,258.32081246525223,1444.82,1058,0.24574669187145556,True,1320.8399751564323,3302.1
405,7.246020101309567,266.1803463352275,1418.5974999999999,1313,0.3503427265803503,True,1315.8056399933248,3289.51
613,9.451293750371894,272.5915876550186,1452.5524999999998,1127,0.2919254658385093,True,1315.267496346629,3288.17
1257,8.192522538039572,292.39996898217044,1428.7758333333334,1093,0.29734675205855443,True,1311.7230511694374,3279.31
1452,9.645954674883347,282.8571390894638,1429.08,1069,0.2591206735266604,True,1291.231590932177,3228.08
260,8.328383643709936,244.19988882446998,1403.0338888888887,1174,0.282793867120954,True,1286.183843970959,3215.46
1483,9.634961803278843,299.8362135322815,1423.1997222222221,1169,0.2694610778443114,True,1286.0749726017405,3215.19
1411,9.145128136044395,304.2678726925787,1412.3155555555554,1132,0.2879858657243816,True,1283.1574883147125,3207.89
86,10.047627860515659,286.3001864102021,1424.1161111111112,956,0.2510460251046025,True,1281.026223965019,3202.57
854,7.874550853349201,256.16032081466216,1378.0641666666668,1305,0.285823754789272,True,1269.5478030707172,3173.87
981,7.049371243577472,273.5673478145864,1344.5861111111112,1160,0.4060344827586207,True,1249.801244449308,3124.5
58,9.783567338199033,252.88760572511794,1362.1566666666668,952,0.26365546218487396,True,1228.8891519315662,3072.22
359,7.436198624103669,255.08225839059702,1294.9191666666666,1097,0.29717411121239745,True,1198.626405411745,2996.57
587,9.52568523768067,324.0358863320126,1317.6272222222221,1036,0.2644787644787645,True,1192.1142004273381,2980.29
1697,11.419513501051346,322.9420076535745,1326.0719444444444,805,0.24720496894409938,True,1174.640979714957,2936.6
1031,9.95858923632202,348.6029445621358,1293.7183333333332,1068,0.2808988764044944,True,1164.8822386416753,2912.21
27,9.355027231658601,335.94212548699556,1282.608888888889,952,0.24789915966386555,True,1162.6204780576595,2906.55
1415,8.157734278238518,276.9669672863024,1252.9025000000001,1110,0.29009009009009007,True,1150.694043284593,2876.74
746,7.25394359786413,262.2314459293465,1233.7047222222222,1199,0.2151793160967473,True,1144.2124775080358,2860.53
97,7.188375524645939,275.487522945242,1211.968611111111,858,0.25524475524475526,True,1124.8477561036084,2812.12
262,7.65142943502879,281.2831443913912,1217.6844444444446,1054,0.2998102466793169,True,1124.5141784364555,2811.29
1701,9.371999896434078,305.5115702587068,1215.4013888888887,864,0.29398148148148145,True,1101.4939719809638,2753.73
1500,8.694732687375692,261.2656078090218,1206.3613888888888,984,0.28252032520325204,True,1101.471490881287,2753.68
1526,8.489936000561915,293.1488932080123,1187.1458333333333,1027,0.27848101265822783,True,1086.3579118499958,2715.89
963,10.163607310775358,259.0115165927827,1205.3811111111113,934,0.30620985010706636,True,1082.8709083795172,2707.18
1562,10.37333220472486,288.9065697124865,1202.5591666666664,1032,0.23934108527131784,True,1077.8137093499622,2694.53
1419,7.657069134704865,264.3180810196045,1153.9533333333334,1058,0.29300567107750475,True,1065.5943288177689,2663.99
590,9.626280817023266,296.16673314053463,1152.2475,880,0.29204545454545455,True,1041.3289199428698,2603.32
1654,4.13552274511058,217.69614430608374,1072.3033333333333,1099,0.36032757051865333,True,1027.9579850867544,2569.89
308,10.346115932901704,305.5001963983212,1138.8483333333334,954,0.27253668763102723,True,1021.0217644667479,2552.55
1375,5.631030522158525,183.25734305643726,1068.7191666666668,1277,0.4032889584964761,True,1008.5392641955085,2521.35
468,9.653013693681212,330.91017897437183,1093.482222222222,914,0.30087527352297594,True,987.9282335731413,2469.82
273,7.754614649122151,255.56421142950538,1028.6888888888889,796,0.32160804020100503,True,948.9180296172192,2372.3
827,9.363000709599277,345.67580708848067,1035.6816666666666,936,0.28525641025641024,True,938.710784867477,2346.78
448,7.89771592901983,278.1446239980941,967.7844444444444,1962,0.37410805300713557,True,891.3515782169794,2228.38
1202,9.610903654653539,249.92538427691423,950.4358333333332,890,0.32134831460674157,True,859.0903610923631,2147.73
179,11.409109169905026,227.3336764895278,965.5794444444444,863,0.15179606025492468,True,855.4154315056153,2138.54
276,12.342168603834542,232.1704130290173,946.9497222222222,844,0.12085308056872038,True,830.0755909120127,2075.19
540,10.220020096727367,187.41550011943735,878.3722222222223,673,0.26151560178306094,True,788.6024045870404,1971.51
605,12.970906706040227,242.86512667542289,879.1786111111111,764,0.11910994764397906,True,765.1411736844286,1912.85
652,9.268832359582051,300.6742335225146,834.4716666666666,578,0.2301038062283737,True,757.1258867951229,1892.81
1325,14.257980616320186,228.22859556037636,874.3930555555555,890,0.11797752808988764,True,749.7222631839946,1874.31
261,12.07451101826576,268.38482128593876,837.4977777777777,777,0.12612612612612611,True,736.3740163222691,1840.94
45,6.20875269390928,275.141738841435,772.3050000000001,603,0.25207296849087896,True,724.354492507304,1810.89
1398,11.614763958299514,225.37632659811513,810.4366666666666,677,0.13884785819793205,True,716.3063608018226,1790.77
48,6.659539452808402,258.98137288191543,763.6425,648,0.2824074074074074,True,712.7874264340876,1781.97
119,12.355667112131172,227.5554093336742,789.5999999999999,833,0.11164465786314526,True,692.0396524826122,1730.1
832,7.752147543814434,218.9611657889841,730.5052777777778,684,0.097953216374269,True,673.8754308290929,1684.69
884,11.6640642295809,237.8182696411562,762.1558333333334,648,0.15432098765432098,True,673.2574874038357,1683.14
208,9.680572305107226,198.7987527193508,722.8883333333333,962,0.11850311850311851,True,652.9086055398154,1632.27
586,11.74642729461108,263.49374386897273,734.7577777777777,589,0.13582342954159593,True,648.449989619611,1621.12
1368,12.454563575792037,249.59797283421227,729.1041666666667,601,0.13643926788685523,True,638.297424695418,1595.74
1715,12.459261113560022,245.70863670464064,723.5455555555556,705,0.12482269503546099,True,633.3971255133305,1583.49
1009,12.513780492474122,236.33864238292293,715.6858333333333,743,0.1386271870794078,True,626.1264791342658,1565.32
1636,9.681836054899163,273.6099524430593,689.9191666666667,541,0.3345656192236599,True,623.1223240386735,1557.81
775,13.652425112758287,262.6611645907415,708.0869444444445,691,0.14327062228654125,True,611.4159046209484,1528.54
102,13.210528237322219,254.6095418342663,696.7483333333332,707,0.12871287128712872,True,604.7041980152613,1511.76
1682,11.682137202771782,251.49671781169383,674.6027777777776,773,0.13583441138421734,True,595.794755704068,1489.49
363,10.43804820421381,205.3365009491897,665.1858333333332,764,0.1649214659685864,True,595.7534154023986,1489.38
886,14.325332976125152,288.59795591823075,694.9983333333333,568,0.1267605633802817,True,595.4375079048132,1488.59
1543,11.437333370532675,218.47781140747483,671.9208333333333,642,0.09190031152647975,True,595.0710076389388,1487.68
1611,12.155567210989672,225.6573989289955,664.438611111111,585,0.12478632478632479,True,583.6723291617336,1459.18
26,13.25584561194065,234.10716884361062,668.7586111111111,568,0.13556338028169015,True,580.1090021056636,1450.27
1545,14.846967213000186,302.26490420017115,679.6352777777779,452,0.15486725663716813,True,578.7300509181285,1446.83
894,13.045205722871048,209.79422862472458,657.4538888888889,565,0.1592920353982301,True,571.6876765503173,1429.22
601,13.77586568803611,263.18452179225767,653.6636111111111,530,0.11132075471698114,True,563.6157899928778,1409.04
1068,12.493543655244068,269.5592570528493,632.9955555555556,538,0.12267657992565056,True,553.9119794864675,1384.78
1223,14.724279448884761,220.96684677111418,648.1425,677,0.1329394387001477,True,552.7081870730121,1381.77
927,12.05739849541779,219.17795796509844,628.1174999999998,725,0.13793103448275862,True,552.382870005544,1380.96
1330,12.294375599960281,281.09919609846503,629.1572222222221,620,0.11290322580645161,True,551.8062702079453,1379.52
1608,12.079683905848762,393.39632015369915,627.5216666666666,191,0.29842931937172773,True,551.7190328926195,1379.3
409,13.782089457697975,239.77214204362514,639.8897222222222,448,0.16294642857142858,True,551.6995482749404,1379.25
1720,12.916907485403009,245.99055528888556,630.7994444444444,737,0.10990502035278155,True,549.3196637871193,1373.3
1356,12.468915680906102,230.68909920183583,625.6672222222221,647,0.14064914992272023,True,547.6533038402658,1369.13
1612,12.570953304787468,231.77548227580084,626.1961111111111,745,0.15570469798657718,True,547.4772903869383,1368.69
1466,8.024057195129718,248.2039616754571,593.658611111111,594,0.3164983164983165,True,546.0231046117427,1365.06
1615,13.153202751516789,273.0299748966899,623.9791666666667,727,0.12104539202200826,True,541.9059217477752,1354.76
1004,12.48934889841189,231.50339708991314,614.7205555555555,643,0.14618973561430793,True,537.9459606219663,1344.86
678,13.950197736577463,234.43228555610014,622.5158333333333,604,0.11092715231788079,True,535.6736436418303,1339.18
879,13.923168129355592,228.63415329856412,620.9094444444445,625,0.1456,True,534.4591785633968,1336.15
750,11.266697203208553,272.817929956804,601.2816666666666,273,0.23076923076923078,True,533.5370819449275,1333.84
1104,12.057755909954274,218.82179400797057,604.8686111111111,603,0.12271973466003316,True,531.9350304074028,1329.84
1169,14.847471485196865,234.08603017816603,620.8572222222223,668,0.12125748502994012,True,528.6756231889925,1321.69
752,14.452463038769245,213.8251986682814,617.0647222222223,597,0.1273031825795645,True,527.8836713177715,1319.71
266,10.131131201266946,265.26279563856644,584.3697222222222,250,0.2,True,525.1664589634097,1312.92
633,14.039164529954455,257.3039315619489,604.6411111111111,590,0.10677966101694915,True,519.7545507064775,1299.39
1036,11.278883682725173,254.58074780576825,585.1,621,0.14170692431561996,True,519.107251572375,1297.77
955,10.598178702262167,258.113492718984,574.4741666666666,285,0.20701754385964913,True,513.5903678850019,1283.98
524,12.217581140079822,273.2554114539371,584.2141666666666,567,0.1146384479717813,True,512.8373268223255,1282.09
982,13.278419018539667,240.7578706588437,590.2375000000001,426,0.15023474178403756,True,511.863291545447,1279.66
1281,11.319681184671694,324.34667995441265,569.2674999999999,224,0.20535714285714285,True,504.82823391204903,1262.07
183,11.828668553888171,241.6265326711976,570.6544444444444,660,0.15454545454545454,True,503.1536216230791,1257.88
410,9.379041480962348,212.42395945985663,553.9377777777778,249,0.13654618473895583,True,501.983723821279,1254.96
182,13.478758442246951,219.8234595581827,576.7669444444443,631,0.12678288431061807,True,499.025921228049,1247.56
1589,11.826470551624906,229.7514082454965,564.5113888888889,194,0.22164948453608246,True,497.7496157213756,1244.37
1160,12.907778186509717,263.11713373385163,569.283611111111,596,0.1342281879194631,True,495.8017453367362,1239.5
555,16.970992989722106,224.9962088021422,594.6816666666666,428,0.09345794392523364,False,493.75828270550403,1234.4
1343,12.651260160765823,216.52970838232338,563.7311111111111,578,0.14359861591695502,True,492.4120216372686,1231.03
1172,14.794615255596609,201.12004481457714,575.0633333333334,600,0.11833333333333333,True,489.98492569065763,1224.96
831,15.881945426069574,232.17885348561757,582.1102777777778,452,0.13716814159292035,False,489.65984114156913,1224.15
75,14.010652318899346,240.12610892208727,567.6966666666667,477,0.14255765199161424,True,488.15866047401903,1220.4
1537,12.981452473100875,221.46606630515873,560.6222222222221,542,0.14206642066420663,True,487.8453148908024,1219.61
947,13.109049849728974,234.55007793708543,559.6944444444445,513,0.1364522417153996,True,486.3238207160586,1215.81
174,13.889328705360898,245.37575881030565,563.3219444444444,577,0.11611785095320624,True,485.080307911125,1212.7
479,14.786677446146182,221.4332229499831,568.373611111111,466,0.15236051502145923,True,484.3300385470978,1210.83
921,12.257522917227995,215.44882431330046,551.9063888888888,216,0.2361111111111111,True,484.25633678918786,1210.64
1644,11.585243989900896,257.7934688005831,545.1077777777778,207,0.23671497584541062,True,481.95571171429543,1204.89
1572,12.824497372568445,215.63073166701702,551.396111111111,564,0.15425531914893617,True,480.68233132922205,1201.71
344,12.1558292391537,250.212369688543,544.6658333333334,231,0.22077922077922077,True,478.45718470931985,1196.14
787,12.999543419346603,435.31050197715234,549.5613888888889,141,0.22695035460992907,True,478.12091752431354,1195.3
807,10.706832797340487,306.2993059529758,533.7175,262,0.21755725190839695,True,476.5732596648543,1191.43
906,12.376926261885517,304.9742530178288,543.2330555555554,209,0.15789473684210525,True,475.99750083925676,1189.99
707,10.900458133225534,259.1404430590969,532.6355555555556,177,0.20903954802259886,True,474.575839819549,1186.44
1240,10.712099967180677,238.34380028694048,531.1980555555555,276,0.17753623188405798,True,474.2955888207244,1185.74
1511,13.916529125846495,241.93691194858062,549.3397222222222,579,0.0846286701208981,True,472.89069977932246,1182.23
1109,14.552879124837844,222.23434299865835,553.3355555555555,448,0.16071428571428573,True,472.80930100080553,1182.02
1293,12.369869694384017,204.40403402575618,539.2336111111111,260,0.2076923076923077,True,472.5311160683452,1181.33
522,12.069178680976522,254.46837462459385,537.2644444444445,492,0.1443089430894309,True,472.42103865508864,1181.05
1084,14.663679702898188,298.5676345205476,552.4052777777778,169,0.23076923076923078,True,471.4023371825394,1178.51
1698,12.436349531932251,226.20321719512953,532.4905555555556,640,0.1375,True,466.26816884213883,1165.67
1334,12.450158208848316,194.0198570789084,532.2166666666667,224,0.17857142857142858,True,465.9548496528078,1164.89
1129,10.803297227957266,211.88049464489717,521.8105555555554,217,0.2672811059907834,True,465.4378102720337,1163.59
191,11.074267921778011,338.5835956767263,523.2808333333334,237,0.20675105485232068,True,465.3313118666874,1163.33
924,11.036394175898183,212.71076704871408,517.5233333333333,623,0.15409309791332262,True,460.4074183144192,1151.02
188,12.53363951033662,358.8091983267595,526.2544444444444,184,0.2717391304347826,True,460.29560947065306,1150.74
686,14.192552562081904,258.7649942646631,532.6919444444444,586,0.13822525597269625,True,457.0893602351905,1142.72
453,13.541292124934936,288.9967701296886,526.7033333333334,212,0.25943396226415094,True,455.38089633489693,1138.45
236,10.876323080207094,218.00985930165007,509.2038888888889,479,0.35281837160751567,True,453.8212287963546,1134.55
389,9.671208632248842,279.7758217478434,502.03333333333336,249,0.21285140562248997,True,453.48064226323345,1133.7
401,9.065325489766595,217.7189393162882,498.2444444444444,543,0.08103130755064457,True,453.07696382087624,1132.69
1333,8.55562211037222,249.5974456745011,495.4488888888888,211,0.22274881516587677,True,453.06015420551756,1132.65
592,13.536860461706647,236.94228813162786,521.8583333333333,569,0.12302284710017575,True,451.2150989422121,1128.04
943,12.54040879046907,288.61629926927566,515.2252777777777,195,0.2153846153846154,True,450.6139217526146,1126.53
550,13.283802824783697,242.40476862235624,517.9583333333333,169,0.22485207100591717,True,449.15376961879736,1122.88
1434,13.073034854476743,316.6522940693076,514.1566666666666,177,0.2655367231638418,True,446.9407864267175,1117.35
1303,9.504430799688793,283.0671164717113,491.93499999999995,195,0.20512820512820512,True,445.1793783455509,1112.95
801,13.698082947428302,248.96489831974802,515.4577777777777,489,0.11860940695296524,True,444.84994381880705,1112.12
422,14.00573746339455,266.54432254511744,513.7661111111111,195,0.18974358974358974,True,441.8093784129969,1104.52
1688,11.9400514586039,331.09686572791026,500.84027777777777,216,0.2916666666666667,True,441.03969088569636,1102.6
1242,11.872943750797639,346.6550691612714,498.12,247,0.22267206477732793,True,438.9784925885268,1097.45
520,13.387326557879693,186.09943698607032,506.71527777777777,306,0.1568627450980392,True,438.8796488229995,1097.2
285,9.108384836406172,230.4803130125497,482.2486111111111,300,0.25,True,438.3235517428873,1095.81
1217,10.046536768196878,204.662879832182,485.87999999999994,277,0.22021660649819494,True,437.06588715068494,1092.66
1506,13.558128862058027,301.57289523411737,504.09555555555556,386,0.11917098445595854,True,435.74963054542604,1089.37
228,8.90269826629328,245.2225274020581,478.17472222222216,268,0.208955223880597,True,435.60426951709167,1089.01
1586,11.875037069871555,279.01730335337555,494.2105555555555,227,0.3303964757709251,True,435.52286888011514,1088.81
1619,12.414281366709979,246.46372851396697,494.10138888888883,185,0.2864864864864865,True,432.7622522354003,1081.91
764,12.797420112080665,237.60520663489373,494.0216666666666,218,0.22935779816513763,True,430.79963853863046,1077.0
1501,12.500159202813398,420.4913901327364,491.7322222222222,192,0.296875,True,430.26491159291226,1075.66
784,11.325624595820882,246.62361698958134,484.67027777777776,221,0.2081447963800905,True,429.77834158914436,1074.45
338,14.380679323081383,276.452666431997,501.81111111111113,210,0.22380952380952382,True,429.6472644146306,1074.12
640,13.274061104566274,302.9366727990018,493.17305555555555,171,0.21052631578947367,True,427.70896280985454,1069.27
426,13.089558829576733,370.46175484430796,491.586111111111,136,0.18382352941176472,True,427.2396578991937,1068.1
20,12.078752966204402,266.64547297933024,485.8738888888889,529,0.10964083175803403,True,427.1863821227096,1067.97
184,9.765267466052979,371.4276279280382,471.0033333333333,312,0.28525641025641024,True,425.0085980593082,1062.52
1106,13.43293707958478,180.46291296349222,490.2666666666666,228,0.15789473684210525,True,424.40945381115563,1061.02
91,11.370782669555512,290.3188491145297,478.7305555555555,255,0.16862745098039217,True,424.2951445105776,1060.74
1614,16.412249969216298,372.4112319653064,506.8586111111111,259,0.18532818532818532,False,423.6717088650576,1059.18
1694,12.60116162493232,224.83528208536947,484.1080555555555,665,0.14135338345864662,True,423.1048170356828,1057.76
21,13.569571550305735,299.6885674585889,489.17555555555555,422,0.15876777251184834,True,422.79652853783887,1056.99
196,14.454559216988725,230.3962373899576,494.2261111111111,572,0.1555944055944056,True,422.787905214735,1056.97
300,16.7344565835812,190.63906151799586,506.1594444444445,474,0.1350210970464135,False,421.45641197019313,1053.64
459,8.273334691023512,219.21740306760586,458.36305555555555,203,0.21182266009852216,True,420.4411458694424,1051.1
1332,9.42555203737823,235.7075166809048,463.88055555555553,188,0.2127659574468085,True,420.15725240038745,1050.39
407,14.518147894525653,187.8372790973485,491.3336111111111,438,0.13470319634703196,True,420.00107079448645,1050.0
788,10.908665765899269,232.0784142616024,469.42944444444447,266,0.21428571428571427,True,418.2209553432822,1045.55
41,11.994619227351636,259.9369705275164,473.02166666666665,241,0.2074688796680498,True,416.2845188871275,1040.71
1473,14.968899093045477,247.4405804108007,489.19055555555553,405,0.11851851851851852,True,415.96411492173587,1039.91
64,11.671174076372255,258.53918966392473,470.89861111111117,295,0.17288135593220338,True,415.9392144851141,1039.85
1631,14.547131053142538,310.4371687666352,484.57861111111106,163,0.2883435582822086,True,414.0863254972798,1035.22
1023,13.226045344417702,271.7696619465082,474.7786111111111,505,0.11485148514851486,True,411.98417671995895,1029.96
892,13.299042753237705,282.0895157236098,473.9113888888889,161,0.20496894409937888,True,410.885710668093,1027.21
1092,13.695816288854674,303.9375868289116,476.0741666666666,198,0.22727272727272727,True,410.8719234013041,1027.18
1083,12.069341602439357,365.52894168548113,467.22361111111104,230,0.23478260869565218,True,410.8327974388583,1027.08
1025,10.740111871152145,233.44175263653457,459.6888888888889,197,0.2436548223350254,True,410.31778796296595,1025.79
687,14.615496103275467,289.0078919232559,480.0675,371,0.16711590296495957,True,409.90325324440806,1024.76
29,14.316184267596016,248.03446297795284,478.0041666666667,462,0.12554112554112554,True,409.57220935987993,1023.93
1531,10.760409897375798,211.33985427460885,457.93638888888887,231,0.24675324675324675,True,408.66055637520356,1021.65
1235,12.941943973125825,297.5529983805826,467.31500000000005,234,0.23504273504273504,True,406.8353545219871,1017.09
499,12.011271608796816,335.026836820118,462.2822222222223,163,0.1901840490797546,True,406.7562489119295,1016.89
729,10.986352866858866,270.1694279937429,454.8986111111112,270,0.24074074074074073,True,404.9218445080045,1012.3
103,15.443465543412813,221.2984150957429,478.4325,389,0.14652956298200515,False,404.54594171401146,1011.36
1018,13.882574463322545,347.6791469967716,469.4786111111111,191,0.13089005235602094,True,404.3028933342386,1010.76
895,11.969190535033178,230.02495385398868,458.8675,215,0.25116279069767444,True,403.9447746216566,1009.86
1262,13.331810485802512,353.4943926376382,465.65333333333325,192,0.18229166666666666,True,403.573313412511,1008.93
372,15.633064729785513,449.88931728985784,477.74972222222226,213,0.3004694835680751,False,403.06279890085176,1007.66
506,11.859446183835962,257.6429486281064,457.14250000000004,239,0.18828451882845187,True,402.9279312290577,1007.32
876,11.953876166198521,237.08703222498409,455.08444444444444,163,0.294478527607362,True,400.68421350392305,1001.71
526,13.855255789697917,299.14161906666584,464.80527777777775,362,0.1298342541436464,True,400.4053176176507,1001.01
1210,15.070648666282185,227.00722587607953,468.94333333333327,386,0.09844559585492228,False,398.2705311227141,995.68
1028,12.030680266402483,220.5570476043463,452.7011111111111,190,0.20526315789473684,True,398.2380878708819,995.6
758,12.278260410443723,242.3540337482939,453.7897222222223,166,0.20481927710843373,True,398.07223841194866,995.18
944,10.222508572969211,423.2566890132157,442.7391666666667,295,0.3050847457627119,True,397.4801173982742,993.7
1181,11.517380599003308,243.2979150679302,449.0438888888889,152,0.19736842105263158,True,397.32579514899,993.31
28,12.940864558321389,231.58958035348084,455.5580555555555,262,0.21755725190839695,True,396.60490460158854,991.51
862,12.453647889070698,306.9576241514676,452.6086111111111,234,0.26495726495726496,True,396.24232836772,990.61
1236,11.011844661638676,163.792567499011,444.35833333333335,228,0.21929824561403508,True,395.4262839256201,988.57
225,8.696660983841346,223.27587416893337,432.8283333333333,226,0.20353982300884957,True,395.1867205413226,987.97
1497,13.211086090798753,354.3724294382595,454.92999999999995,215,0.22325581395348837,True,394.8288060471292,987.07
1354,11.65488801543049,225.05180059238847,446.6980555555555,165,0.32727272727272727,True,394.6358974134501,986.59
1538,12.934934571268187,286.19299640632323,452.36861111111114,212,0.21226415094339623,True,393.8550272429343,984.64
1358,10.989583080559656,208.20275266769605,441.85305555555556,256,0.19921875,True,393.2952469212863,983.24
1188,11.790651132418065,233.5644656747313,445.3066666666666,192,0.18229166666666666,True,392.80211113060017,982.01
1539,12.122607031160808,285.680535602982,446.81611111111107,169,0.24260355029585798,True,392.65034980919626,981.63
1349,16.244894014320145,247.51080921750273,467.93805555555554,362,0.15469613259668508,False,391.92201437788503,979.81
1404,13.759843683967269,233.8681193918424,454.2063888888889,453,0.16114790286975716,True,391.7082997751853,979.27
776,13.33369576470985,272.03798768639456,451.8063888888888,226,0.17699115044247787,True,391.5638995489225,978.91
1017,16.67172546424345,265.3811738932156,469.84194444444444,144,0.1736111111111111,False,391.51118535080343,978.78
1218,12.574098178735749,307.90057974959524,447.05083333333334,252,0.21428571428571427,True,390.8382226411437,977.1
1418,11.424078889868424,386.72470151280595,439.91555555555556,258,0.313953488372093,True,389.65925544008593,974.15
282,11.553541943584156,262.44406563372985,438.95527777777784,230,0.17391304347826086,True,388.24039564614594,970.6
1444,11.516683882556311,167.30468969171886,437.66999999999996,178,0.25842696629213485,True,387.26492965121577,968.16
443,13.085608518313904,286.35714614526177,445.55694444444435,168,0.25595238095238093,True,387.25310696828296,968.13
629,15.369202442185916,269.2745558321787,457.50694444444446,370,0.13243243243243244,False,387.19177596571876,967.98
280,11.858512221292887,277.50766603618024,438.54333333333335,531,0.12617702448210924,True,386.53861855433485,966.35
152,10.865728876009518,310.6638936324225,432.49083333333334,184,0.25,True,385.49755196973916,963.74
32,10.375292324700636,384.69612498684626,430.0252777777777,238,0.31092436974789917,True,385.40889813822736,963.52
893,15.003140785135344,259.19249582632955,451.57361111111106,450,0.1,False,383.8233864875915,959.56
838,14.038671240541502,470.56861042176945,446.1419444444445,153,0.32679738562091504,True,383.50954359772965,958.77
144,14.101839789639861,233.7823785940703,445.46416666666664,387,0.1834625322997416,True,382.64552356307905,956.61
1547,13.094919071970196,265.25768274926395,439.70333333333326,200,0.27,True,382.1245376765779,955.31
5,11.1876127340367,280.10978034965495,428.2158333333333,151,0.31788079470198677,True,380.30870423417196,950.77
1573,9.269548700402488,291.14350777258875,418.8636111111111,248,0.24596774193548387,True,380.03684469090217,950.09
406,15.282481298477569,240.91682286403744,448.4030555555555,389,0.12339331619537275,False,379.87594244847577,949.69
907,11.384979854698846,276.36773222890116,428.31027777777786,247,0.24696356275303644,True,379.5472389371732,948.87
1409,11.328714390813996,231.13542028327308,427.0288888888889,166,0.2891566265060241,True,378.6520057004002,946.63
880,12.097544982199581,332.13621650034196,430.6016666666666,218,0.3669724770642202,True,378.5094363475655,946.27
1492,8.142149653376379,168.9017215849658,411.37555555555554,213,0.2535211267605634,True,377.8807421848137,944.7
221,13.597717849240116,366.5273187983392,435.35027777777776,274,0.33211678832116787,True,376.1525753496725,940.38
1588,9.509018638546529,192.21176529605245,415.0183333333333,289,0.1972318339100346,True,375.5541626632815,938.89
1594,14.861935113520111,216.0747562732816,440.38416666666666,533,0.17448405253283303,True,374.9345575664504,937.34
1035,12.212641316196889,320.28980185519094,426.8283333333332,151,0.2847682119205298,True,374.70131994743195,936.75
689,8.495055670881982,215.98086956903344,408.86722222222227,247,0.17813765182186234,True,374.13372407445576,935.33
1265,15.925217471277328,218.68325929864534,443.85138888888883,383,0.15404699738903394,False,373.16708995904844,932.92
124,12.8771011759847,267.42781782953415,427.0577777777778,185,0.21081081081081082,True,372.0651156534214,930.16
1422,11.427736434447027,351.9864970541806,419.40722222222223,257,0.21011673151750973,True,371.4784702796311,928.7
1348,16.18716977683257,235.1865308069065,442.6044444444444,313,0.15654952076677317,False,370.95931158241564,927.4
1685,12.303048289146307,310.00163047338407,422.71722222222223,237,0.16877637130801687,True,370.7101182456843,926.78
1363,12.10986371069628,254.31981872121105,421.5291666666667,160,0.21875,True,370.4825590824996,926.21
13,8.542772995603777,218.21975696709632,405.0375,268,0.26492537313432835,True,370.4360658279314,926.09
779,12.972407127166534,270.7628730422836,424.9955555555555,167,0.2275449101796407,True,369.8634018165256,924.66
804,9.804370824986865,240.26810991460673,409.99444444444447,247,0.20242914979757085,True,369.7970687492664,924.49
769,12.196032208186944,267.7091574837254,421.0166666666667,152,0.28289473684210525,True,369.66933839816494,924.17
677,9.24539736987095,212.97459398929269,407.2677777777778,239,0.20920502092050208,True,369.6142533627792,924.04
1642,10.055680076181854,289.23611120726326,410.66305555555556,242,0.23140495867768596,True,369.36809249781595,923.42
760,12.880621809291618,311.44461720260387,423.6877777777778,177,0.1864406779661017,True,369.11415747003036,922.79
1173,10.957648006468817,334.7599074619284,414.1977777777778,240,0.275,True,368.811443238273,922.03
480,11.240187039237671,268.39243751029096,415.4319444444445,248,0.18548387096774194,True,368.73661686814705,921.84
1383,13.257996196614737,367.6279519463116,424.5666666666666,241,0.3070539419087137,True,368.277634147906,920.69
434,15.102379598816972,201.8596839037162,433.2027777777778,387,0.14728682170542637,False,367.7788498451582,919.45
1657,11.453665522324942,212.44136323481828,415.10055555555545,204,0.2107843137254902,True,367.5563263409095,918.89
655,14.959698530480562,217.68967976742476,431.8644444444444,414,0.0966183574879227,True,367.25882549522083,918.15
796,11.74174579035919,338.02165034445636,414.24666666666667,210,0.24761904761904763,True,365.6068761216301,914.02
597,10.84821298123191,327.2026134339557,410.0108333333333,157,0.2356687898089172,True,365.53198488720955,913.83
53,10.080108100917842,193.32312111233958,406.405,224,0.28125,True,365.4389366724648,913.6
1097,11.739797163886601,286.6608809861397,413.18944444444446,272,0.20588235294117646,True,364.68184176407675,911.7
654,14.996250747526608,224.02484833184383,429.00916666666666,600,0.13166666666666665,True,364.673876303459,911.68
1034,14.888544423839571,213.35810556124292,428.1722222222222,212,0.20754716981132076,True,364.4236107061256,911.06
364,12.784092166216077,256.1999584110817,417.7630555555556,402,0.1417910447761194,True,364.3558414969329,910.89
257,14.889795814268671,232.2665714764835,427.56055555555554,423,0.12293144208037825,True,363.89766185098057,909.74
651,11.706562326110609,230.52004643439236,411.24777777777774,149,0.28859060402684567,True,363.10480035747736,907.76
1249,15.089630811570647,239.60311426108245,426.54499999999996,476,0.13445378151260504,False,362.180934254786,905.45
1616,11.17319278748295,294.9163003633705,407.55527777777775,215,0.2186046511627907,True,362.018340876105,905.05
454,15.92905993337133,228.0109611237854,430.57500000000005,243,0.26337448559670784,False,361.98845019188644,904.97
1002,11.239917863593291,322.48337046620964,407.37,171,0.22807017543859648,True,361.58194659908,903.95
37,15.253257553453478,301.4719944758933,426.5072222222222,181,0.16574585635359115,False,361.45097713258644,903.63
1499,15.640386468433052,368.17846094061326,427.2736111111111,282,0.2801418439716312,False,360.4463670557036,901.12
918,9.540772769452756,238.43427161225196,398.41999999999996,189,0.19576719576719576,True,360.4076531319463,901.02
569,9.713519781509161,291.6383534347564,399.1455555555556,224,0.22767857142857142,True,360.374473059652,900.94
1480,14.326940829905944,237.66225612800105,419.65138888888885,620,0.12096774193548387,True,359.5281827108993,898.82
1534,13.772766448314377,401.04282305753617,416.8758333333334,320,0.215625,True,359.4604984288691,898.65
865,12.291067084624043,349.22860815161687,409.73499999999996,224,0.22767857142857142,True,359.3741962808156,898.44
1441,13.233802500015681,338.3442038926312,413.7830555555556,229,0.2096069868995633,True,359.02382320480325,897.56
1049,14.794466194657613,230.2069860112073,421.1436111111111,422,0.16113744075829384,True,358.83766193431745,897.09
1641,12.796606809617469,298.93784978543664,410.89472222222224,215,0.22790697674418606,True,358.31414021797457,895.79
460,14.790592632642891,250.5758251979446,419.83000000000004,347,0.15273775216138327,True,357.7346549503754,894.34
141,14.512215549286424,238.5313893693849,417.9947222222222,471,0.12314225053078556,True,357.33442714869227,893.34
1214,17.43175822910385,278.0254055726914,432.7383333333333,313,0.11182108626198083,False,357.3044333020131,893.26
1016,13.255338012849498,195.09294413381912,411.6897222222222,383,0.10704960835509138,True,357.1188579775055,892.8
1438,11.63065925114846,229.36146531190772,403.9502777777777,226,0.2168141592920354,True,356.96819742537673,892.42
1639,11.64966190699752,244.30089546356785,403.53694444444443,159,0.2893081761006289,True,356.5262547468382,891.32
180,14.911291105278929,219.50452714949898,418.7680555555556,407,0.15233415233415235,True,356.3243317357505,890.81
297,14.095136528160584,196.42340286968937,413.15472222222223,448,0.140625,True,354.9200000524574,887.3
570,12.23242218445737,325.9868507989151,404.3166666666666,214,0.2897196261682243,True,354.8589450378747,887.15
1568,11.065205064277622,337.723305702377,398.7588888888889,249,0.23293172690763053,True,354.6354001212984,886.59
1377,12.09951441540792,229.30695733976663,403.0391666666667,488,0.11885245901639344,True,354.2733845960934,885.68
1465,16.500211029837686,317.13154869497043,424.13305555555564,288,0.11458333333333333,False,354.15020634159026,885.38
937,11.859336411807744,408.6935762999379,401.7980555555555,221,0.2986425339366516,True,354.14747245112,885.37
1485,10.579735583730542,264.88628357452296,395.45472222222224,233,0.24892703862660945,True,353.616658257735,884.04
1607,16.51461634407361,276.39410979539895,423.50166666666667,299,0.14381270903010032,False,353.5619912059092,883.9
1229,14.095567159013191,229.73746651055717,411.35999999999996,409,0.13691931540342298,True,353.3764749346833,883.44
1050,12.649200894795655,239.79325167951262,403.94555555555553,237,0.22784810126582278,True,352.8496707277349,882.12
603,16.199722244798647,205.62585529886152,421.02666666666664,395,0.10632911392405063,False,352.82151609013243,882.05
1470,14.764947017687065,285.47958100392555,413.4625,221,0.25339366515837103,True,352.41498093699556,881.04
59,11.526629495238506,270.8731784732704,397.08277777777784,187,0.25133689839572193,True,351.31251719393214,878.28
611,13.521996217476334,223.77598807896217,405.995,176,0.1875,True,351.09637145685696,877.74
15,13.995524134906807,371.5642966434381,406.69,274,0.1678832116788321,True,349.7716028957475,874.43
489,15.020088555592771,280.6376183562447,411.57694444444445,338,0.15384615384615385,False,349.757722914486,874.39
525,17.803399654676394,294.37754360275335,424.13388888888886,322,0.11490683229813664,False,348.6236375790789,871.56
578,13.042658770552828,272.6021519629905,400.6775,261,0.2222222222222222,True,348.4185009046182,871.05
1469,12.22784242855317,308.55017869741175,396.4863888888889,194,0.26288659793814434,True,348.004658004895,870.01
1145,8.902672142473854,282.8037555736487,381.47416666666663,254,0.2283464566929134,True,347.512772300099,868.78
1151,11.54492396462387,235.65667249345873,392.8508333333333,180,0.23333333333333334,True,347.49650333060873,868.74
811,15.118542052521343,245.1520329755416,409.38666666666666,378,0.1455026455026455,False,347.4933713092513,868.73
1490,14.420344358785139,221.81295723271683,405.3283333333333,378,0.14285714285714285,True,346.87859188294215,867.2
307,12.6905110498453,478.20605303672085,396.1269444444444,143,0.23776223776223776,True,345.85641078830764,864.64
108,11.997104850478276,250.61525023855162,392.79999999999995,265,0.18867924528301888,True,345.6753721473213,864.19
573,13.685874810493779,239.6628324471437,400.3658333333333,442,0.1244343891402715,True,345.5722665993431,863.93
438,10.231632081719214,327.67735889341117,384.0272222222222,216,0.2638888888888889,True,344.73496975079814,861.84
1191,10.257650456458357,332.4280098672374,382.87777777777774,267,0.2958801498127341,True,343.6035136578779,859.01
606,13.930790706281089,224.74688290537583,399.07916666666665,485,0.12989690721649486,True,343.48428320596264,858.71
1241,13.510699993155498,211.81869907687496,397.0488888888889,203,0.2660098522167488,True,343.40480468495383,858.51
1183,12.637558490936911,211.82632527867491,393.00972222222225,204,0.23039215686274508,True,343.34288870132025,858.36
1134,12.998759447211505,314.708185728183,394.5861111111111,369,0.14905149051490515,True,343.2948117156711,858.24
1112,12.127608141632006,267.01312356229306,389.45777777777784,439,0.16173120728929385,True,342.22586461178093,855.56
874,17.50226029662739,348.37177034293046,413.81416666666667,127,0.2677165354330709,False,341.3873340723472,853.47
542,14.355226868907446,397.3191366616529,398.42611111111114,196,0.23979591836734693,True,341.2311389561459,853.08
1271,12.80677009831144,241.21712289560642,391.15777777777777,429,0.1282051282051282,True,341.06310045611383,852.66
1275,14.363569082513868,230.31479602878088,395.45416666666665,507,0.1222879684418146,True,338.65283424782046,846.63
1561,11.632536249507273,295.69493196180537,383.19444444444446,215,0.25116279069767444,True,338.61921178834643,846.55
960,10.209442824757744,226.52491911206707,376.895,143,0.3356643356643357,True,338.4161204656293,846.04
1495,13.00608444628986,309.1450656693277,388.91833333333335,211,0.2132701421800948,True,338.33528647289694,845.84
531,13.321473845781096,312.78167507845353,388.6394444444444,167,0.2754491017964072,True,336.86694249838877,842.17
1286,12.862073492782129,268.41922516793795,386.51027777777773,301,0.2159468438538206,True,336.79704179284363,841.99
1609,13.043905958853895,395.6304303394141,387.1725,179,0.22905027932960895,True,336.6700832014564,841.68
1226,12.337139145657458,446.01906807792534,383.1827777777777,145,0.2827586206896552,True,335.9089853011378,839.77
1440,16.19785062402728,306.3903342107067,400.3719444444444,168,0.19642857142857142,False,335.5202949428198,838.8
1157,13.288209092400994,347.3410492891382,386.58361111111117,174,0.25862068965517243,True,335.2135725497124,838.03
1335,12.518586079313575,237.75082600362225,382.71083333333337,172,0.28488372093023256,True,334.8008482276417,837.0
167,10.413706360603037,269.22992465218846,373.3911111111112,199,0.20100502512562815,True,334.507257223407,836.27
580,12.401070423082468,251.39936608364403,381.6341666666666,303,0.2376237623762376,True,334.30744489978935,835.77
1424,10.90024800927576,283.98231391966715,375.15916666666664,231,0.21645021645021645,True,334.2658870704678,835.66
246,10.840823563291949,312.83091206196116,374.7133333333333,238,0.2689075630252101,True,334.0913219985366,835.23
1179,12.522531172050677,325.6658388781758,381.84416666666675,192,0.265625,True,334.0276118671763,835.07
1247,14.89932104276854,194.05250609164625,392.3911111111111,331,0.1027190332326284,True,333.92749972338004,834.82
1042,13.312224779621078,231.46675249750243,384.68305555555554,195,0.24615384615384617,True,333.47318251088535,833.68
830,11.450816977732387,307.4260124312081,376.5394444444444,273,0.2271062271062271,True,333.4226018121408,833.56
258,12.226093435865838,255.89486053467164,379.7008333333333,199,0.23618090452261306,True,333.2782546732388,833.2
1601,15.399416286698822,230.76982465490084,393.1213888888889,482,0.12033195020746888,False,332.5829897018367,831.46
452,16.534338191233907,206.30352347576473,398.37555555555554,275,0.10909090909090909,False,332.50679392879306,831.27
1153,17.574683686910824,319.9470249681061,403.29305555555555,333,0.12312312312312312,False,332.41557671038913,831.04
887,10.846398307028279,322.40809790728724,371.98027777777776,191,0.193717277486911,True,331.63381522640975,829.08
33,13.376058422034871,292.74264752011675,382.7919444444445,171,0.19298245614035087,True,331.5894703207123,828.97
693,13.619943359068385,289.45933784171734,383.6402777777778,246,0.21951219512195122,True,331.3886892418718,828.47
140,11.745541840868782,339.5668765016809,375.19749999999993,196,0.23979591836734693,True,331.1285206516063,827.82
852,9.42793417935625,218.39888741925913,365.41027777777776,221,0.21266968325791855,True,330.95963730428605,827.4
1427,9.164908522223547,206.66330647588128,364.0961111111111,260,0.2076923076923077,True,330.72703559480436,826.82
1578,8.964306031027,273.62866757429117,363.01111111111106,360,0.35555555555555557,True,330.4696841844796,826.17
642,12.441910984461526,320.3070109161507,376.8905555555556,195,0.26666666666666666,True,329.99816812449086,825.0
317,8.395809908501239,225.08290402200416,359.12916666666666,155,0.21935483870967742,True,328.97736450734874,822.44
1381,13.498080535465874,303.5325034566369,380.25166666666667,212,0.2641509433962264,True,328.92499046254875,822.31
151,9.948205027586745,449.6929584989067,365.0958333333333,252,0.2619047619047619,True,328.77535128615693,821.94
593,12.325443035477639,253.37041155801128,374.45388888888886,200,0.25,True,328.3007881197581,820.75
176,10.595602843919218,264.0815591696493,367.11333333333334,220,0.25,True,328.21546254626,820.54
1442,10.590311797201549,273.29338291522083,367.08500000000004,232,0.25,True,328.2095539392427,820.52
789,9.716073916659008,184.91214982917987,363.45972222222224,210,0.22380952380952382,True,328.14570695382764,820.36
905,12.73656634836509,311.23854443291947,375.7252777777778,247,0.22672064777327935,True,327.8707784860321,819.68
509,9.676627908239377,238.78847242924655,362.40194444444444,158,0.22151898734177214,True,327.3336567483312,818.33
99,15.407676806007576,369.73550629845533,386.6141666666667,146,0.17123287671232876,False,327.0459053804272,817.61
231,15.81103225197027,228.66878342390982,388.2311111111111,449,0.1603563474387528,False,326.84776492115077,817.12
278,11.694255010050552,263.59638532393586,370.03166666666664,173,0.24277456647398843,True,326.7592199487264,816.9
195,10.950397629294295,267.40121384041396,366.8380555555555,230,0.24347826086956523,True,326.6678298166507,816.67
713,12.289930316970308,234.52496694270448,371.6977777777778,189,0.19047619047619047,True,326.01637989916173,815.04
1580,12.87830274487024,272.5617251211987,373.78805555555556,201,0.24378109452736318,True,325.65049813694736,814.13
1133,11.977129586392358,320.07870815423485,369.84861111111104,245,0.2938775510204082,True,325.551363684861,813.88
1062,14.319425203121392,284.24777012673763,379.4277777777778,346,0.1994219653179191,True,325.09590093902324,812.74
582,9.942769817404061,236.89780741465893,360.94916666666666,211,0.26540284360189575,True,325.06082186716185,812.65
798,14.858726228272863,258.2756787577823,381.5594444444444,450,0.13777777777777778,True,324.8645711963255,812.16
1528,12.338868176794453,263.7593396169034,370.3572222222222,263,0.21673003802281368,True,324.65933278898456,811.65
1717,15.604038728789146,241.22117904458904,384.4886111111111,332,0.1144578313253012,False,324.49285932554983,811.23
850,11.080379437829802,340.58304662086925,364.82694444444445,231,0.2077922077922078,True,324.4027347085595,811.01
1154,8.834996898370425,218.76345357121133,355.40694444444443,169,0.27218934911242604,True,324.0067519261847,810.02
1194,9.953763309624433,373.11260065594826,359.705,320,0.296875,True,323.9008156871154,809.75
1632,11.722064832186371,327.11172741170697,366.2475,183,0.2896174863387978,True,323.3157306037382,808.29
1150,9.48299082128961,257.4148803436714,356.85916666666674,211,0.24644549763033174,True,323.01824464673615,807.55
631,8.669452887666054,229.00300905890546,353.46916666666664,155,0.3032258064516129,True,322.82532379007415,807.06
238,14.134274877123598,246.56432313424162,375.44083333333333,269,0.15985130111524162,True,322.37499394903654,805.94
1340,10.377577550462002,318.2759407051788,359.4533333333333,238,0.18907563025210083,True,322.150784908946,805.38
1498,13.857769973387127,284.2018193777044,373.4894444444445,197,0.18781725888324874,True,321.73213635845184,804.33
1216,10.48544457584688,287.15501426653964,359.30666666666673,182,0.31868131868131866,True,321.63176527601047,804.08
1101,13.194671844328592,336.60761388738996,367.72055555555556,177,0.327683615819209,True,319.201034945858,798.0
493,10.241748729730089,255.290455722718,355.5430555555555,236,0.21610169491525424,True,319.1292291795508,797.82
848,10.76770491806348,245.78770073382964,357.53611111111104,210,0.29523809523809524,True,319.03767769114705,797.59
1258,16.72549622618701,212.26724664297512,382.04027777777776,341,0.1378299120234604,False,318.1421455355412,795.36
1056,14.72279589147146,247.0221351374282,372.8055555555556,329,0.1094224924012158,True,317.9181545390449,794.8
1416,11.541586430360615,245.42488174932407,359.3922222222222,222,0.18468468468468469,True,317.9126582704507,794.78
1450,9.820457547398775,299.1208612569856,352.26,226,0.16371681415929204,True,317.66645624353305,794.17
496,9.884369612166878,241.76853124728657,352.46888888888884,221,0.2171945701357466,True,317.62956114321327,794.07
1435,10.724378550459345,327.77701265220946,355.7602777777778,276,0.19202898550724637,True,317.6071988567232,794.02
346,10.845812086543384,244.1670727488874,356.21194444444444,185,0.1837837837837838,True,317.5778663201777,793.94
370,15.999407588104647,226.12668136077752,377.7125,564,0.11347517730496454,False,317.2807376137802,793.2
1464,10.83766544110173,309.96866399670523,355.71277777777783,225,0.2,True,317.1618169909726,792.9
136,13.327985289060052,428.23568209848617,365.8986111111111,252,0.2777777777777778,True,317.13169804934716,792.83
429,13.774122294618717,216.57490502806337,367.69499999999994,289,0.17993079584775087,True,317.04824102880167,792.62
1138,13.654077215690663,298.3959103681471,367.15444444444444,393,0.13994910941475827,True,317.0228930991599,792.56
674,13.378940414545319,247.14566508170617,365.66055555555556,443,0.13769751693002258,True,316.73904770828244,791.85
1713,13.64292575514123,279.02843588374935,366.3558333333333,188,0.2925531914893617,True,316.3741789920377,790.94
34,12.822293462775376,392.65785173434483,362.59,173,0.3063583815028902,True,316.09764613332277,790.24
1314,15.276686562729736,210.63105984406135,372.9947222222222,264,0.16287878787878787,False,316.0134876128089,790.03
1105,11.910622498808058,244.50089489515423,357.92527777777775,146,0.2328767123287671,True,315.2941491138565,788.24
1182,10.163045853631077,208.73162107862714,349.5952777777778,193,0.26424870466321243,True,314.0657493950933,785.16
1270,15.138883526520434,267.6401812941168,369.28694444444443,353,0.13031161473087818,False,313.3810240463538,783.45
638,10.663978391236464,215.91877191294714,350.74694444444447,188,0.2978723404255319,True,313.34336608096675,783.36
345,17.434862824288825,234.8675375195579,379.4063888888889,294,0.14285714285714285,False,313.2574054395233,783.14
1584,9.392716629702315,246.10094993304486,345.37111111111113,179,0.3240223463687151,True,312.93138132359013,782.33
1554,11.285363837194565,239.99951210278903,352.4566666666667,209,0.23923444976076555,True,312.68064946488533,781.7
1118,14.067109341774158,230.991766351792,363.21861111111104,205,0.22926829268292684,True,312.1242519364376,780.31
795,12.654137666628637,292.49943002349266,356.62861111111107,206,0.3058252427184466,True,311.5003357025254,778.75
126,11.42976750591328,323.87967071741303,350.7433333333333,157,0.2929936305732484,True,310.65418579084286,776.64
216,7.997906210304321,251.82169872517528,337.34277777777777,186,0.3387096774193548,True,310.3624188038758,775.91
731,10.44993384627783,202.38068249574397,346.52277777777783,221,0.2579185520361991,True,310.3113767377157,775.78
1712,11.341903927334055,274.9300045685884,349.5575,181,0.2154696132596685,True,309.9110241792093,774.78
9,10.47163126970662,231.1332527087388,346.1622222222222,195,0.19487179487179487,True,309.9133907160887,774.78
912,12.327003253932014,252.5842231645972,353.3566666666667,194,0.21649484536082475,True,309.79837886868097,774.5
1360,11.250434912136955,307.47688178599077,349.0361111111111,210,0.18571428571428572,True,309.76803061070154,774.42
952,16.496020892971735,298.3320523915595,370.05861111111113,116,0.1896551724137931,False,309.01366530598125,772.53
1219,9.863109896698601,332.6597832698644,342.2497222222222,229,0.27510917030567683,True,308.4932559982987,771.23
193,12.263929119707598,222.15638869581142,351.3752777777778,345,0.17971014492753623,True,308.28286276693547,770.71
623,9.79962955195466,423.26228169585784,341.7680555555556,289,0.3079584775086505,True,308.27605218419257,770.69
146,10.958895775700388,236.31938653236466,345.71750000000003,197,0.29949238578680204,True,307.83067949664303,769.58
19,14.74518520772023,269.1300475576793,360.7344444444444,145,0.20689655172413793,True,307.54348250307044,768.86
567,11.253034578294038,236.3243933124919,345.82888888888886,208,0.21153846153846154,True,306.9126444404921,767.28
1504,11.388681567069241,327.3970681546656,346.3280555555555,159,0.13836477987421383,True,306.8858561309106,767.21
1476,17.401630395850407,258.52271052614657,371.4658333333333,172,0.23837209302325582,False,306.824721969801,767.06
1570,14.757605247835455,210.63736167258975,359.49194444444436,339,0.14749262536873156,True,306.4395423855653,766.1
826,12.221127280702119,398.1201011799433,348.9338888888889,177,0.23728813559322035,True,306.29023420227406,765.73
599,10.660973006150856,385.94377440272035,342.56333333333333,151,0.25165562913907286,True,306.0427488376961,765.11
1533,15.315698719834856,201.97418334671784,361.2944444444445,399,0.11779448621553884,False,305.9596758418322,764.9
1221,10.785633219576942,285.0010216481203,342.7697222222222,247,0.23076923076923078,True,305.7998371955706,764.5
235,12.23644268503245,332.6047454148154,348.3036111111111,216,0.28703703703703703,True,305.68363936760164,764.21
919,10.72043727717771,280.0928429988634,342.29083333333335,206,0.21844660194174756,True,305.59575924030446,763.99
1517,16.05580161972562,236.3112737788149,363.3652777777778,281,0.14590747330960854,False,305.0240696228129,762.56
967,12.99516424263903,298.5072753352678,350.13472222222225,221,0.2171945701357466,True,304.6341399989366,761.59
803,12.675234748081744,255.9256699212181,348.605,174,0.2413793103448276,True,304.41849790644966,761.05
1137,17.027102454039177,202.34318573418648,366.6052777777778,334,0.1467065868263473,False,304.18302152864067,760.46
875,12.712728945966541,229.2140330164068,348.4327777777778,226,0.24336283185840707,True,304.137463179987,760.34
303,10.888687244373106,255.87155111191905,341.2325,162,0.2716049382716049,True,304.07676029884453,760.19
272,12.020689404064594,343.2870281843255,345.56111111111113,159,0.27672955974842767,True,304.02228324320987,760.06
957,16.38423003196042,256.56380724615906,363.1191666666667,283,0.127208480565371,False,303.62488710986224,759.06
157,11.483718558925496,203.75371805719706,342.8944444444444,136,0.2867647058823529,True,303.51741149025327,758.79
1676,9.88031667600446,290.09391290076604,336.3961111111111,214,0.21962616822429906,True,303.15911004756947,757.9
858,9.736022937715063,246.52549315318882,335.06388888888887,205,0.23902439024390243,True,302.44199181066654,756.1
1386,15.97466211331282,269.7604101037588,359.8927777777777,342,0.09064327485380116,False,302.40112255756196,756.0
541,12.285370283585141,290.49161691659094,344.6252777777778,145,0.25517241379310346,True,302.28678631194396,755.72
1467,12.540166319110002,274.12871564422375,345.2180555555555,170,0.27647058823529413,True,301.9271372252913,754.82
36,12.39489009192311,222.90303511729368,344.1797222222222,184,0.18478260869565216,True,301.51902393409154,753.8
519,12.991284937017738,208.06544980198882,346.17555555555555,522,0.13984674329501914,True,301.2029027510292,753.01
294,12.208436595815584,227.33606818446233,342.6238888888889,203,0.13793103448275862,True,300.79486865177125,751.99
252,14.64022249515675,309.5710558345229,352.25805555555553,202,0.24257425742574257,True,300.68669246510933,751.72
1296,10.230195527622291,335.95122246192255,334.94555555555553,138,0.2536231884057971,True,300.67997031114146,751.7
1638,13.094513990771604,260.60581421398837,345.4486111111111,203,0.2512315270935961,True,300.21379439824045,750.53
869,10.285472677735198,347.9610698256445,334.5244444444444,155,0.22580645161290322,True,300.1170241107656,750.29
1617,12.278943175948324,212.63720374172485,342.0883333333333,187,0.16042780748663102,True,300.08350127178466,750.21
164,11.280183903568934,309.2046374286156,338.12805555555553,138,0.2753623188405797,True,299.9865890593272,749.97
718,15.608819639613195,219.09179182254832,355.47027777777777,414,0.14251207729468598,False,299.9855632470124,749.96
1426,10.532825638886958,226.96776096149813,335.00416666666666,239,0.2301255230125523,True,299.7187619086604,749.3
305,9.153246424329751,277.3962524497601,329.85749999999996,223,0.18834080717488788,True,299.6648301758664,749.16
1091,11.447193360033433,334.8641654022036,338.1569444444445,193,0.26424870466321243,True,299.44746515350806,748.62
1337,12.048473667707938,265.1786551701292,340.38250000000005,162,0.22839506172839505,True,299.3716041180141,748.43
802,14.425181206987247,235.19499290145154,349.6097222222222,390,0.19230769230769232,True,299.1778862744219,747.94
367,13.650639897586013,262.3358898904168,346.2161111111111,331,0.20241691842900303,True,298.95539651590707,747.39
1709,12.242758379638161,255.63552725233035,340.22055555555556,211,0.2796208530805687,True,298.5681749810263,746.42
1102,9.120634634627546,271.0302904444687,328.4352777777778,230,0.29130434782608694,True,298.4798960804426,746.2
495,12.876496339061504,382.1122988710226,342.28222222222223,217,0.22119815668202766,True,298.2082644085194,745.52
980,11.704002151057566,311.48920236130755,337.3363888888888,160,0.3,True,297.8545306770333,744.64
1010,10.465806325419498,319.3699346156588,332.62083333333334,169,0.1952662721893491,True,297.8093811186703,744.52
1439,11.43321951676524,383.0094636910328,336.2388888888889,298,0.3288590604026846,True,297.7959586214899,744.49
1345,11.389080602613948,344.7147409703588,336.0416666666667,199,0.27638190954773867,True,297.76961039163274,744.42
1316,12.756801195463229,311.30739164969447,341.2658333333333,210,0.23809523809523808,True,297.7312294269591,744.33
488,13.941528196330497,224.7139436170128,345.7558333333333,377,0.16180371352785147,True,297.5521863387092,743.88
992,9.866502097137918,232.44818997608414,329.68527777777774,222,0.24324324324324326,True,297.15687293187835,742.89
1029,15.572250400889075,266.94046824411794,351.77,243,0.12757201646090535,False,296.9914947647925,742.48
680,17.877249507848294,188.69448770866776,361.61694444444447,365,0.11506849315068493,False,296.969781023454,742.42
517,12.239252622609207,235.19402625405547,338.34138888888884,200,0.225,True,296.9309315759331,742.33
1387,9.505675824109725,232.76594680910574,328.1091666666666,191,0.24607329842931938,True,296.9201729341454,742.3
470,12.835745353656588,291.26120155255364,340.6294444444444,168,0.2261904761904762,True,296.90711635598035,742.27
1613,13.109322074620472,232.48047396122232,341.6663888888889,400,0.1,True,296.8762415487191,742.19
384,12.710064741030312,395.2410425400266,339.62361111111113,161,0.2670807453416149,True,296.4572302630639,741.14
24,9.907668828504564,292.90531615082546,328.8588888888889,152,0.2565789473684211,True,296.27663926467795,740.69
7,18.469567667376,234.50391282084132,363.35999999999996,168,0.20238095238095238,False,296.24897892382256,740.62
627,10.730558294524599,252.12144020148406,331.7544444444444,195,0.21025641025641026,True,296.15534038865707,740.39
1011,12.693269701751868,293.1773436676619,338.92833333333334,219,0.2465753424657534,True,295.9072458876808,739.77
709,13.88738310972217,296.7409151196658,343.59277777777777,179,0.20670391061452514,True,295.8767323904414,739.69
823,15.589920713250383,213.52571884077832,350.2761111111111,444,0.12162162162162163,False,295.6683431114321,739.17
913,11.857015051870592,269.5109639394065,335.36972222222215,177,0.2542372881355932,True,295.6048837789167,739.01
1089,8.432435283004752,240.5652088857969,322.24499999999995,183,0.21311475409836064,True,295.0718989222813,737.68
1460,11.273935655346486,197.85769214665825,331.0936111111111,185,0.23783783783783785,True,293.7663304354813,734.42
1585,10.394268282397086,241.45016533959642,327.69222222222226,172,0.20348837209302326,True,293.63101350389564,734.08
1207,12.5463253924069,205.05110767009873,335.5849999999999,184,0.24456521739130435,True,293.48141393189127,733.7
1127,10.067498847224508,276.17903151972916,326.3233333333333,189,0.21693121693121692,True,293.4707355117754,733.68
544,12.166514726110432,411.2935088781288,333.9747222222222,210,0.2523809523809524,True,293.3416384615691,733.35
1605,13.385241916076474,241.08463908092094,338.65083333333337,357,0.1484593837535014,True,293.32160004085773,733.3
1251,11.325444308521428,205.43377893087776,330.59333333333336,183,0.20218579234972678,True,293.1521694789821,732.88
314,12.566770986759614,279.3633817769244,335.27166666666665,293,0.24573378839590443,True,293.1388441331746,732.85
69,12.016610131564512,421.3886742861048,332.89750000000004,180,0.2611111111111111,True,292.8945052872751,732.24
600,10.261651065327543,264.1478397920142,325.5372222222222,157,0.2611464968152866,True,292.1317283900178,730.33
733,11.541568516144315,242.8759604672073,330.1963888888889,178,0.29775280898876405,True,292.08654642744347,730.22
100,9.170423362953136,282.9572228203484,321.3977777777777,184,0.25,True,291.9242408764322,729.81
692,17.33600690733159,236.21129712378578,353.09944444444443,214,0.14953271028037382,False,291.88610036580604,729.72
946,14.47384541180204,238.67783377352598,341.04722222222216,186,0.25806451612903225,True,291.6845744965327,729.21
581,14.855799303688435,228.718017810316,341.81527777777774,462,0.11904761904761904,True,291.03588612176594,727.59
1397,16.525806502090358,206.4326214680861,348.0238888888889,220,0.11818181818181818,False,290.51013443006116,726.28
428,11.006054064079711,337.90430086290473,325.53416666666664,229,0.27510917030567683,True,289.70570028628197,724.26
513,9.251143434935413,261.9032620532268,318.7416666666667,192,0.3072916666666667,True,289.25441789642963,723.14
1372,12.525283889856368,264.25114960697374,330.6533333333333,213,0.30985915492957744,True,289.23806464206024,723.1
622,13.198468345716977,249.17555003615,333.0986111111111,354,0.12429378531073447,True,289.1346963635882,722.84
42,16.58117666216781,220.27854489352367,346.5816666666666,306,0.13071895424836602,False,289.11434823798106,722.79
1454,11.519708504573991,266.09704764607704,326.4636111111111,151,0.2913907284768212,True,288.8559547376051,722.14
60,12.659943561086068,265.27904496250153,330.6305555555556,107,0.2803738317757009,True,288.77291382651697,721.93
1482,12.750267706982457,324.4449982567379,330.9225,174,0.2988505747126437,True,288.728995347361,721.82
1094,13.301925336512369,253.84507270940813,333.0058333333334,378,0.12169312169312169,True,288.70964601710256,721.77
301,11.028038892771306,312.89241600556676,323.7480555555556,163,0.3006134969325153,True,288.0449940742981,720.11
748,11.875609838776645,273.0763425653028,325.0075,238,0.21428571428571427,True,286.410877353238,716.03
1055,11.584550915322009,250.43971811576367,323.65250000000003,173,0.24855491329479767,True,286.1588113487875,715.4
1315,14.03085625471451,208.17813854250517,332.5644444444444,268,0.16044776119402984,True,285.9028052901545,714.76
177,9.215524547636967,272.73155039727857,314.835,171,0.30994152046783624,True,285.82130329044713,714.55
724,13.674759931675208,228.84862777771147,330.8736111111111,450,0.14666666666666667,True,285.627439114402,714.07
74,13.09111464952256,198.7292611077527,328.3522222222222,272,0.12867647058823528,True,285.367256356856,713.42
909,13.992041140442899,237.2613163783034,331.67499999999995,334,0.19461077844311378,True,285.266897547436,713.17
1185,13.21793838299815,226.62893810731924,328.5711111111111,433,0.09699769053117784,True,285.14078410011206,712.85
1338,11.011966298803749,247.971445904706,320.1841666666667,105,0.2857142857142857,True,284.92559413922777,712.31
839,11.579065538720066,321.9056304924548,321.87833333333333,170,0.23529411764705882,True,284.60783016172684,711.52
1323,15.035915896144111,234.8685298459682,334.5175,308,0.12012987012987013,False,284.2197300421161,710.55
1540,10.001745019312938,239.70830154676827,314.88888888888886,193,0.27979274611398963,True,283.39450512807457,708.49
172,11.735022975118675,351.83340843590275,320.61,173,0.27167630057803466,True,282.986342839472,707.47
630,13.018110011335194,244.56413703064126,325.1416666666666,162,0.18518518518518517,True,282.81436680731116,707.04
1079,10.306435176148447,297.3129521082656,315.2888888888889,200,0.22,True,282.79384393795686,706.98
312,11.283763066006935,271.38665322194447,318.2097222222222,168,0.2976190476190476,True,282.3036911136678,705.76
574,11.908132988409722,256.29155685870217,319.91305555555556,219,0.2648401826484018,True,281.8173834527149,704.54
353,10.009948046842204,316.30350349547894,313.02805555555557,120,0.30833333333333335,True,281.6941098224041,704.24
1653,16.25681560671882,276.3709444542632,336.2361111111112,225,0.16444444444444445,False,281.57482652457566,703.94
316,11.574975505396145,230.3008637522358,317.91499999999996,161,0.19875776397515527,True,281.1164166220198,702.79
337,10.483757513180622,278.73566191494797,313.5511111111111,187,0.27807486631016043,True,280.67917294233865,701.7
505,11.089039409464508,241.86594628678523,315.53499999999997,244,0.22950819672131148,True,280.54519949934615,701.36
547,11.824952780089715,262.55734942980416,318.10583333333335,177,0.23728813559322035,True,280.48996875095577,701.22
1128,13.751958878561679,313.09415948070244,325.1875,197,0.16751269035532995,True,280.4678487217773,701.17
1274,9.879715781795985,289.0115634526547,311.1005555555556,188,0.2553191489361702,True,280.3647048710784,700.91
1170,20.83513421526297,298.2839946999802,354.04583333333335,175,0.2742857142857143,False,280.2799087747871,700.7
883,12.526981533427625,251.4490638914586,320.12638888888887,333,0.16516516516516516,True,280.02421526914907,700.06
888,11.937221772197415,199.32242871565072,317.7283333333333,169,0.3254437869822485,True,279.80039755022665,699.5
466,12.801995991900716,432.6488462911666,320.2197222222222,190,0.25263157894736843,True,279.2252062180577,698.06
608,11.077494116973115,266.29080246766904,313.55777777777774,168,0.27976190476190477,True,278.82343339113277,697.06
571,13.617991994860574,244.5877970947936,322.5105555555555,202,0.21782178217821782,True,278.5910939174196,696.48
546,11.53927339987978,254.29252892244813,314.6216666666667,146,0.3013698630136986,True,278.3166123747416,695.79
388,9.573239668592832,214.7035512422567,307.75166666666667,161,0.2111801242236025,True,278.2898620325778,695.72
1536,12.047538277729714,290.010541629532,316.2025,211,0.23222748815165878,True,278.1078827773617,695.27
1098,7.760944396257736,200.24236916390296,301.41194444444443,195,0.24102564102564103,True,278.0195310324318,695.05
378,10.089728953690859,271.5208439405085,309.2044444444445,199,0.3065326633165829,True,278.0065540872344,695.02
73,8.150622425504112,191.27980681032545,302.4769444444445,173,0.26011560693641617,True,277.823190778576,694.56
1087,12.111863328016298,322.8515852620967,316.09305555555545,151,0.2119205298013245,True,277.8082966773159,694.52
490,16.73339154663232,213.47124650856549,333.1622222222222,297,0.12794612794612795,False,277.4128830923165,693.53
408,11.08696629161445,291.3535806450887,311.77500000000003,132,0.19696969696969696,True,277.2086108443191,693.02
1620,15.04242706035677,234.7729680538218,326.2877777777778,347,0.12680115273775217,False,277.2061767986966,693.02
437,10.957097840116381,200.4342112575598,311.19555555555553,225,0.24,True,277.0975540592396,692.74
1623,9.478373290386768,254.85394332642196,305.8547222222222,155,0.2,True,276.8646699237245,692.16
1267,12.141679488157653,260.0470117048337,313.6933333333334,173,0.2023121387283237,True,275.60569422428205,689.01
1224,15.591867633067261,291.0255354754429,326.09888888888895,221,0.17194570135746606,False,275.2539817804303,688.13
472,11.709863873752662,293.9340808641705,311.3861111111111,156,0.21153846153846154,True,274.9232213782278,687.31
1103,15.742858981415628,204.29065793793768,326.28166666666664,364,0.17032967032967034,False,274.9156040011207,687.29
940,9.282803463543226,216.82462257313935,302.8991666666667,201,0.263681592039801,True,274.7816323322898,686.95
1668,12.323544196307576,313.2144935643267,313.3305555555556,160,0.2625,True,274.7171260611306,686.79
1410,12.218805333674798,304.07752315073907,312.8958333333333,199,0.24623115577889448,True,274.6637005611538,686.66
783,17.096092572925663,261.22227179238956,331.2838888888889,135,0.25925925925925924,False,274.64728856525625,686.62
1298,13.379809099177072,193.6949689990191,316.95944444444444,332,0.16566265060240964,True,274.55087585596556,686.38
3,9.467031799718846,266.803003086173,302.95694444444445,132,0.25757575757575757,True,274.27591417443233,685.69
1291,14.89324810936865,239.87676073714096,321.9091666666667,340,0.14411764705882352,True,273.96643578819896,684.92
1047,10.25183173146319,304.26381374636804,305.01694444444445,252,0.24206349206349206,True,273.74712054754946,684.37
594,11.915218860871278,333.6291414192826,310.6097222222222,168,0.27380952380952384,True,273.5998940163001,684.0
1406,12.260073170214188,458.1659613189666,311.45444444444433,117,0.21367521367521367,True,273.26990166367136,683.17
237,13.302379601922755,322.1464278379204,315.116111111111,154,0.13636363636363635,True,273.1981698242943,683.0
1475,7.040307298042628,321.5273961965443,293.85138888888883,306,0.3431372549019608,True,273.1633481115448,682.91
1471,16.105823724911104,260.2620596827522,325.5444444444444,156,0.21153846153846154,False,273.11283007598104,682.78
1126,14.838841739388803,586.0542095734756,320.5872222222223,160,0.29375,True,273.015791679964,682.54
1461,12.441956714847818,327.059801588279,311.76500000000004,172,0.20930232558139536,True,272.9753336479547,682.44
145,16.95728569491387,194.6715462044916,328.1633333333333,300,0.12,False,272.51573935404747,681.29
1487,12.775258114581474,219.87447387877782,312.255,189,0.2751322751322751,True,272.3636177743136,680.91
1449,15.126603669405322,288.23994806644805,320.4608333333333,217,0.1935483870967742,False,271.9859931593264,679.96
1710,12.969105256152785,211.00580090045372,312.18444444444447,151,0.31125827814569534,True,271.6969152511087,679.24
1351,10.190733278088247,342.4224043031207,302.50972222222225,175,0.26857142857142857,True,271.68176329026994,679.2
867,11.906714927193413,419.1940332614786,308.14472222222224,175,0.2571428571428571,True,271.4548085840302,678.64
415,11.329501777261843,364.53172251026416,305.79361111111115,162,0.2037037037037037,True,271.14871850552464,677.87
720,11.464097912267103,276.3524409642101,305.7258333333333,212,0.17452830188679244,True,270.67712445690546,676.69
471,12.165846892476358,358.2371003534274,307.6527777777778,203,0.2857142857142857,True,270.22421187288285,675.56
137,11.699961494246384,324.07543986813465,305.41166666666663,233,0.21888412017167383,True,269.67861926773054,674.2
1677,11.04881483250546,184.22308091849519,303.13305555555553,168,0.25595238095238093,True,269.64044555110627,674.1
1695,13.06080773793882,387.72054339838763,309.90333333333336,184,0.27717391304347827,True,269.427454793203,673.57
154,8.279718560187698,306.0791580096788,293.7336111111111,174,0.3333333333333333,True,269.4132947944349,673.53
255,9.623189502947682,210.1405518553709,297.96,170,0.29411764705882354,True,269.2867445570171,673.22
930,11.541408434316118,245.60444470310358,304.26944444444445,144,0.2777777777777778,True,269.15246512028654,672.88
523,16.00217219859075,260.5683011455789,320.31416666666667,364,0.1401098901098901,False,269.0569421401857,672.64
1364,11.794927152086963,301.78508190925817,304.49861111111113,174,0.2413793103448276,True,268.583221751439,671.46
515,13.213913584979883,226.18206669038727,309.0375,173,0.3179190751445087,True,268.2015518048178,670.5
1604,13.027858843284355,321.80919985957297,307.99916666666667,124,0.24193548387096775,True,267.87346999484123,669.68
934,11.261557196746612,239.6913813866147,301.31444444444446,168,0.2976190476190476,True,267.38174594127406,668.45
412,12.559575484848695,306.72869574475106,305.7047222222222,196,0.28061224489795916,True,267.3095068739752,668.27
548,11.325468524602302,407.909862092923,301.3077777777778,207,0.21256038647342995,True,267.18326024337694,667.96
209,12.88312174479817,268.47665728646456,305.96583333333336,176,0.24431818181818182,True,266.54788252751376,666.37
486,10.63681206698032,399.59761799817073,297.9530555555556,175,0.28,True,266.26034898828567,665.65
917,12.094760521076587,280.05723024802126,302.5022222222222,200,0.275,True,265.9153028735095,664.79
447,10.948781008799175,198.8152503730759,298.5288888888889,191,0.225130890052356,True,265.84361459644305,664.61
1374,11.955071831257237,272.96723131278094,301.7486111111111,194,0.25257731958762886,True,265.6743479029567,664.19
516,12.150081018899948,337.7046876646945,302.25805555555553,231,0.23376623376623376,True,265.53345691940393,663.83
1690,9.893632023582551,287.04717084235,294.06555555555553,245,0.20816326530612245,True,264.9717915807851,662.43
205,10.54399705590993,326.9532866852024,295.8613888888889,193,0.2694300518134715,True,264.6657727548702,661.66
1074,13.20420732376712,220.81680087701542,304.8547222222222,269,0.15985130111524162,True,264.6010726637056,661.5
95,13.668028923508702,425.2754519184816,306.46166666666664,179,0.26256983240223464,True,264.5743974271998,661.44
564,10.752468600503017,248.07732150590007,296.43333333333334,164,0.2804878048780488,True,264.55943224524225,661.4
754,8.618993999031293,278.86810201862676,289.05527777777775,200,0.28,True,264.1416207322278,660.35
568,17.125898691427512,246.55371472377539,318.70888888888885,351,0.1737891737891738,False,264.12712745720347,660.32
785,10.980961202559312,191.9654860340507,296.6769444444444,127,0.2440944881889764,True,264.09896427806154,660.25
1727,12.96962935163318,371.94437599308816,303.31388888888887,186,0.26881720430107525,True,263.9752017279755,659.94
561,9.202683181501104,301.3794645675402,290.63666666666666,229,0.28820960698689957,True,263.8902950240579,659.73
210,9.789763967764383,268.34819881870243,292.34805555555556,173,0.2947976878612717,True,263.72787095231797,659.32
1535,13.44872208053622,403.78848666271296,304.37583333333333,111,0.17117117117117117,True,263.4411734280172,658.6
667,17.049583572299923,190.17412954947503,317.3263888888889,332,0.10240963855421686,False,263.22356101831633,658.06
391,13.036189762977422,285.565618168283,302.2425,325,0.13538461538461538,True,262.84159415563295,657.1
330,16.581364426255735,233.38137028656706,315.04583333333335,283,0.13427561837455831,False,262.8069355985991,657.02
1693,15.690581299406329,229.56497862901264,311.65944444444443,369,0.12737127371273713,False,262.75826593661077,656.9
614,15.861329855590125,250.5006581176761,312.28194444444443,320,0.10625,False,262.74987515666044,656.87
965,12.473300127592806,264.7478201350284,299.3938888888889,165,0.26666666666666666,True,262.0495905641061,655.12
1228,10.358985270818142,323.4407634653398,292.2,185,0.22702702702702704,True,261.93104503866937,654.83
212,14.198097792078206,241.46013693828704,305.1011111111111,167,0.2155688622754491,True,261.7825569908383,654.46
340,12.732536753818568,222.90744428164422,299.80805555555554,387,0.10077519379844961,True,261.63488469103567,654.09
194,11.179719015396506,308.1065554441652,294.5388888888889,206,0.21844660194174756,True,261.6102687200402,654.03
878,13.181190128552233,294.76750770851413,301.0197222222222,179,0.20670391061452514,True,261.3417403116713,653.35
1650,17.352488322451983,367.0860866887452,315.78499999999997,95,0.24210526315789474,False,260.98844475094495,652.47
1478,14.06550136954773,237.07445593883213,303.4861111111111,341,0.18475073313782991,True,260.7992679963906,652.0
94,11.942262269781708,233.0593021865426,296.1530555555555,399,0.18045112781954886,True,260.7856809411387,651.96
855,9.88935271445353,233.2365103557784,289.1761111111111,173,0.26011560693641617,True,260.5784655173933,651.45
698,14.15555090370494,222.88142107861555,303.4033333333333,254,0.16141732283464566,True,260.45492003979575,651.14
1113,16.881922823315264,299.37456014076105,313.34444444444443,289,0.1314878892733564,False,260.44587716218734,651.11
1582,15.197573798055616,215.34684743501668,306.8911111111111,298,0.16778523489932887,False,260.25110802032714,650.63
1516,10.433370948671941,299.5219946949332,290.46555555555557,138,0.32608695652173914,True,260.1602066663237,650.4
726,12.910894129963031,269.6734226127631,298.65861111111104,183,0.2185792349726776,True,260.09911402053746,650.25
719,11.010443444829498,260.00726065253207,292.0616666666666,326,0.3619631901840491,True,259.9043820343068,649.76
446,6.694871170724272,317.44620759126644,278.5111111111111,122,0.27049180327868855,True,259.8651510260695,649.66
983,12.106982076747089,404.40612422127253,295.3922222222222,175,0.19428571428571428,True,259.6291388216728,649.07
38,9.584097707515532,312.5144489580815,286.9561111111111,198,0.23737373737373738,True,259.4539570445354,648.63
851,10.71526557308133,254.14864257037246,290.5661111111112,192,0.1875,True,259.431180640181,648.58
1110,8.931562836545945,250.68342491048293,284.83333333333337,126,0.1349206349206349,True,259.39326518723834,648.48
1278,14.131373838277336,238.8162152524765,301.0127777777777,173,0.2658959537572254,True,258.4755368490169,646.19
230,15.056959761045015,273.1033917050569,303.82944444444445,280,0.15357142857142858,False,258.0819672522378,645.2
1162,9.066735403699893,205.03098202492606,283.51972222222224,191,0.2617801047120419,True,257.81373919102845,644.53
1702,12.41162235365761,306.0256697508581,294.28999999999996,173,0.23699421965317918,True,257.763836575421,644.41
242,12.277588431278204,200.35618761535335,293.7416666666667,197,0.30456852791878175,True,257.6772737821562,644.19
14,11.36280693183671,202.06559275180783,290.5427777777778,176,0.32954545454545453,True,257.5289628844935,643.82
1451,9.382830104741528,256.23538987007186,284.1483333333333,216,0.2916666666666667,True,257.487177971212,643.72
1081,12.517124719919895,229.95675643078633,293.79555555555555,166,0.1566265060240964,True,257.0207994450851,642.55
997,11.618883073700427,227.91174320086444,290.80388888888893,151,0.2847682119205298,True,257.01572506511525,642.54
1359,15.153440817249797,213.6432031481016,302.91805555555555,199,0.11557788944723618,False,257.0155472821806,642.54
583,13.704156661466023,324.96193488451917,297.59583333333336,164,0.29878048780487804,True,256.81283411533803,642.03
1324,17.284265700777908,170.79603612602278,310.15777777777777,275,0.09090909090909091,False,256.5492833750383,641.37
643,11.07722196688949,360.80373311329066,288.2894444444444,134,0.2537313432835821,True,256.35498277622077,640.89
1308,14.34873860491481,231.70110896315435,298.96944444444443,346,0.11271676300578035,True,256.0711003525451,640.18
306,11.908374060102561,276.16303340650677,290.4583333333333,153,0.2549019607843137,True,255.8694685112604,639.67
1400,10.057965436762252,227.58007890557374,284.32111111111107,173,0.19653179190751446,True,255.72419202613713,639.31
1076,15.123722564801845,285.16637332941923,301.2536111111111,181,0.1712707182320442,False,255.6928507502196,639.23
1146,10.046178070434514,283.6607080389372,283.70944444444444,216,0.27314814814814814,True,255.2074884529151,638.02
181,11.38483755852052,266.716154926331,287.9491666666667,183,0.2896174863387978,True,255.1666217905532,637.92
1413,12.683177732616308,283.26705790531446,291.49444444444447,208,0.20673076923076922,True,254.52368597485307,636.31
616,17.2529734527242,423.26541254142865,307.5255555555555,139,0.20863309352517986,False,254.46825309521293,636.17
683,13.353727019194743,286.5885120259489,293.5927777777778,174,0.26436781609195403,True,254.38719968526235,635.97
456,11.189707429399332,362.4981124805178,285.7808333333333,124,0.27419354838709675,True,253.802794194034,634.51
1689,13.232454798242511,227.56509799368774,291.9083333333333,175,0.17714285714285713,True,253.2816950726969,633.2
1541,10.977618997409117,286.78804237478863,284.45833333333337,204,0.2696078431372549,True,253.23158129362,633.08
35,13.379602155671012,267.64345480396287,292.25888888888886,194,0.17525773195876287,True,253.15581229097094,632.89
351,14.756821571112312,321.01020836155806,296.8152777777778,101,0.27722772277227725,True,253.01477684030976,632.54
1610,15.530727102017202,239.29002545878106,299.3944444444444,365,0.13150684931506848,False,252.89631031917722,632.24
968,11.54693599491301,316.93995282861425,285.74444444444447,170,0.3,True,252.7497163354247,631.87
343,11.440312290115942,354.8862619746112,285.24333333333334,136,0.3161764705882353,True,252.61060521326363,631.53
1436,11.307605243467615,310.0456456198189,284.68638888888887,112,0.25,True,252.49517585145028,631.24
329,11.80997894204957,241.77667151498963,286.25666666666666,209,0.2583732057416268,True,252.4498146131203,631.12
1408,14.468678134975146,211.38777576170713,295.0616666666666,337,0.09495548961424333,True,252.37014381697338,630.93
458,10.292262513976626,358.64334911551816,281.2597222222222,217,0.3225806451612903,True,252.31173326502963,630.78
1669,12.691099852363893,196.72793267662485,288.85777777777776,172,0.19186046511627908,True,252.19854876868058,630.5
204,10.023168661159389,212.427580663417,280.2902777777778,170,0.24705882352941178,True,252.196310495279,630.49
251,12.575801583516393,282.2313068312455,288.4461111111111,163,0.25766871165644173,True,252.17170050240856,630.43
589,12.346399833042012,191.83645950976674,286.6169444444444,158,0.2468354430379747,True,251.23007049408542,628.08
717,11.932306423888463,327.4057719197548,284.74,143,0.22377622377622378,True,250.76395068862,626.91
1462,11.8916057373716,299.5313802892998,283.3908333333333,107,0.22429906542056074,True,249.69111273748146,624.23
50,10.52773650603193,307.4518334746151,278.89611111111117,208,0.2548076923076923,True,249.53466340776336,623.84
510,11.578409976899403,287.97662330439596,281.6472222222223,195,0.26666666666666666,True,249.03695214478446,622.59
1389,16.879436168204958,361.7809650439139,299.4211111111111,136,0.2426470588235294,False,248.88051578698105,622.2
1237,14.448587380991377,259.5646509614817,290.7033333333334,261,0.12643678160919541,True,248.70080819721207,621.75
708,12.691880918204909,282.78269671156653,284.8044444444444,202,0.2079207920792079,True,248.65740350580046,621.64
866,13.406644096660976,222.0776495280773,287.1247222222222,154,0.22727272727272727,True,248.6309326003624,621.58
668,11.13823398374152,355.85398139208434,278.8097222222222,126,0.29365079365079366,True,247.75524299169132,619.39
224,9.866905750879305,237.0035603845595,274.4869444444444,191,0.24083769633507854,True,247.40357633764265,618.51
945,13.439474051404881,232.81487457003817,285.7697222222222,328,0.14634146341463414,True,247.3637745573948,618.41
675,10.057434284221662,235.04164645815953,274.88888888888886,192,0.3072916666666667,True,247.24211953426178,618.11
379,16.628256144539215,335.0560234084548,296.40583333333336,140,0.3,False,247.1187121393107,617.8
1040,13.235136571992907,229.35809765546236,283.7163888888889,264,0.17803030303030304,True,246.16613734231794,615.42
527,12.551392581726546,269.8956169632218,281.2219444444445,151,0.26490066225165565,True,245.92467417125732,614.81
1008,11.98831085179446,259.70666415491115,279.28777777777776,154,0.21428571428571427,True,245.80589080670885,614.51
929,9.151016455488998,270.75214309141234,270.18305555555554,176,0.2840909090909091,True,245.4585596817237,613.65
706,10.343591147761515,356.25486727561173,273.5063888888888,186,0.25268817204301075,True,245.21600625921553,613.04
1352,13.59030453592516,435.4378010277808,283.7733333333333,187,0.2192513368983957,True,245.2076731415873,613.02
1266,12.047255883196666,348.87699700230854,278.64833333333337,181,0.24861878453038674,True,245.07885560240393,612.7
1295,11.095281246234226,266.2975963687712,275.3394444444445,163,0.22699386503067484,True,244.78975870151456,611.97
900,10.29398564128861,283.02563135136825,272.75555555555553,201,0.24378109452736318,True,244.6781378308497,611.7
498,12.659151008567157,293.0384172229097,279.58305555555563,181,0.2430939226519337,True,244.19021435841162,610.48
323,15.262909802788384,357.9360211352287,287.6727777777778,138,0.21014492753623187,False,243.76554117837972,609.41
1305,19.39512361869968,215.20387722560784,302.11361111111114,244,0.11885245901639344,False,243.51830276719352,608.8
747,12.498610052445866,244.3791329478959,277.9208333333333,178,0.3089887640449438,True,243.18459212049197,607.96
1671,15.34977640240202,258.5046948226686,287.2644444444444,288,0.0763888888888889,False,243.16999453861982,607.92
354,9.822696383666228,219.6839440833065,269.2158333333333,173,0.24855491329479767,True,242.77157940824307,606.93
806,9.842107659614436,330.71694502838596,268.8638888888889,166,0.28313253012048195,True,242.4020154866183,606.01
442,12.199974065018388,295.6433299317072,276.0377777777778,191,0.2931937172774869,True,242.36124047923585,605.9
999,14.383380155855322,253.70018060292233,282.98083333333335,321,0.13395638629283488,True,242.27862430679266,605.7
660,14.006560117661817,333.8121619932992,281.5880555555555,168,0.2619047619047619,True,242.14725527001167,605.37
1260,14.658398869240152,304.30821930859634,282.52805555555557,197,0.2131979695431472,True,241.11396625471383,602.78
18,14.986661062903108,243.37496997848348,283.0647222222222,242,0.12396694214876033,True,240.6427717141296,601.61
648,10.453266958974044,261.0734490586586,268.55333333333334,133,0.22556390977443608,True,240.48073647277658,601.2
395,16.323489747709754,269.01061013423606,287.14250000000004,190,0.22105263157894736,False,240.27082345118257,600.68
533,13.848402030356034,332.8824991107865,278.69277777777785,117,0.2564102564102564,True,240.09828148154443,600.25
1312,14.08876919467624,230.35638819613547,279.37138888888893,139,0.2158273381294964,True,240.01139871237197,600.03
1227,13.466486086369455,220.23459414672507,277.2930555555555,249,0.1566265060240964,True,239.9514248106979,599.88
558,16.491433435036953,237.94960283559087,286.7655555555555,332,0.09939759036144578,False,239.4738048464972,598.68
1512,16.280932032909977,258.89302035179327,285.93888888888887,325,0.13230769230769232,False,239.3853727332309,598.46
619,10.008311632747327,312.2292404709984,265.97611111111115,194,0.21649484536082475,True,239.35639304244887,598.39
1597,12.478885593614653,350.6503522434383,272.4288888888889,153,0.22875816993464052,True,238.43279952048886,596.08
49,15.42958489710245,297.991244807228,281.4655555555556,166,0.23493975903614459,False,238.03658870501013,595.09
685,11.11459155167774,295.9902143504047,267.76138888888886,197,0.20812182741116753,True,238.00080418078943,595.0
1649,12.019504228983026,263.50843740381276,270.3183333333333,154,0.2792207792207792,True,237.8274098266169,594.57
1302,11.158851925435254,270.9565764662604,267.2041666666667,211,0.26066350710900477,True,237.38724936974015,593.47
1342,12.480043013080136,282.6241034594084,271.1872222222222,173,0.23699421965317918,True,237.34294024291168,593.36
715,13.292331636352255,320.55933978686016,273.67861111111114,135,0.23703703703703705,True,237.30034250445945,593.25
16,17.131137461909663,387.9985064732306,286.06916666666666,123,0.1951219512195122,False,237.06226448886054,592.66
1652,10.631142463868757,322.31073269525467,265.15722222222223,175,0.24,True,236.9679801745407,592.42
1721,8.593990362379827,282.13796999963245,259.125,155,0.2967741935483871,True,236.8558224734833,592.14
901,9.219869617620006,359.37406737091476,260.70250000000004,126,0.2777777777777778,True,236.66606941012427,591.67
742,12.98741041785436,311.29516786938393,271.2688888888889,200,0.255,True,236.03808495293558,590.1
1447,9.834260046949675,329.1397247713576,261.565,158,0.3227848101265823,True,235.8420177081961,589.61
116,13.633730062135019,365.3942849180361,272.7872222222222,208,0.2548076923076923,True,235.59614870044805,588.99
1670,12.341879475312147,273.3832675199107,268.5375,163,0.2392638036809816,True,235.39492540398368,588.49
889,14.105777012686202,278.29541713281867,273.7422222222222,334,0.20958083832335328,True,235.12875476598362,587.82
417,11.471348264049919,239.98702085619033,265.40444444444444,203,0.22660098522167488,True,234.95897631395533,587.4
168,13.303834559681576,246.03571119846774,270.99805555555554,170,0.21764705882352942,True,234.94492258449046,587.36
1576,12.876474423382565,276.70602282592796,269.44277777777774,146,0.2808219178082192,True,234.74804741157067,586.87
1542,10.501546083365564,248.22604832187366,262.2630555555555,151,0.2847682119205298,True,234.72137991674623,586.8
290,28.063933075256966,299.240285995735,326.22138888888895,207,0.32367149758454106,False,234.6708366339374,586.68
444,11.301762339947448,311.58806135350466,264.4844444444444,161,0.2422360248447205,True,234.59304110720296,586.48
1437,10.481967251491739,212.17960697819018,261.7108333333333,151,0.2781456953642384,True,234.27838948972718,585.7
663,12.328451655757506,340.1110489669088,267.1625,142,0.14788732394366197,True,234.22550034518687,585.56
1205,16.065187364529674,360.680611579634,278.68583333333333,172,0.2616279069767442,False,233.91443204993243,584.79
846,11.680908145117394,307.64563415058484,264.78472222222223,171,0.2807017543859649,True,233.8554620371402,584.64
125,10.081154632905292,298.2011600117722,259.3647222222222,170,0.2235294117647059,True,233.21776351179474,583.04
418,12.88769551750385,386.6073121239329,267.6841666666666,162,0.18518518518518517,True,233.1858463180991,582.96
325,17.253321409496277,187.40853311287606,281.6122222222223,304,0.17434210526315788,False,233.02476039379735,582.56
455,10.757495789099272,185.75702605207152,260.9247222222222,150,0.32666666666666666,True,232.8557562164477,582.14
1380,13.635989073801817,274.73056093611706,269.5255555555555,213,0.3192488262910798,True,232.77308024889632,581.93
863,11.902408607658804,295.4854863892188,264.2213888888889,194,0.18041237113402062,True,232.77267955450213,581.93
295,13.099625849864319,311.60743288989914,267.5886111111111,164,0.2682926829268293,True,232.5355042387071,581.34
1125,7.545941716414727,315.6691993971793,250.8475,170,0.27058823529411763,True,231.91869385291656,579.8
609,9.882102351031394,284.0890112119974,256.9997222222222,146,0.3219178082191781,True,231.60274663035582,579.01
399,12.856052206708776,327.3125211041782,265.75333333333333,197,0.2436548223350254,True,231.58794605893118,578.97
790,12.943316112766796,356.26871579723206,265.9533333333333,221,0.29411764705882354,True,231.5301526875596,578.83
335,18.69959026445068,241.9981488236696,284.65138888888885,227,0.13215859030837004,False,231.42274548459852,578.56
835,11.836463582321416,371.9719808464643,261.57638888888886,217,0.31336405529953915,True,230.61499487810406,576.54
1250,11.508021447485431,276.47255621413143,260.3930555555555,209,0.291866028708134,True,230.42696687445954,576.07
1070,11.78011132989641,409.03327970259403,261.03444444444443,204,0.28431372549019607,True,230.28429627951226,575.71
1331,15.823761019020244,194.90834430253847,273.18333333333334,277,0.18411552346570398,False,229.9554555228732,574.89
1507,14.46328534785743,282.22515138814924,268.1119444444445,304,0.15789473684210525,True,229.33414886775546,573.34
817,18.43618432506445,235.39767358975905,281.00222222222226,325,0.09846153846153846,False,229.19613457580613,572.99
959,11.04804186587993,235.19891217557088,257.6288888888889,160,0.3,True,229.16594138584318,572.91
1679,13.291150731937439,193.57321224545842,264.1397222222222,241,0.17012448132780084,True,229.0325135987458,572.58
1519,13.783149326572248,267.55435955729774,265.51222222222225,165,0.2787878787878788,True,228.916276153033,572.29
1317,10.410818936986528,236.42797014785137,255.4730555555556,127,0.2755905511811024,True,228.8762183088797,572.19
537,16.692040074489764,182.40193353498358,274.2441666666667,318,0.11635220125786164,False,228.46722046471618,571.17
512,10.498000683866472,271.33458969214985,254.80027777777775,165,0.22424242424242424,True,228.05134287417297,570.13
1622,13.588823041513212,201.72205482127782,263.84305555555557,308,0.14935064935064934,True,227.98988962878974,569.97
936,7.813791967262316,286.1913008021332,247.1511111111111,278,0.3669064748201439,True,227.83923744411155,569.6
139,12.385371104792483,217.15666519410672,259.81361111111113,180,0.25555555555555554,True,227.63473119423765,569.09
773,16.825750301561346,378.6870079024023,273.4261111111111,164,0.2621951219512195,False,227.42011639628583,568.55
1472,13.416054519543914,242.12402351752664,262.6366666666666,206,0.25728155339805825,True,227.40118827835377,568.5
1376,9.896262203195187,296.21635449921257,252.04666666666665,198,0.19696969696969696,True,227.10346765891998,567.76
61,16.24514897965144,217.53737931691987,270.8808333333333,288,0.16319444444444445,False,226.87583840101203,567.19
1111,15.310417219985142,417.6071744246641,267.35,163,0.26380368098159507,False,226.41759956236976,566.04
1131,9.489573586664886,291.16462754168936,249.87888888888887,160,0.25,True,226.16644785023715,565.42
83,15.67453630021583,257.42211055513843,267.9808333333333,318,0.14465408805031446,False,225.9760803348791,564.94
1675,14.738816745128057,338.6208728743806,264.9241666666666,155,0.2129032258064516,True,225.877479228109,564.69
71,13.047576807129905,259.4692411352398,259.4472222222222,191,0.27225130890052357,True,225.59564662881274,563.99
309,9.846579268360736,273.7509458833855,250.03805555555553,182,0.32967032967032966,True,225.4178602142099,563.54
349,14.609170815856675,282.0075492505926,263.76194444444445,235,0.15319148936170213,True,225.22851143333057,563.07
1684,12.388008295189065,254.6678650735391,256.99305555555554,192,0.21875,True,225.15673451527348,562.89
1412,16.507964036627037,226.12683638489023,269.53472222222223,283,0.10247349823321555,False,225.04002721155518,562.6
253,14.905746547043645,432.1258799741361,264.3902777777778,133,0.24812030075187969,True,224.9809330771976,562.45
1659,10.90174749739733,202.67314528440698,252.21222222222224,173,0.30057803468208094,True,224.71668259798093,561.79
361,10.832941014623046,358.8746621556189,251.8072222222222,171,0.23391812865497075,True,224.52909436832812,561.32
1184,10.328229448667866,245.9475749503487,250.32722222222222,236,0.13983050847457626,True,224.4728523386344,561.18
1549,16.117804579030068,370.3189955320545,267.5713888888888,139,0.2158273381294964,False,224.44475531838114,561.11
63,12.304644354860454,200.60490522302882,255.8894444444444,305,0.13442622950819672,True,224.4031583639273,561.01
1005,11.07258569753239,256.15183095071586,252.22944444444445,241,0.21161825726141079,True,224.3011230539235,560.75
628,9.135741850378716,320.9019663166942,246.24666666666667,117,0.358974358974359,True,223.7502068848374,559.38
55,17.51431903748102,391.00283998176195,271.2086111111111,176,0.2556818181818182,False,223.7082697039899,559.27
956,15.388797771702166,295.4783905697094,264.3022222222222,143,0.23076923076923078,False,223.62928773832957,559.07
841,8.248064223865285,176.0113565672958,243.61194444444448,135,0.1925925925925926,True,223.5186748096597,558.8
925,13.767109399870188,406.31496778187284,258.97638888888895,187,0.2887700534759358,True,223.32282611072233,558.31
1239,15.43300283222949,210.47208079321268,263.50888888888886,275,0.12363636363636364,False,222.84155460349018,557.1
1665,17.219133313525713,214.25514968589417,269.1925,208,0.15865384615384615,False,222.8398845549873,557.1
383,14.173404959286179,269.9798246528542,258.9072222222222,142,0.3028169014084507,True,222.21125314782765,555.53
400,16.120870951698105,269.49381166809826,264.4213888888888,273,0.14652014652014653,False,221.79435801742326,554.49
279,10.218176580142552,259.2548261903866,246.91805555555555,181,0.2983425414364641,True,221.68753263063442,554.22
321,11.257438435932524,304.9114292170208,248.97388888888887,178,0.2752808988764045,True,220.94580662567517,552.36
812,12.080277648619221,245.96351693357224,251.19888888888892,182,0.25824175824175827,True,220.85336566086465,552.13
1479,19.086754156563597,355.1578751339126,272.36861111111114,117,0.29914529914529914,False,220.3822839086866,550.96
1244,10.886292192445548,426.3950126096984,247.13916666666663,136,0.3014705882352941,True,220.23487486135832,550.59
1186,12.57376641013414,325.38277357538294,251.08944444444444,132,0.2196969696969697,True,219.51804421949646,548.8
818,15.956828307377677,225.04549184529407,260.8013888888889,363,0.11570247933884298,False,219.18575904063252,547.96
1245,13.910864805975704,300.04525550923415,254.50916666666666,243,0.18106995884773663,True,219.10474057285128,547.76
1022,17.017298551884984,223.01233367874772,263.62,279,0.16845878136200718,False,218.75899755752081,546.9
941,16.722985320783266,224.0323714126439,262.60361111111115,252,0.12698412698412698,False,218.68844777315326,546.72
1117,11.810310487254556,185.7972400460114,247.73805555555558,207,0.22705314009661837,True,218.47942199935727,546.2
1723,9.339889167382328,213.70930302767718,240.84638888888887,143,0.25874125874125875,True,218.35160310302402,545.88
1012,12.78267891688776,286.6674613989759,250.1136111111111,146,0.2876712328767123,True,218.14239127534447,545.36
671,14.905723176067932,225.93136915775304,256.23999999999995,240,0.13333333333333333,True,218.04557493364348,545.11
972,13.804446002476102,196.29279495243523,252.92749999999998,193,0.25906735751295334,True,218.01225983708724,545.03
107,12.013935812221533,200.06684991732018,246.79722222222222,192,0.25,True,217.1471623580987,542.87
267,13.240717023445724,216.08987830415978,250.26583333333338,161,0.2795031055900621,True,217.1288425352984,542.82
1234,18.935735142032197,220.38120651724472,267.73749999999995,244,0.0860655737704918,False,217.0394361241015,542.6
1243,15.907568099284498,206.65968408396455,257.9297222222222,304,0.17434210526315788,False,216.89937601142688,542.25
1393,14.30926990875422,209.19218816695408,252.86527777777778,258,0.19767441860465115,True,216.68210267503446,541.71
350,14.589945268596946,174.36099627693386,253.0438888888889,306,0.12418300653594772,True,216.12492399447072,540.31
820,11.526144332696846,310.70299168866956,244.15138888888885,149,0.2214765100671141,True,216.01014741527152,540.03
1283,16.313269075768915,233.83640055866414,257.02166666666665,214,0.11214953271028037,False,215.09303060030746,537.73
1551,12.470490136468472,320.5029265603021,245.73055555555555,156,0.2692307692307692,True,215.08675086271083,537.72
318,13.563693567739572,261.088493370615,248.41666666666666,178,0.2640449438202247,True,214.72219122880696,536.81
1329,10.119484201576077,300.7615522840237,238.52611111111108,195,0.24102564102564103,True,214.3884989805884,535.97
734,14.757599136098845,267.76840948266084,251.485,157,0.267515923566879,True,214.37185181258184,535.93
106,13.061768738992722,331.59399840284163,245.98833333333334,179,0.31843575418994413,True,213.8579061084308,534.64
268,12.25409279342424,291.4532173244908,243.67222222222222,174,0.21264367816091953,True,213.8124019993122,534.53
767,13.4654689881811,229.2770090505134,247.00666666666663,201,0.12935323383084577,True,213.74606056792678,534.37
624,14.50493652097411,232.6387256669061,250.0052777777778,284,0.16549295774647887,True,213.74217093702612,534.36
81,13.375920591632145,405.8964883938184,246.53277777777777,118,0.22033898305084745,True,213.55674918987725,533.89
759,16.962342025734507,233.64130415359543,256.8677777777778,324,0.15123456790123457,False,213.29698675720746,533.24
1248,12.394440960462601,238.78731968275,243.32777777777778,177,0.2033898305084746,True,213.16866002070546,532.92
1246,16.072398322934617,404.1726267127211,253.4361111111111,126,0.3412698412698413,False,212.70284983917819,531.76
1268,10.75421611080355,262.2902584529944,238.25277777777777,170,0.2529411764705882,True,212.630559165563,531.58
39,14.132807543144148,342.1792717393803,247.52083333333337,134,0.27611940298507465,True,212.53919032914678,531.35
843,18.138088317583136,242.87210424809157,259.58361111111105,295,0.1423728813559322,False,212.50010646980618,531.25
484,12.47836842417451,259.9193496821279,242.61083333333335,211,0.23696682464454977,True,212.33695971304002,530.84
859,18.0968468006465,246.610744849862,259.2341666666666,288,0.12152777777777778,False,212.32095667006737,530.8
427,8.922620250883018,304.8318394985558,232.13944444444442,286,0.3181818181818182,True,211.42652336415708,528.57
360,11.96522644925439,249.65957939357295,239.2902777777778,314,0.20382165605095542,True,210.6586541706168,526.65
673,10.542066789597774,299.022704850365,235.26555555555558,207,0.1932367149758454,True,210.46370355597065,526.16
411,11.511466831990994,352.3555740438147,237.7838888888889,143,0.22377622377622378,True,210.41147538762613,526.03
1463,16.05443481312204,207.90877216105483,250.60583333333335,300,0.13,False,210.37248318295207,525.93
672,8.523439745657743,284.9420744671445,229.93305555555554,145,0.2896551724137931,True,210.33485010992803,525.84
1346,9.070293711516806,224.28232830278856,230.93944444444443,213,0.22535211267605634,True,209.99255853758814,524.98
1263,9.019014246563962,281.23414502051634,230.68166666666667,147,0.23129251700680273,True,209.8764542857888,524.69
336,10.629031288938226,276.1359695014094,234.57277777777776,171,0.2222222222222222,True,209.63996383244623,524.1
728,15.298324810644376,164.78211451717885,247.40527777777777,261,0.20306513409961685,False,209.55641478465637,523.89
572,9.507400506522723,286.1654997369079,231.36833333333334,181,0.3259668508287293,True,209.37121923806683,523.43
31,10.689811949065136,264.8800451464262,234.3586111111111,143,0.2517482517482518,True,209.30611629689244,523.27
559,17.325290673080698,204.65315322471125,252.9905555555556,226,0.1592920353982301,False,209.1592064301139,522.9
1456,10.691706999479957,331.5958198767543,233.81666666666663,155,0.2903225806451613,True,208.81767375071593,522.04
942,13.665218553473123,285.02006759104785,241.66694444444443,104,0.23076923076923078,True,208.64262831461062,521.61
612,11.071745863491367,287.21024615399057,234.41361111111112,200,0.29,True,208.45993181945593,521.15
545,11.133095990095521,211.7599128817372,234.46583333333334,170,0.3176470588235294,True,208.36252704435594,520.91
1532,10.224258787890745,340.5770124028091,231.65444444444444,216,0.28703703703703703,True,207.96949455079383,519.92
702,17.565759791092887,458.39364135971994,252.19611111111115,173,0.28901734104046245,False,207.89594803085566,519.74
1558,12.903625017640602,254.06276948877777,238.48250000000002,340,0.14705882352941177,True,207.70961246730528,519.27
1559,12.440109309708445,288.3981810995425,237.1675,211,0.35545023696682465,True,207.66360375289722,519.16
1255,12.991406415310422,345.1995965125648,238.66888888888892,121,0.2727272727272727,True,207.66244354642768,519.16
1431,18.900875255025902,218.16703638797512,256.02777777777777,159,0.11320754716981132,False,207.63628688178505,519.09
274,13.457839868878835,245.61854695882775,239.78888888888886,136,0.27205882352941174,True,207.51848419885843,518.8
1136,11.71640610538616,315.3393839185798,234.98333333333335,141,0.28368794326241137,True,207.45173172002677,518.63
928,16.506674490199813,209.1197981202133,247.3875,176,0.10795454545454546,False,206.55205064555693,516.38
185,15.487472779758805,232.05654473368782,244.03944444444446,108,0.25,False,206.24390191423652,515.61
821,14.473172788428657,328.90151971588557,241.13888888888889,108,0.25925925925925924,True,206.238440839903,515.6
857,16.20190411521251,248.41690601866623,246.0072222222222,167,0.23952095808383234,False,206.14936796128,515.37
1233,14.38273681386372,309.1889831043433,240.77694444444444,102,0.30392156862745096,True,206.14663021653715,515.37
254,15.677472391488845,215.61396919030437,244.3744444444444,275,0.18545454545454546,False,206.0627083848124,515.16
990,13.13605087891165,360.2085502238497,236.99861111111113,140,0.22142857142857142,True,205.86635297324162,514.67
662,12.24258674338352,521.183352903669,234.20333333333332,122,0.2459016393442623,True,205.53078709410434,513.83
430,9.108875756829036,222.18529963383628,225.86277777777775,154,0.21428571428571427,True,205.2892179690771,513.22
910,12.687192794943998,392.4828594718135,235.05416666666667,212,0.2358490566037736,True,205.23239136911766,513.08
43,9.895836163734824,215.8411708400635,227.52083333333337,139,0.2949640287769784,True,205.00574442830253,512.51
735,16.371235015054662,180.9334528911361,244.80638888888888,212,0.1509433962264151,False,204.72855963202022,511.82
1575,16.370207441239263,243.62369721803114,244.40972222222223,219,0.1643835616438356,False,204.3993436878878,511.0
791,19.668723867597713,319.3471255277913,254.27027777777775,128,0.2890625,False,204.25855896429297,510.65
1285,12.88172753750774,304.03085071572474,233.9997222222222,162,0.2716049382716049,True,203.85651556703058,509.64
1395,12.653174513195303,308.1140220555027,233.0688888888889,125,0.176,True,203.57827564181252,508.95
732,17.223512144034366,256.55575282803596,245.84527777777777,212,0.08490566037735849,False,203.5020865041872,508.76
1486,13.129990261440687,188.4722375225107,234.07944444444445,140,0.25,True,203.34483618485444,508.36
1,12.96466549972003,389.62951981282316,233.58083333333335,159,0.20754716981132076,True,203.29785962020813,508.24
52,19.886856839549,328.57179283074123,253.73,207,0.2753623188405797,False,203.2710781410123,508.18
649,12.265825668463854,302.6371439600948,231.3983333333333,198,0.25252525252525254,True,203.01541716693575,507.54
1565,13.716760737315317,204.35244066242407,235.1027777777777,97,0.1958762886597938,True,202.85429226321781,507.14
1078,10.114931838605578,301.645261509458,225.60333333333338,117,0.3162393162393162,True,202.78370994104458,506.96
483,16.667197703198752,245.3554737846091,242.8188888888889,244,0.12704918032786885,False,202.34778461706728,505.87
1174,13.79875147483719,230.38420397830237,234.2097222222222,180,0.29444444444444445,True,201.89170472287122,504.73
1546,15.342105144761147,265.33410311599334,238.1638888888889,256,0.13671875,False,201.62453463870344,504.06
1574,14.48664035735481,303.5105946020816,235.72166666666664,109,0.27522935779816515,True,201.57351657230393,503.93
1433,13.42535371671617,309.9166556236975,232.41083333333336,191,0.225130890052356,True,201.20885688236567,503.02
911,10.012844164177094,282.5785949557471,223.21777777777777,168,0.3392857142857143,True,200.86732954214975,502.17
1326,13.78177759244728,289.76220430151614,232.93,176,0.2840909090909091,True,200.82810545391257,502.07
118,12.155955251850461,380.3281581502975,228.24944444444446,249,0.3092369477911647,True,200.50354411518052,501.26
1357,12.456647471058899,351.09428007587337,228.96444444444447,122,0.30327868852459017,True,200.4431507659315,501.11
381,10.633722204828738,254.64471467973306,224.24805555555557,144,0.2638888888888889,True,200.40214027804777,501.01
503,16.441330611148445,265.95927989794484,238.7283333333333,257,0.1828793774319066,False,199.4782187875155,498.7
227,18.773842656074976,227.86964353020352,245.08694444444444,211,0.15165876777251186,False,199.07470712386254,497.69
920,9.959642149664754,301.86369683948953,221.05500000000004,132,0.23484848484848486,True,199.0387130460586,497.6
1569,12.91832561769995,310.018828505273,228.4688888888889,146,0.2191780821917808,True,198.95453388708114,497.39
170,16.598916972091516,340.09631497954945,238.50944444444443,160,0.16875,False,198.91945979051437,497.3
482,20.70502356901297,210.6538264010411,250.8388888888889,155,0.12903225806451613,False,198.9026378241942,497.26
2,11.880754315610142,254.6638386882438,225.075,99,0.1919191919191919,True,198.33439222414046,495.84
1379,13.730732730618083,261.2115233434366,229.61944444444444,134,0.2537313432835821,True,198.09101223024769,495.23
1319,18.385182966627468,211.31587480319888,242.6422222222222,253,0.12648221343873517,False,198.03200571237582,495.08
543,30.22239929769443,338.1436209112914,283.1430555555555,145,0.3103448275862069,False,197.57043072186275,493.93
439,14.283708668169094,287.17828839627816,229.84388888888884,195,0.18974358974358974,True,197.0136574084097,492.53
302,10.598572647556574,250.60734143807142,220.07777777777775,147,0.30612244897959184,True,196.75267461887188,491.88
377,13.989304646402545,340.81500624249884,228.5647222222222,167,0.19760479041916168,True,196.5901069163518,491.48
1446,14.762208553622163,191.50586080177197,230.3508333333333,271,0.13653136531365315,True,196.34596291166005,490.86
76,17.849751880625167,233.54976842770614,238.90416666666667,226,0.13274336283185842,False,196.26036568419147,490.65
1140,10.261597701847515,259.71081140119793,218.65416666666667,146,0.2876712328767123,True,196.21675572500618,490.54
54,13.967020607799027,203.26097611178506,227.73166666666665,128,0.25,True,195.92433785284913,489.81
171,13.480588340532234,402.69333545707536,226.23777777777775,180,0.20555555555555555,True,195.73959428478742,489.35
1664,16.211771054699742,386.3550992671091,233.0427777777778,188,0.3191489361702128,False,195.26241618493177,488.16
705,11.28766631848891,238.1206827796287,219.35305555555556,128,0.25,True,194.59321458503484,486.48
1030,9.918048759058145,189.9977820564402,215.83916666666664,136,0.36764705882352944,True,194.43213287552186,486.08
1402,13.66344329334765,386.5552857881841,225.18666666666667,150,0.22666666666666666,True,194.41841416248687,486.05
275,12.59261439594426,339.81853806660183,221.6194444444444,142,0.28169014084507044,True,193.7117623791216,484.28
1663,8.568397208469237,301.06237625969953,211.6888888888889,132,0.2196969696969697,True,193.5505440426938,483.88
1073,10.606490605617672,298.71547940450085,216.33527777777775,143,0.2937062937062937,True,193.38969686364086,483.47
1321,12.433531088002344,309.2651702714484,220.83305555555557,171,0.26900584795321636,True,193.37570894047008,483.44
173,10.574024096312009,219.40105912947126,215.58333333333334,153,0.27450980392156865,True,192.78749971903403,481.97
207,31.866432532375626,425.9898385590635,282.86805555555554,117,0.3162393162393162,False,192.72809747630166,481.82
617,12.636716504576528,216.28890236497006,220.45027777777779,189,0.12169312169312169,True,192.59260114144854,481.48
1328,18.93774134764781,210.2754082427482,237.4130555555555,273,0.11721611721611722,False,192.452385168897,481.13
778,10.82879457928311,243.82934379806315,215.6169444444444,144,0.2361111111111111,True,192.26822845242856,480.67
158,14.369586410533195,331.5471022534879,224.29277777777776,139,0.2733812949640288,True,192.06283326241478,480.16
950,18.66199398789522,224.4769923282953,235.91527777777776,222,0.14414414414414414,False,191.88878282236257,479.72
757,13.32039545660754,329.6505535766187,221.20888888888894,154,0.22077922077922077,True,191.74299010372135,479.36
440,15.332280712577983,217.88513916197778,226.22694444444443,205,0.1073170731707317,False,191.54119427473435,478.85
149,8.249018680732586,268.759260029628,208.35055555555556,133,0.3233082706766917,True,191.16367930636764,477.91
245,13.508914132336075,260.81918919904547,220.92777777777778,147,0.23129251700680273,True,191.0828339832995,477.71
373,19.935922938746543,378.5312690867415,238.6375,110,0.2,False,191.0629118970487,477.66
463,12.052189168613417,166.48999719974162,217.05944444444447,91,0.25274725274725274,True,190.8990295916587,477.25
1063,10.762308719843894,235.7326253670242,213.77444444444444,137,0.24817518248175183,True,190.76737876920217,476.92
23,16.10124624654265,226.14496606370642,227.11333333333332,225,0.11555555555555555,False,190.54525627460208,476.36
341,19.40641622071773,334.0719612516896,235.85472222222222,158,0.34177215189873417,False,190.08377315156017,475.21
528,16.8876955361783,234.2492529439589,228.60361111111112,246,0.12601626016260162,False,189.9977292819576,474.99
1509,13.290882243329659,313.21180902711404,219.05333333333337,128,0.2265625,True,189.93921274991163,474.85
1503,11.203679197628121,318.3324052448182,213.6794444444444,141,0.3049645390070922,True,189.73948497761484,474.35
98,14.785298507515739,242.37077098592852,222.11666666666667,314,0.2356687898089172,True,189.2760544650563,473.19
1648,12.937156668440927,206.35634818579052,216.94194444444446,290,0.13448275862068965,True,188.8758252121046,472.19
84,15.369136836988478,239.84933507428252,223.0233333333333,319,0.1536050156739812,False,188.74657205492036,471.87
1510,10.68440629330741,384.97288326450405,211.05138888888888,180,0.3333333333333333,True,188.50180101233173,471.25
1199,15.084107810334151,305.6271154324224,221.9675,192,0.3072916666666667,False,188.48568299609653,471.21
703,10.50994753716298,213.7626006499774,210.41472222222222,142,0.36619718309859156,True,188.30024530619946,470.75
684,11.066522513215393,308.67641927313053,211.55611111111108,127,0.23622047244094488,True,188.144206446917,470.36
1621,17.871485177373557,262.28769857762956,228.88055555555553,211,0.15639810426540285,False,187.97620099555417,469.94
560,12.762661435471367,365.30414403908736,215.24944444444446,121,0.2396694214876033,True,187.77788660826698,469.44
1529,21.5990178998214,253.16088454168047,239.38472222222225,178,0.10674157303370786,False,187.67997322000673,469.2
1075,11.440965181005923,162.67624245763537,211.55555555555554,165,0.3151515151515151,True,187.35155810596078,468.38
46,16.930780296543258,305.36285771140274,224.8597222222222,140,0.29285714285714287,False,186.7892166773603,466.97
129,13.162551152911462,247.5538703491338,215.06888888888886,111,0.32432432432432434,True,186.76033637489056,466.9
271,15.576691023777157,250.14213725097068,221.11305555555555,207,0.14009661835748793,False,186.67095807843393,466.68
109,15.321293127332416,223.6778800142496,220.36527777777775,233,0.08583690987124463,False,186.60246761858411,466.51
1627,17.524492515603512,249.86978100495494,226.05,249,0.14056224899598393,False,186.43588466847828,466.09
392,10.736232543472612,349.9864886767456,208.50666666666666,158,0.310126582278481,True,186.12090606469005,465.3
1272,12.02432580060366,236.5410149124864,211.3686111111111,115,0.23478260869565218,True,185.95296067090015,464.88
398,16.3968837465029,231.3304679947637,222.01916666666668,193,0.16580310880829016,False,185.61494201337882,464.04
1322,15.191828967048668,213.29247331251415,218.75111111111113,148,0.14864864864864866,False,185.5188164475925,463.8
1196,16.52345121484797,215.9043232402234,221.81972222222223,285,0.09473684210526316,False,185.16744863592206,462.92
566,12.1617416647752,244.1424860369104,210.76138888888886,170,0.21176470588235294,True,185.12913324312998,462.82
1667,12.142432997701198,279.5042224466337,210.65555555555554,131,0.1450381679389313,True,185.076845866287,462.69
79,12.995895451857413,261.3146683708207,212.4733333333333,168,0.23214285714285715,True,184.8605210702568,462.15
847,12.773643076322344,248.32267889309378,211.9163888888889,115,0.17391304347826086,True,184.846945751991,462.12
1177,10.300337396976014,286.87638667222086,206.04916666666668,142,0.2676056338028169,True,184.82540729634258,462.06
72,15.514086885873967,187.52350973392086,218.65611111111107,260,0.1,False,184.73361205206018,461.83
799,14.547339578675318,229.91779844459288,215.82916666666668,281,0.14590747330960854,True,184.43176488184156,461.08
899,9.672904363970229,177.50672926934095,204.0536111111111,161,0.3167701863354037,True,184.3157004571056,460.79
1155,18.251280122709833,213.94438198710125,225.12333333333333,252,0.1626984126984127,False,184.03544314508486,460.09
222,21.413516672226685,176.3168692163658,233.88944444444442,218,0.13761467889908258,False,183.80548926375494,459.51
500,12.446115590136237,369.7727914530953,209.72777777777782,175,0.2571428571428571,True,183.62481613093152,459.06
763,14.431620472773163,328.3223263766421,214.56055555555557,168,0.2857142857142857,True,183.59599049350416,458.99
1082,9.130000520167012,225.30451280160997,201.73388888888888,156,0.34615384615384615,True,183.31558378398017,458.29
413,15.829312829469822,200.98322612781902,217.48722222222221,310,0.09032258064516129,False,183.06048945254244,457.65
1544,12.120997003971986,238.069263081366,207.90583333333336,182,0.27472527472527475,True,182.70557350391704,456.76
730,13.293926067660173,287.77919994158776,210.2536111111111,289,0.17301038062283736,True,182.30265149541424,455.76
265,13.543556386940159,178.52349250073308,210.86444444444444,160,0.275,True,182.305899511103,455.76
85,15.814390394222873,261.9604815736729,215.9536111111111,116,0.23275862068965517,False,181.80186397957812,454.5
834,15.938389990572727,267.1758578479292,216.03527777777776,247,0.12955465587044535,False,181.60273268833845,454.01
243,11.811233623025501,321.9734929001534,205.72694444444446,177,0.2994350282485876,True,181.42805441059926,453.57
1635,14.255412845190508,234.30534709123964,211.54249999999996,275,0.18545454545454546,True,181.38624328196283,453.47
877,18.734547347820126,222.25411946185793,222.83222222222219,272,0.10294117647058823,False,181.0856140438002,452.71
105,14.623573596005382,387.27768319254886,211.9752777777778,201,0.13930348258706468,True,180.97691702660762,452.44
716,19.6897091492468,194.44915973578725,225.31055555555554,255,0.10588235294117647,False,180.94756248411454,452.37
1180,21.272203359247865,196.2106012244831,229.13805555555555,225,0.10666666666666667,False,180.39534240435142,450.99
653,10.337422896529665,252.49001041903944,201.08416666666668,222,0.3738738738738739,True,180.2972459803708,450.74
92,13.921314095620717,249.39794146590674,209.29749999999999,240,0.17083333333333334,True,180.1605376307182,450.4
473,12.850997629705153,264.4262679636457,206.70833333333331,147,0.25170068027210885,True,180.14425031626362,450.36
1165,8.703226366698637,223.3636143850249,196.94305555555556,137,0.30656934306569344,True,179.8026556170625,449.51
192,12.633807394766324,213.97057745976235,205.30916666666667,143,0.25874125874125875,True,179.3708019862002,448.43
1045,12.56750182117092,344.425578693523,204.94416666666666,193,0.25906735751295334,True,179.18780478844977,447.97
604,10.997642760049702,269.5909118509516,201.1813888888889,175,0.2057142857142857,True,179.05617843918256,447.64
1212,8.558961970772186,260.0816788966986,195.5763888888889,192,0.2864583333333333,True,178.8370801400794,447.09
1423,18.178691715299596,189.8345549470335,218.45055555555555,176,0.14204545454545456,False,178.73910251075182,446.85
1252,13.225512463940625,283.1673594013132,204.6258333333333,126,0.1984126984126984,True,177.56301824139095,443.91
897,19.542261512297845,189.20041057904777,220.68,236,0.1271186440677966,False,177.55413729466113,443.89
1108,13.771774251600954,277.4809401196851,205.86111111111111,168,0.2261904761904762,True,177.51038361705147,443.78
908,10.422422728379154,194.62414655591922,197.39555555555555,121,0.19834710743801653,True,176.82215630852303,442.06
1361,10.43192508704867,200.62448557899577,197.4063888888889,153,0.3137254901960784,True,176.81310228295206,442.03
1350,18.970636716598417,223.9497583731047,217.52555555555557,207,0.14009661835748793,False,176.25957264534864,440.65
283,17.814449304792515,226.5269507705587,214.30833333333334,229,0.1222707423580786,False,176.13048393572092,440.33
1139,20.223034071658088,424.12310613432817,220.7416666666667,134,0.30597014925373134,False,176.10100420632077,440.25
10,19.896648452105044,245.7624732234717,218.74333333333334,204,0.058823529411764705,False,175.22074128758368,438.05
1064,11.828249465000622,306.64989297053734,198.3,187,0.2192513368983957,True,174.84458131090378,437.11
1420,18.514732360989356,221.05171426957486,214.54638888888888,278,0.12949640287769784,False,174.8236991959437,437.06
1453,14.088258840987278,318.88214956212255,203.31305555555554,188,0.30851063829787234,True,174.6697860313686,436.67
538,18.043098947288556,440.58531033650934,212.40805555555556,147,0.3333333333333333,False,174.08305991965503,435.21
320,11.957101165935935,194.14139954449465,197.515,184,0.25,True,173.89793163210163,434.74
198,9.095784502006495,297.02602676427546,191.29,133,0.3308270676691729,True,173.89067382611177,434.73
416,9.989700274106006,194.23386873033925,193.02750000000003,132,0.30303030303030304,True,173.74463130340007,434.36
420,16.84001632544828,229.07043178628675,208.73527777777775,231,0.1645021645021645,False,173.58422292303015,433.96
78,17.096964176594945,274.7117159965213,209.1333333333333,167,0.08383233532934131,False,173.37788225201442,433.44
1457,11.566841728709992,213.38709995659437,195.87555555555554,157,0.2356687898089172,True,173.21894005921303,433.05
870,13.309153526276424,358.67197850800886,199.22138888888887,109,0.22018348623853212,True,172.70670838448646,431.77
352,8.67265147073045,204.58337128020094,189.0591666666667,128,0.328125,True,172.66272406819928,431.66
475,10.058283634616604,395.3609153610798,191.97027777777777,255,0.28627450980392155,True,172.6613627447275,431.65
1491,12.69795792246876,280.3150126151125,197.09388888888887,205,0.3024390243902439,True,172.06698981002043,430.17
1288,20.751720197565508,237.37858250509484,217.04194444444445,190,0.11052631578947368,False,172.00200742197777,430.01
90,15.945148789956878,188.16212101759373,203.92666666666665,268,0.16417910447761194,False,171.41025624426726,428.53
390,17.167385475550656,254.21438424933874,206.81972222222223,217,0.1382488479262673,False,171.31418326887024,428.29
80,18.5868462952418,252.4463526894993,209.8336111111111,239,0.14225941422594143,False,170.83216033813346,427.08
1399,17.87473611145297,207.94445786506208,207.9286111111111,247,0.18218623481781376,False,170.7619205747907,426.9
634,20.01445412065618,222.0514739497098,213.20583333333332,246,0.11382113821138211,False,170.53384963827065,426.33
1505,13.142022695460774,244.9163112403105,196.27055555555555,90,0.2222222222222222,True,170.47663459993748,426.19
1067,15.453064721316354,221.93972168604952,201.52277777777775,274,0.19343065693430658,False,170.3813324995832,425.95
1370,12.156587843554464,265.18950926812204,193.885,153,0.23529411764705882,True,170.3151996595244,425.79
1327,14.159408354466555,321.956386768465,197.86805555555554,186,0.21505376344086022,True,169.8511095664017,424.63
610,13.153242948227016,260.5327907780902,195.22833333333332,145,0.25517241379310346,True,169.54947634622553,423.87
244,15.764383930693029,185.5229525281846,201.0716666666667,291,0.2268041237113402,False,169.37395715749003,423.43
621,14.301286936884914,198.39323022556863,196.59305555555557,293,0.16040955631399317,True,168.47771858256598,421.19
1231,21.28491699259475,157.586842634989,213.97361111111113,155,0.11612903225806452,False,168.42950560005363,421.07
991,13.538199645737713,448.9870981783543,194.70277777777778,131,0.2900763358778626,True,168.34352700642518,420.86
467,13.031821892696971,284.11212358649857,193.55194444444447,249,0.14056224899598393,True,168.32859977459267,420.82
618,13.136428866602703,328.60950766395666,192.57527777777779,122,0.28688524590163933,True,167.27776339783745,418.19
808,15.1502322300424,351.5676298674889,197.1375,127,0.3228346456692913,False,167.27071093750016,418.18
625,12.005300428442856,199.53568937565663,188.74111111111114,112,0.1875,True,166.08217369024112,415.21
115,18.624573517421478,201.32851275755283,203.99777777777774,279,0.12903225806451613,False,166.00406168164943,415.01
1020,14.187379522416105,248.91240832160886,193.2761111111111,198,0.25757575757575757,True,165.8552957016111,414.64
836,12.188597249951489,319.6220661797383,188.73083333333335,158,0.2848101265822785,True,165.72719217185613,414.32
441,9.805249325792719,252.08717020719982,183.56055555555557,131,0.2595419847328244,True,165.5619854195231,413.9
333,15.565195130498699,395.19558623527917,195.67694444444444,173,0.35260115606936415,False,165.21944621626912,413.05
688,14.236917622810381,169.8493450069707,192.54222222222222,253,0.20948616600790515,True,165.13014465531595,412.83
1279,12.991469971670725,301.63290089182897,189.66055555555556,148,0.2702702702702703,True,165.02086143245168,412.55
1591,12.359419604028316,272.7398259359592,188.0313888888889,110,0.37272727272727274,True,164.79180054882886,411.98
670,12.25775978204638,196.14580827861576,187.36666666666662,142,0.24647887323943662,True,164.39971075503908,411.0
414,20.558779706949036,228.75786346503156,206.69305555555553,199,0.1306532663316583,False,164.1994855943271,410.5
647,15.45547013438872,242.02663316108251,194.19805555555556,252,0.13095238095238096,False,164.18383307760303,410.46
1171,9.69357463450302,326.6214473889695,181.41027777777776,121,0.2231404958677686,True,163.8251371067296,409.56
190,15.13779845384991,158.50361719169274,192.73555555555552,102,0.27450980392156865,False,163.55963560664762,408.9
602,16.083021265270677,297.4050421393502,194.77722222222224,104,0.25961538461538464,False,163.4511601523187,408.63
375,11.696806325598224,281.0925202431176,184.85916666666665,159,0.27044025157232704,True,163.23654796655183,408.09
474,13.251658291286367,307.2980641966701,188.1563888888889,107,0.2803738317757009,True,163.22254718010944,408.06
162,17.00795960901647,200.0820741740384,196.48694444444442,243,0.13580246913580246,False,163.0685242963427,407.67
40,17.338200662372103,220.77787972403652,196.87138888888887,228,0.10526315789473684,False,162.7374324365344,406.84
284,11.046936580207463,278.4555267526706,182.3708333333333,107,0.24299065420560748,True,162.2244430342041,405.56
239,14.548031358604016,285.7075932893174,189.69111111111113,230,0.13043478260869565,True,162.0947887821823,405.24
386,10.615282088868614,305.3158417034052,181.03833333333338,117,0.3247863247863248,True,161.8206035610138,404.55
853,17.001932268961703,187.33054643941486,194.9175,259,0.14671814671814673,False,161.77775866964654,404.44
1489,10.457851465345389,423.14177847565026,180.60944444444442,109,0.3211009174311927,True,161.72157701205893,404.3
958,16.003283865668955,208.7267725436152,192.29388888888886,232,0.16810344827586207,False,161.52055199366592,403.8
1208,9.018419748920149,229.587558644529,177.05055555555555,159,0.29559748427672955,True,161.0833932877605,402.71
766,17.25977985292646,387.3381144434713,194.6547222222222,153,0.26143790849673204,False,161.05774569334113,402.64
656,13.478397367002461,271.25348469660935,185.85999999999996,139,0.3237410071942446,True,160.80905065368918,402.02
1039,13.689776981545103,284.2045824546924,185.98638888888888,140,0.2785714285714286,True,160.52526703397083,401.31
501,10.84659010752922,269.5585818864505,179.4427777777778,245,0.3551020408163265,True,159.9793551946577,399.95
299,13.20268389443405,298.32813026688456,183.82305555555556,215,0.33488372093023255,True,159.55347860546567,398.88
975,19.1002054208537,203.27318083582037,196.64944444444444,257,0.12840466926070038,False,159.08899659658798,397.72
47,18.185426426524366,204.22042905569293,194.2902777777778,158,0.10126582278481013,False,158.9577622586102,397.39
1602,9.157794861088831,327.4716196706425,174.7383333333333,156,0.23717948717948717,True,158.736155222981,396.84
552,15.95097510644634,203.1768699330857,188.57111111111112,254,0.14566929133858267,False,158.4921801198285,396.23
1645,16.23972712219935,274.97357698586654,189.14444444444442,137,0.22627737226277372,False,158.4279027998667,396.07
1195,14.462349836226988,195.81449158729322,184.95055555555555,231,0.09090909090909091,True,158.20235918706578,395.51
1198,12.460364610610249,213.56087238855378,180.7108333333333,142,0.2535211267605634,True,158.19360460912776,395.48
1001,14.923371673765427,457.3817574820623,185.47527777777776,127,0.2440944881889764,True,157.79611271205113,394.49
1392,16.096877799701947,211.91168524154287,187.92388888888888,194,0.22164948453608246,False,157.67401013799676,394.19
828,13.53691525854712,374.4479430704578,182.23388888888886,112,0.25,True,157.56504177764506,393.91
1661,11.276975812721997,290.57081407318185,177.5836111111111,166,0.3493975903614458,True,157.5575502387528,393.89
88,13.441061887972388,249.88766443484116,181.79611111111112,197,0.28426395939086296,True,157.36078330673962,393.4
89,17.051940461946877,210.76444369535093,189.5838888888889,166,0.12650602409638553,False,157.25615703011204,393.14
8,16.284522277449515,282.17397537235394,187.31361111111113,130,0.3,False,156.81048438102707,392.03
539,10.385245801432198,280.6211053193438,174.6052777777778,136,0.375,True,156.47209049828209,391.18
199,22.14244478560483,203.57968093088422,200.5613888888889,184,0.10869565217391304,False,156.1521940929245,390.38
637,15.574470983352775,212.34951967679643,184.36527777777778,173,0.16184971098265896,False,155.65136108690004,389.13
1714,13.297854427901935,280.3152966319501,179.35805555555558,108,0.3888888888888889,True,155.50728242306232,388.77
358,35.812229441874535,489.45372576221547,241.84555555555556,91,0.32967032967032966,False,155.23527030502385,388.09
1599,11.321400669713517,253.78391601141828,174.66944444444442,176,0.30113636363636365,True,154.8944167913262,387.24
66,13.179682848793533,266.9802443700025,178.39499999999998,134,0.23880597014925373,True,154.88310478189476,387.21
1518,15.765872779649529,239.68306456821603,183.5663888888889,105,0.24761904761904763,False,154.62554555046998,386.56
457,11.172062323942464,274.882727348535,174.03,122,0.2459016393442623,True,154.58725993764293,386.47
1703,8.072419639836484,246.20963353347148,167.8702777777778,136,0.19852941176470587,True,154.3190845049964,385.8
1403,10.812220458153286,321.3362666662832,172.24888888888887,108,0.4166666666666667,True,153.6249592855027,384.06
291,18.092629660830088,308.95214156439175,187.39888888888888,109,0.3119266055045872,False,153.49350193371174,383.73
939,14.901077118345112,271.7922835898524,180.17416666666668,235,0.1276595744680851,True,153.32627514433102,383.32
814,17.4429294061232,212.2118971781966,185.02444444444444,167,0.10179640718562874,False,152.75076121592835,381.88
1290,15.714180666746561,274.71080101048614,180.9188888888889,125,0.264,False,152.48896782861843,381.22
534,11.716179868600861,255.0873405247799,172.20055555555555,135,0.26666666666666666,True,152.02522873193672,380.06
203,9.844738899380072,368.9892510529979,168.5075,185,0.3081081081081081,True,151.91837659912713,379.8
1629,12.927214287188885,344.46446770469527,174.43805555555554,154,0.33766233766233766,True,151.8880743154833,379.72
269,15.821297078360812,199.70096961941277,179.96138888888888,271,0.1033210332103321,False,151.48916292643355,378.72
481,12.42626797990172,238.14640624928515,172.83305555555555,164,0.2682926829268293,True,151.3563569143698,378.39
809,9.398503710909077,309.4347726063888,166.8825,112,0.36607142857142855,True,151.19804204464216,378.0
449,22.86899149085982,182.1977050712771,195.6011111111111,151,0.08609271523178808,False,150.86910965508386,377.17
382,11.506833833995653,264.9312799433672,170.44333333333333,137,0.25547445255474455,True,150.83070218554334,377.08
1716,12.043476644503716,177.62565098376913,171.36972222222224,115,0.2,True,150.73084975063801,376.83
1683,8.559327239234573,158.78937141623965,164.82972222222224,102,0.4117647058823529,True,150.7214069097009,376.8
864,13.865008498756442,292.3868686174823,174.6255555555556,158,0.24050632911392406,True,150.41370743677714,376.03
1421,15.216972117870888,191.53995736732168,177.3097222222222,240,0.1375,False,150.32855122939233,375.82
744,9.445524025035928,232.24475938643803,165.91194444444446,165,0.30303030303030304,True,150.24069187154018,375.6
1590,18.75205773734804,169.15548510826358,184.57916666666665,243,0.1440329218106996,False,149.96677476221745,374.92
1306,16.88274209538654,197.07182566759187,180.29916666666668,220,0.1590909090909091,False,149.85972335820222,374.65
511,18.186432321134514,251.36627169585768,182.78027777777777,232,0.09051724137931035,False,149.53906626334054,373.85
1634,12.77550249146433,246.6557578552988,171.26916666666665,153,0.30718954248366015,True,149.38867001205645,373.47
12,16.792873171396405,223.9339731367017,179.16916666666668,183,0.16393442622950818,False,149.0815157460855,372.7
1209,18.22221709333854,283.8752114532386,180.62555555555554,191,0.09947643979057591,False,147.71157469617341,369.28
175,13.89593675913401,259.097487380876,171.47833333333332,159,0.16981132075471697,True,147.64981257771632,369.12
712,17.213542429552927,210.58854317264291,178.1961111111111,190,0.08421052631578947,False,147.5222479171867,368.81
661,17.77628010922409,195.02860195126678,179.1483333333333,260,0.13846153846153847,False,147.3024237889935,368.26
1687,12.347790451493763,304.24294456428737,167.93444444444444,137,0.20437956204379562,True,147.19825114856422,368.0
25,34.188410880117324,493.1668164080345,223.07972222222224,100,0.27,False,146.8123101986645,367.03
131,15.605928805916207,231.15523965368305,173.7772222222222,241,0.17427385892116182,False,146.65767264132342,366.64
639,15.817075447323905,244.78840015846566,173.6822222222222,185,0.12972972972972974,False,146.21077409474455,365.53
451,19.203803034614047,382.7698422465978,180.94888888888886,146,0.2328767123287671,False,146.19982067334402,365.5
1355,20.111638316226998,172.51616707658616,182.78944444444443,223,0.11210762331838565,False,146.02749249753708,365.07
771,13.295697750850682,198.3111886265793,167.66861111111112,116,0.1810344827586207,True,145.37589935472852,363.44
1672,12.87082810312883,270.853473571252,166.71527777777777,142,0.29577464788732394,True,145.25764095334625,363.14
669,15.05015321365262,206.88321770072517,170.93666666666667,243,0.14814814814814814,False,145.21043643502267,363.03
1700,9.004718310527306,364.53525185688136,159.48666666666665,226,0.2831858407079646,True,145.12534159048369,362.81
1718,19.184170689816153,209.84011199014336,179.185,170,0.11764705882352941,False,144.80984374945294,362.02
1292,16.92998517009289,241.79779697415879,174.26638888888888,150,0.14,False,144.7631150935436,361.91
727,14.941223840806439,165.44166517883957,169.95444444444445,206,0.21359223300970873,True,144.561170472601,361.4
1276,14.87979555921656,210.0934534826614,169.7108333333333,199,0.1407035175879397,True,144.45820829149056,361.15
964,16.067883730832843,203.5633104136867,171.48472222222222,267,0.10861423220973783,False,143.93075643941387,359.83
1043,21.387772823411343,205.9262795844358,181.81166666666667,190,0.1,False,142.9262004335421,357.32
1680,11.123904189440799,440.72395080307996,160.73694444444442,140,0.30714285714285716,True,142.85672074740972,357.14
1596,20.430220061665423,187.18016448380067,179.4136111111111,192,0.11458333333333333,False,142.75901554053047,356.9
695,13.64497147972158,311.542310125961,164.6022222222222,103,0.20388349514563106,True,142.14229594501205,355.36
147,15.10645591565299,177.59139898796238,167.4011111111111,220,0.10909090909090909,False,142.11273605879782,355.28
1192,10.340788982410038,195.66203891087542,158.14916666666664,114,0.24561403508771928,True,141.79529506422668,354.49
1057,38.413740274586814,361.3745929115808,229.58805555555554,132,0.22727272727272727,False,141.39469619297034,353.49
1178,19.024901604330037,187.11621147552955,174.30833333333334,209,0.1291866028708134,False,141.14634442851906,352.87
1197,11.767258165969508,218.51526353749026,159.6863888888889,101,0.32673267326732675,True,140.89567925241928,352.24
117,25.010543639060486,348.3578576717014,187.66555555555556,155,0.27741935483870966,False,140.72937988784804,351.82
840,9.537947867386142,231.44191022737553,155.54416666666665,148,0.24324324324324326,True,140.70844513923979,351.77
699,19.451587699466288,232.79826363587975,174.57583333333332,161,0.07453416149068323,False,140.6180620104259,351.55
632,18.27972795925553,192.02018924122544,171.7022222222222,213,0.16901408450704225,False,140.3155231000036,350.79
1401,19.48303469845595,177.1730850448154,174.14444444444445,209,0.1674641148325359,False,140.2158219079,350.54
1299,13.422355911834577,348.0237263333135,161.54138888888892,189,0.2698412698412698,True,139.85872872730144,349.65
1164,16.881763845984363,227.00928783704424,168.13555555555556,209,0.11961722488038277,False,139.75130812553283,349.38
256,7.775047326260517,172.77918593256308,150.73444444444448,126,0.3888888888888889,True,139.01477005191305,347.54
1122,9.74044074694384,178.51529359358207,153.58666666666664,116,0.22413793103448276,True,138.62664840479383,346.57
1259,14.214029332798244,342.9598210089334,161.36694444444444,116,0.25862068965517243,True,138.43019962767085,346.08
62,7.911671740254406,428.82353146589566,150.20638888888888,112,0.19642857142857142,True,138.32255246711003,345.81
226,20.643238788313774,263.57538078311967,173.4027777777778,155,0.12903225806451613,False,137.60682829554202,344.02
1405,9.44315179835983,211.60260771648598,151.46361111111116,134,0.1791044776119403,True,137.16067239461154,342.9
1168,17.662442569837804,204.28595985389592,165.29416666666665,271,0.11808118081180811,False,136.0991794078747,340.25
404,13.94633656552769,174.53631098421843,158.1327777777778,196,0.1836734693877551,True,136.07904836847092,340.2
1647,17.300568323229324,231.74156572887279,163.6125,201,0.12935323383084577,False,135.30660765215643,338.27
313,15.668538550705808,178.25603603598964,159.40805555555556,215,0.14883720930232558,False,134.43114291790283,336.08
433,11.220861431693326,263.35526001734206,151.10472222222222,149,0.38926174496644295,True,134.14947072492154,335.37
1142,20.4034067606377,171.9724432272514,168.38111111111112,221,0.11764705882352941,False,134.0256281030298,335.06
1013,15.435139135977183,249.35707593547357,158.07527777777776,228,0.20175438596491227,False,133.67613871319534,334.19
165,9.588502914773029,359.527902861004,147.15833333333333,95,0.35789473684210527,True,133.04805225233525,332.62
986,18.011527671041637,230.34126645289055,161.29333333333332,268,0.13059701492537312,False,132.24193996845457,330.6
837,14.76560180576239,208.05684391777552,154.6597222222222,218,0.0963302752293578,True,131.82328348499067,329.56
1071,13.100399719375995,266.31824093540126,151.11,256,0.2265625,True,131.31398598405093,328.28
403,17.593157653851115,226.02572341979092,158.49555555555554,169,0.13609467455621302,False,130.61118259231947,326.53
1277,14.66677835935643,385.1931982088623,153.0033333333333,125,0.296,True,130.56267355090597,326.41
1066,19.350403477193318,320.6016073051307,161.51055555555556,166,0.1566265060240964,False,130.2576113972991,325.64
931,15.923914829081426,570.4443243570227,154.8047222222222,131,0.25190839694656486,False,130.15375010415946,325.38
1662,21.592033057263052,205.13290971560755,165.93916666666667,121,0.09917355371900827,False,130.10952694505318,325.27
551,18.380815995905095,410.6879954743425,159.3272222222222,138,0.26811594202898553,False,130.0415786741687,325.1
93,12.558960184591943,342.3419688593695,148.7122222222222,175,0.32,True,130.03551344371144,325.09
1115,8.548770143116947,195.50452340194158,141.43,98,0.3163265306122449,True,129.3394743865897,323.35
113,18.46655862041283,187.16015495810885,158.19666666666666,214,0.1588785046728972,False,128.98318648112758,322.46
1077,17.551690733045547,417.60232825005596,156.10916666666668,136,0.33088235294117646,False,128.7093685273987,321.77
1624,17.243424077220016,248.86711982392762,155.495,214,0.14485981308411214,False,128.68233773112675,321.71
557,10.332506402939957,208.8780836879213,142.89416666666665,123,0.2682926829268293,True,128.12961774640561,320.32
324,8.750663863923823,202.6994481144287,139.70166666666668,120,0.38333333333333336,True,127.47684340436737,318.69
1658,17.729838288027622,244.8370146397641,153.71694444444444,219,0.1278538812785388,False,126.46317877314718,316.16
1167,17.64116207935815,243.74147198285587,153.5172222222222,211,0.07582938388625593,False,126.43500023027154,316.09
110,10.323303404105975,411.0660881752995,140.83888888888887,82,0.3048780487804878,True,126.29966307791717,315.75
1552,8.810280397805775,338.6369476419053,138.2097222222222,103,0.3300970873786408,True,126.03305815741595,315.08
1301,16.681011074803838,257.1671362730213,150.3461111111111,213,0.16901408450704225,False,125.26685966612976,313.17
233,15.739924592380257,212.70215957447084,148.09694444444443,169,0.10059171597633136,False,124.78659706526959,311.97
327,20.308680843207696,211.99630391348694,154.915,226,0.12389380530973451,False,123.45380707174479,308.63
435,18.318767585182723,338.8121335337078,151.0391666666667,135,0.3037037037037037,False,123.37065276240324,308.43
536,17.041738889360747,442.8544363514997,148.08416666666668,107,0.2897196261682243,False,122.84804964684756,307.12
1699,12.546973642793873,457.4708886113746,140.3491666666667,125,0.352,True,122.73959371711918,306.85
1390,16.280141294475776,222.84506861392347,146.56027777777777,220,0.11818181818181818,False,122.70005747397937,306.75
954,15.599354449315745,217.68387336180965,145.22833333333335,214,0.2102803738317757,False,122.57365085583291,306.43
423,23.902506853582718,406.7200684204658,160.95,91,0.1978021978021978,False,122.47891521915861,306.2
824,16.867871708382182,228.07175181795242,147.32333333333332,149,0.1342281879194631,False,122.47302247015442,306.18
70,13.582114590097817,161.54857646690905,141.46861111111113,159,0.18867924528301888,True,122.25418224098017,305.64
1382,16.46700502512541,166.00684029768198,146.1352777777778,204,0.10784313725490197,False,122.07117424263014,305.18
1038,15.202818539309067,216.35149031103563,143.77472222222224,175,0.10857142857142857,False,121.91691209738212,304.79
169,19.80657087812994,158.9970640481285,151.9186111111111,153,0.1503267973856209,False,121.82874372431829,304.57
1006,12.754316469331204,326.3102707717457,138.51833333333332,102,0.1568627450980392,True,120.85126673195688,302.13
1211,18.371689549942307,191.03749043494665,147.81472222222223,184,0.1358695652173913,False,120.65866034644598,301.65
508,13.658004441220019,283.92806961251017,139.0597222222222,134,0.2835820895522388,True,120.06693918516288,300.17
1200,45.05585957867562,510.28284290301485,218.3269444444444,76,0.10526315789473684,False,119.95786293314241,299.89
1681,13.884164501978596,168.88244197702758,139.2511111111111,134,0.12686567164179105,True,119.91725777361144,299.79
1353,9.41837679275229,187.6352292693492,131.5538888888889,131,0.31297709923664124,True,119.16364794781465,297.91
1041,16.2402714317384,433.89166071353407,141.4672222222222,100,0.34,False,118.49256134639278,296.23
615,12.601273461596085,388.6350858692449,135.28194444444446,127,0.3228346456692913,True,118.23469668083553,295.59
1369,12.417875840828385,282.85223090269216,133.16972222222225,143,0.34265734265734266,True,116.63287145909064,291.58
328,20.021941401109395,183.6835928362772,145.5375,199,0.1306532663316583,False,116.3980670333604,291.0
765,18.785223890898617,267.1271481985429,142.90805555555553,32,0.21875,False,116.06245736131464,290.16
1513,19.638648800523125,196.80889452307903,143.9925,204,0.18137254901960784,False,115.71431862590674,289.29
121,17.821593971861756,292.99639067696864,140.08416666666665,186,0.11290322580645161,False,115.1189352644672,287.8
1060,15.356841854496468,211.18091397576086,135.57083333333333,169,0.10059171597633136,False,114.75143485751035,286.88
1088,14.705029916228789,227.58263249475516,134.49249999999998,236,0.11440677966101695,True,114.71533763991599,286.79
755,21.598981239040675,211.17235842977152,145.16444444444443,167,0.10778443113772455,False,113.81040332313125,284.53
485,20.533888252653206,195.34573136228641,143.18444444444444,179,0.1564245810055866,False,113.7831106270399,284.46
749,13.276361988439266,196.2508770464451,131.03944444444446,156,0.11538461538461539,True,113.64217345236024,284.11
202,13.815516088296246,294.0948630760754,131.37583333333333,109,0.24770642201834864,True,113.22558394303341,283.06
51,22.71441796161631,485.963640154578,145.48111111111112,113,0.30973451327433627,False,112.43592347812992,281.09
1430,17.044673903571677,176.7155687744544,134.4125,206,0.1262135922330097,False,111.50232768936172,278.76
87,12.90161346285957,381.2446472927059,127.89305555555556,128,0.1953125,True,111.39278788193754,278.48
1626,16.284024678630914,277.1563650335244,132.76694444444442,187,0.1657754010695187,False,111.1471424460469,277.87
882,20.745081621896638,159.61642252992345,139.24777777777777,143,0.15384615384615385,False,110.36071262110053,275.9
365,10.806532509129232,270.49095995307033,122.65999999999998,130,0.33076923076923076,True,109.40470722430207,273.51
1161,12.467796473962187,253.65961742447158,124.50305555555556,119,0.2605042016806723,True,108.98026798502482,272.45
130,12.325422950023622,191.8416360093667,124.1838888888889,116,0.27586206896551724,True,108.87769934754596,272.19
856,22.753650300432337,186.04004151514837,140.90249999999997,178,0.08426966292134831,False,108.8420378854333,272.11
127,16.52062086641455,297.86104025345503,129.6975,70,0.18571428571428572,False,108.27066775178199,270.68
861,28.3805045352268,186.1459774755154,151.04305555555555,14,0.42857142857142855,False,108.17627432346598,270.44
1152,9.443436245361449,175.9252881074538,119.27833333333334,119,0.3277310924369748,True,108.0143599704703,270.04
135,19.647534810498627,201.13882387164864,133.1925,185,0.10810810810810811,False,107.02345719752661,267.56
1711,22.541277310221574,141.74143100768296,137.37833333333333,132,0.10606060606060606,False,106.4115022525061,266.03
1566,10.962735914435731,346.28364978317074,119.40527777777778,113,0.30973451327433627,True,106.3151925071016,265.79
723,15.689450887657104,317.6806373214067,125.75416666666668,150,0.15333333333333332,False,106.02402844831754,265.06
794,12.982462252158252,328.2960865286911,121.71694444444445,127,0.2677165354330709,True,105.91508807746402,264.79
596,11.039212704443912,235.1196708947185,118.90916666666665,135,0.2518518518518518,True,105.7825308332516,264.46
1149,17.92772158333697,193.83211401284026,128.59138888888887,182,0.17582417582417584,False,105.53788270874276,263.84
1581,16.034106637978745,171.8694549626837,123.55805555555554,105,0.2,False,103.74662516796474,259.37
1417,34.12491913922584,267.10029944074864,156.02,88,0.29545454545454547,False,102.77830115897986,256.95
1593,18.058167696325818,456.7560976650883,124.5975,135,0.2740740740740741,False,102.09747450457043,255.24
1455,15.650332037708848,388.92725001140013,120.72055555555555,145,0.35172413793103446,False,101.82738777334433,254.57
1061,17.988959769308067,188.99081366053,123.53166666666665,162,0.19135802469135801,False,101.30960484764425,253.27
264,12.361586071170493,316.81702580811077,115.56444444444443,117,0.18803418803418803,True,101.27884617677442,253.2
1309,18.577191652834856,181.54959032670496,123.82361111111109,205,0.11219512195121951,False,100.82066156353906,252.05
786,19.55457579847838,170.22189332584233,124.71055555555557,184,0.15217391304347827,False,100.32393544074097,250.81
979,18.146877298244977,221.17297148081525,121.25444444444445,126,0.10317460317460317,False,99.25054919244249,248.13
825,18.340613124849195,432.1612208124592,121.28694444444444,108,0.3425925925925926,False,99.04217519293812,247.61
178,20.636257620744594,145.63814870461607,124.54944444444445,171,0.09941520467836257,False,98.84710022368273,247.12
362,20.556559106053648,201.40023701428797,124.35583333333332,127,0.16535433070866143,False,98.79255295234108,246.98
128,22.451598026373034,253.75625481473068,127.24916666666668,149,0.11409395973154363,False,98.67969527475722,246.7
1282,20.00899546263812,233.1964305867497,123.3536111111111,160,0.1375,False,98.67179266088861,246.68
286,29.98866858347258,364.55597908189884,140.15333333333334,32,0.1875,False,98.12321469131041,245.31
150,21.31818488920914,176.37237256752795,124.47749999999998,162,0.1111111111111111,False,97.94115640453468,244.85
1371,24.084890944948537,169.3522284190096,128.56027777777774,147,0.14965986394557823,False,97.59667507647707,243.99
973,12.364579746349657,304.6149143581655,111.17000000000002,70,0.2714285714285714,True,97.4242966959831,243.56
96,17.57390334710102,168.74450411221773,118.14361111111111,170,0.09411764705882353,False,97.38116708366955,243.45
385,13.535190975698624,235.52935292877774,112.58527777777778,194,0.18556701030927836,True,97.34664542003478,243.37
1284,56.977538951670894,1473.910342061259,226.12333333333336,35,0.4857142857142857,False,97.28382300451673,243.21
1085,34.93124610020399,368.4189322415891,149.3838888888889,67,0.417910447761194,False,97.20223502705582,243.01
1269,14.285985503878582,336.1278111207192,113.35777777777777,109,0.29357798165137616,True,97.16350207692554,242.91
1336,19.660841643518445,205.73541215704174,119.69416666666666,161,0.13043478260869565,False,96.1612861018043,240.4
1414,15.90149011075857,344.3417541352741,114.00194444444443,153,0.09803921568627451,False,95.87393652253863,239.68
753,10.902373379636002,352.5019925450809,107.32055555555554,154,0.33766233766233766,True,95.62006787578919,239.05
288,18.650761563991722,186.43618864521812,117.00583333333334,130,0.1,False,95.18335434237179,237.96
923,41.776367743769626,381.4408523053865,163.00055555555556,84,0.2976190476190476,False,94.90484404227917,237.26
1099,16.686465074614137,177.08997586936817,113.87055555555554,136,0.11029411764705882,False,94.86958507250868,237.17
1525,17.59255270514716,192.68370078222105,115.11944444444444,144,0.1597222222222222,False,94.86699550668295,237.17
1666,15.161150861183415,175.13985883710794,111.68138888888889,151,0.16556291390728478,False,94.74920503557951,236.87
1123,18.597280561462647,140.46409478713252,116.13277777777778,170,0.1,False,94.5352392706245,236.34
961,18.85238118371119,214.1211525633775,115.92583333333334,131,0.16793893129770993,False,94.0710533429396,235.18
815,11.181621006432602,208.8727428137634,105.8663888888889,78,0.2948717948717949,True,94.02881051013726,235.07
232,12.897494969423196,140.03170994643435,107.25805555555556,89,0.3595505617977528,True,93.42445323597664,233.56
1032,20.729941654412517,242.25738290722185,117.78583333333333,163,0.13496932515337423,False,93.36889880616975,233.42
725,11.575282328044866,360.3658126075186,104.82916666666667,110,0.2818181818181818,True,92.6948946628633,231.74
476,36.97150616901854,399.284132732952,145.9261111111111,85,0.24705882352941178,False,91.97502993945781,229.94
1606,13.798874766675823,315.85771665689947,106.32805555555557,33,0.06060606060606061,True,91.65598032760295,229.14
143,10.949549280632096,245.18888517765,101.24611111111109,137,0.31386861313868614,True,90.16011828027645,225.4
11,15.769378114631479,403.4168510288869,106.48111111111112,58,0.29310344827586204,False,89.68970207933913,224.22
44,16.160564634231452,177.53830071861134,106.33583333333333,224,0.19196428571428573,False,89.15136225815135,222.88
0,27.723844034966895,313.4734380427153,123.30222222222224,66,0.42424242424242425,False,89.11810644168506,222.8
585,25.630966157495745,419.3869836438724,119.38333333333334,119,0.24369747899159663,False,88.78423156897634,221.96
218,10.814069052555357,258.4144909117913,99.08833333333332,127,0.2440944881889764,True,88.37285254364043,220.93
1705,18.05036842908725,345.62040520131285,107.50138888888888,151,0.16556291390728478,False,88.09699212805857,220.24
1692,14.915121527870486,291.62219747707275,103.16333333333334,127,0.30708661417322836,True,87.77639679446455,219.44
156,18.542353231822347,194.29917696715736,107.26388888888889,135,0.15555555555555556,False,87.37463972092166,218.44
487,20.327407161030496,175.91405717411658,108.63583333333332,161,0.16149068322981366,False,86.55298516888817,216.38
1443,21.518983134869533,409.4600609544354,109.69861111111109,99,0.24242424242424243,False,86.09258548692499,215.23
369,50.66502465555866,1176.1547154134346,174.40722222222223,47,0.5319148936170213,False,86.04376008225834,215.11
355,18.987996198133473,200.2662176799006,106.07638888888889,144,0.1111111111111111,False,85.93460819954939,214.84
248,19.160978354754747,169.45060979393438,106.0775,113,0.08849557522123894,False,85.75201318573504,214.38
1158,21.224854678333667,195.9022779004796,108.79444444444444,133,0.10526315789473684,False,85.70298171301064,214.26
1560,28.483710932948394,729.4143513317064,119.81166666666667,121,0.2892561983471074,False,85.68485786938565,214.21
1300,16.445761228181652,209.7769500548415,101.66083333333331,160,0.10625,False,84.94193542075361,212.35
1294,21.001296749269475,170.8030190047489,107.04027777777779,104,0.09615384615384616,False,84.56043140042433,211.4
704,15.941572300216016,174.28336449573942,100.53416666666666,186,0.16129032258064516,False,84.50743980108032,211.27
1225,20.238269374584767,293.59341052199807,105.76583333333335,97,0.21649484536082475,False,84.36065907705897,210.9
1119,8.706876017319287,215.01246656694752,91.71722222222222,109,0.3119266055045872,True,83.73151739680412,209.33
978,16.932376388384196,193.77335117811944,100.20694444444443,122,0.10655737704918032,False,83.23952744381205,208.1
469,21.874187033376916,363.79789903294824,106.15027777777777,115,0.25217391304347825,False,82.93076748021754,207.33
1058,19.058349345583654,166.70073454818143,102.0936111111111,162,0.10493827160493827,False,82.63625404603394,206.59
1484,37.178946170210644,606.2500906377707,130.87027777777777,76,0.34210526315789475,False,82.21408764997263,205.54
1019,16.62088497464126,206.20079728596798,97.43222222222222,95,0.09473684210526316,False,81.23812463842981,203.1
1722,47.57233186633316,460.1783406200674,154.49277777777777,46,0.2826086956521739,False,80.99696082381672,202.49
1656,40.08093744860623,325.7413585133275,134.1988888888889,84,0.16666666666666666,False,80.41071617660874,201.03
916,19.543849342150164,220.92030424499558,99.35888888888888,142,0.1056338028169014,False,79.94033733641005,199.85
1707,60.642256456499,2272.1006209375787,197.20638888888888,73,0.6986301369863014,False,77.61598479028814,194.04
701,67.04037368713333,1405.4413986462673,234.0563888888889,42,0.4523809523809524,False,77.14411113916778,192.86
1090,60.37017468596415,1931.7930395832122,190.92638888888888,21,0.47619047619047616,False,75.66379439506342,189.16
186,19.86108922675588,181.74049958615507,93.98805555555553,134,0.1044776119402985,False,75.32100397917377,188.3
1628,29.616227377565,405.3771111615167,105.94388888888889,85,0.5411764705882353,False,74.56730586292073,186.42
556,19.89340504626371,170.09615220343292,93.05583333333333,138,0.15217391304347827,False,74.54385948915724,186.36
1468,39.91263876565391,374.7297233779184,121.88916666666667,77,0.23376623376623376,False,73.23998388053417,183.1
332,16.36771969807665,256.21482269613904,87.19861111111113,78,0.038461538461538464,False,72.92618686382853,182.32
492,17.423686099810478,142.458523207257,88.12583333333333,98,0.1836734693877551,False,72.77106476049119,181.93
1365,16.41689163392555,260.8383723075777,86.61611111111112,149,0.1610738255033557,False,72.39643801247946,180.99
529,60.02727117187348,1919.0320292427386,181.1113888888889,48,0.5208333333333334,False,72.39516435740924,180.99
298,17.506474980272056,156.79072879350545,87.40416666666667,186,0.08602150537634409,False,72.10277809745138,180.26
293,26.944661462615766,401.4489096926242,98.62777777777778,80,0.3,False,72.05285694745459,180.13
598,45.23704921914673,828.9684575135353,130.115,64,0.25,False,71.25481340850723,178.14
1007,19.15542030414163,189.05984765606482,87.93472222222222,108,0.12962962962962962,False,71.09045658727612,177.73
935,32.82752240899095,344.6608852902624,105.7838888888889,87,0.367816091954023,False,71.05765905878681,177.64
1307,23.312302983827603,166.63198617358137,91.90499999999999,108,0.10185185185185185,False,70.47982794271323,176.2
532,19.369958281385575,185.16273238387288,86.56805555555556,111,0.07207207207207207,False,69.79985930943776,174.5
1522,22.94785592225102,161.81235249823558,90.3563888888889,124,0.12096774193548387,False,69.62153495011785,174.05
658,72.62044374318218,2000.9796354343869,252.37361111111113,36,0.4166666666666667,False,69.0987748315293,172.75
872,19.084813109067873,162.8451408482209,85.21833333333333,163,0.12269938650306748,False,68.95457368200417,172.39
394,12.943620220083238,181.34896563981027,78.68805555555556,113,0.13274336283185842,True,68.50297248587634,171.26
1625,17.94689173211507,178.57307895065014,83.01194444444444,93,0.07526881720430108,False,68.11388065027649,170.28
636,18.520466071631716,283.45154581474117,83.37222222222223,105,0.13333333333333333,False,67.93129809239016,169.83
1459,23.867060545734443,353.1538293639909,87.59694444444443,80,0.2375,False,66.69012867767552,166.73
1556,64.4676015385884,1977.4445432125935,186.97055555555556,65,0.6615384615384615,False,66.43512280551496,166.09
1107,17.16778543588031,245.24308903385995,79.55111111111111,95,0.11578947368421053,False,65.89394704369681,164.73
155,68.08737999609443,2173.8026104899973,200.25722222222223,46,0.5869565217391305,False,63.907326358154535,159.77
304,19.750153744497286,160.0401911001914,78.96083333333334,97,0.09278350515463918,False,63.36594735206374,158.41
160,26.858317693971454,364.0632318297846,85.77583333333332,71,0.3380281690140845,False,62.73788751201519,156.84
1159,6.983985646504133,63.07394908170805,67.32,230,0.7086956521739131,True,62.618380862773414,156.55
161,71.26128832341729,2045.1270500409291,217.8727777777778,66,0.5,False,62.61382942731732,156.53
1230,18.3584954767573,201.06433962005653,76.61666666666667,101,0.1188118811881188,False,62.550999382224454,156.38
1143,20.086839443479345,143.3811967317478,77.88111111111112,148,0.18243243243243243,False,62.23725736542448,155.59
270,22.262537047164688,175.78725422007201,79.48916666666666,119,0.14285714285714285,False,61.79286148901751,154.48
1646,37.36423583085523,231.3970863194794,97.14611111111111,93,0.3010752688172043,False,60.8482090550509,152.12
890,70.32813360710792,2219.3775331193397,203.6372222222222,32,0.3125,False,60.42296450397453,151.06
478,22.35071724517014,175.00081397062635,77.36861111111111,114,0.09649122807017543,False,60.07617160515138,150.19
1130,28.652737544558164,577.1602184944705,84.07805555555557,49,0.14285714285714285,False,59.987390964654416,149.97
1366,20.86223815663775,209.02820672871817,75.76444444444444,119,0.12605042016806722,False,59.958285606390945,149.9
65,46.83357531647544,362.193454502575,109.90416666666667,69,0.2318840579710145,False,58.43211599488864,146.08
491,19.589107362090854,168.54762799755414,72.00416666666666,120,0.15833333333333333,False,57.8991931531545,144.75
17,61.62708782116384,1495.0699245214905,149.43861111111113,47,0.5106382978723404,False,57.34394700293917,143.36
1280,59.16651878056607,1902.370573803801,139.96694444444447,42,0.5238095238095238,False,57.153375973137756,142.88
1521,64.97116460047614,1402.7841263274559,162.55972222222223,62,0.46774193548387094,False,56.94277752314544,142.36
1523,29.245726513087106,372.401210888604,79.92611111111111,62,0.4032258064516129,False,56.55113924300944,141.38
1428,9.846259298323131,144.57549397277342,62.68694444444445,57,0.14035087719298245,True,56.51462534824868,141.29
1176,34.708542596940276,758.5125546714141,86.53222222222223,57,0.10526315789473684,False,56.49814901214321,141.25
296,46.544362473172995,383.35967871356297,103.95388888888888,16,0.375,False,55.56921403948493,138.92
1287,17.973369339723117,147.77780675217676,67.65166666666666,131,0.1450381679389313,False,55.49238275218831,138.73
77,23.622665349701748,159.98114745323767,72.52777777777777,94,0.05319148936170213,False,55.39478354775798,138.49
1640,18.398752767464746,146.01915483378835,67.50472222222221,135,0.18518518518518517,False,55.084695274191716,137.71
1175,19.286153923106653,201.1406419610711,67.435,131,0.183206106870229,False,54.42938210195303,136.07
1633,45.92196769458594,349.85830969551677,100.41749999999999,62,0.14516129032258066,False,54.30380809028916,135.76
530,16.28217360403655,251.35560085369028,64.86500000000001,91,0.17582417582417584,False,54.303568091741695,135.76
780,52.15701938931094,1278.967899496536,112.41472222222222,33,0.5454545454545454,False,53.78255375633774,134.46
1086,21.176194739014765,174.08895781686707,68.09277777777777,91,0.08791208791208792,False,53.67331855235098,134.18
1124,21.089796212806203,388.0148682520592,67.87805555555553,21,0.09523809523809523,False,53.56271196567349,133.91
736,62.328961954866166,1794.478001551613,142.1172222222222,31,0.41935483870967744,False,53.53703285202072,133.84
845,18.835323427388516,391.10424489422724,64.81833333333334,108,0.28703703703703703,False,52.60959060975723,131.52
431,14.626083972849427,149.22499581256935,61.60722222222223,105,0.05714285714285714,True,52.596498166660055,131.49
1313,23.249259250891207,189.50999088686729,67.52166666666666,128,0.1171875,False,51.82337933281074,129.56
1477,73.26734558370921,2456.508630780903,192.73194444444445,55,0.509090909090909,False,51.52236465813087,128.81
1190,12.57919430887395,315.45796054419634,58.72916666666667,75,0.30666666666666664,True,51.34151067568424,128.35
67,16.623074988011805,202.7396565140839,61.448888888888895,113,0.07964601769911504,False,51.23419400958884,128.09
334,21.915824102356087,192.16263820690952,65.59666666666666,164,0.12195121951219512,False,51.22061658299115,128.05
1187,20.422794817344982,347.8246705963497,63.55555555555554,47,0.19148936170212766,False,50.57573484942073,126.44
554,41.003148323087814,300.0264766742812,85.42944444444443,90,0.2777777777777778,False,50.40068262729898,126.0
1502,25.089349893543574,119.96749052663391,67.08305555555553,477,0.17819706498951782,False,50.252353027941986,125.63
873,20.211780661994553,152.35584767777124,61.86194444444445,111,0.18018018018018017,False,49.358543920088415,123.4
1598,24.43225866192003,167.83599379125812,65.16277777777778,130,0.08461538461538462,False,49.24203935981897,123.11
101,36.48436449708116,1301.7675995122652,77.07444444444444,52,0.1346153846153846,False,48.954323199233,122.39
1189,55.534292987309655,1275.6311321471974,110.03416666666666,28,0.35714285714285715,False,48.92747016385538,122.32
953,12.461904407514336,337.85071239588694,55.18083333333333,104,0.38461538461538464,True,48.30425063206353,120.76
926,18.771993857075564,158.26966935249393,59.12138888888889,55,0.21818181818181817,False,48.02312539844891,120.06
1445,15.473825866663406,286.85511329755275,56.12166666666667,64,0.0625,False,47.437497693197386,118.59
1630,16.11660883934849,383.75919948810764,56.131944444444436,62,0.24193548387096775,False,47.08537852441292,117.71
1320,56.65086024918389,1098.7585035111003,108.5263888888889,33,0.48484848484848486,False,47.04525598595862,117.61
1121,18.184192216869313,363.2995842154216,56.94138888888888,112,0.2767857142857143,False,46.58705728237826,116.47
213,47.11180580126485,616.8834852254209,84.36944444444444,68,0.16176470588235295,False,44.62147562217174,111.55
761,36.45062968990639,1188.2057151071592,69.80805555555557,11,0.6363636363636364,False,44.36257973127588,110.91
1686,76.38098391320614,1502.3766168909237,187.0638888888889,36,0.16666666666666666,False,44.18265000924887,110.46
938,31.311952729245593,227.44887249881472,64.23222222222222,12,0.75,False,44.11985916305601,110.3
163,24.845262184987877,232.1347999503967,58.39249999999999,84,0.05952380952380952,False,43.88473027863095,109.71
844,16.091144974502665,155.4811463174971,51.97805555555556,66,0.16666666666666666,False,43.61419128118357,109.04
1691,27.96955742265089,145.4647889279688,57.153055555555554,34,0.4117647058823529,False,41.167598863144875,102.92
881,19.168849770222224,217.00578420349677,50.21361111111111,57,0.08771929824561403,False,40.588239433018614,101.47
311,0.22273159448057084,57.893809666149544,40.56277777777767,2864,0.06005586592178771,True,40.47243165606761,101.18
1583,45.471348692507014,515.5552300627648,74.00805555555556,75,0.30666666666666664,False,40.35559455334458,100.89
1347,15.63997140029379,143.8902442151127,47.608888888888885,52,0.21153846153846154,False,40.16287228266902,100.41
1726,8.570807053773285,173.63012997453995,43.651388888888874,76,0.13157894736842105,True,39.910112570929975,99.78
1458,0.47539302398248673,42.84590548941741,39.98305555555554,347,0.06628242074927954,True,39.79297889866938,99.48
387,21.94999490085116,87.21612413051035,50.463611111111106,7,0.2857142857142857,False,39.38685104543686,98.47
646,35.81564166245921,316.30975626242684,61.25500000000001,9,0.4444444444444444,False,39.31612869966062,98.29
1000,12.371784503404454,245.30968379978415,44.528055555555554,48,0.08333333333333333,True,39.019140478666,97.55
1069,18.436734789161882,226.49268271391995,47.7325,63,0.14285714285714285,False,38.93218556676331,97.33
777,13.36978462728268,576.2267221135785,44.10027777777778,16,0.0625,True,38.204165618855484,95.51
187,81.69496773068201,2417.718743942876,208.41555555555556,42,0.5714285714285714,False,38.15053469872281,95.38
987,16.56634920995557,436.2559720182663,44.57166666666666,89,0.33707865168539325,False,37.1877687179693,92.97
200,53.93512185438607,574.7034853589552,80.22055555555555,58,0.3793103448275862,False,36.95350116440119,92.38
502,72.98155880306193,2288.9907586913246,134.1777777777778,12,0.6666666666666666,False,36.25274398824713,90.63
1704,24.15948022916175,141.7003563249379,47.745,100,0.13,False,36.210056164586724,90.53
1256,75.00714285714285,1537.3408082921428,141.6275,20,0.3,False,35.39675875000001,88.49
681,81.68490851099546,2421.906333127621,190.72749999999996,37,0.43243243243243246,False,34.93191611969113,87.33
521,19.412792370753376,200.70252897808584,42.634166666666665,57,0.24561403508771928,False,34.35768441266572,85.89
1289,13.249460571515193,322.0033091151078,38.72777777777778,57,0.17543859649122806,True,33.596556130887095,83.99
1135,71.550395256917,2525.4784249681034,110.1475,23,0.34782608695652173,False,31.336528384387346,78.34
971,17.76381886630985,268.3166060082921,37.528333333333336,39,0.23076923076923078,False,30.86186817645502,77.15
805,10.74204226217472,232.90494007084726,34.214166666666664,19,0.15789473684210525,True,30.538866423682435,76.35
1481,69.70014472277722,1756.4457841172164,100.35888888888888,45,0.4888888888888889,False,30.40859809116214,76.02
1046,52.40046753246754,1506.5255337898584,63.784166666666664,25,0.6,False,30.360965121645012,75.9
1114,64.70336402002171,1059.561727059229,85.9511111111111,42,0.40476190476190477,False,30.337850809635555,75.84
1655,37.46368961854592,297.97044093831596,47.544166666666676,70,0.2,False,29.732367634942506,74.33
1051,16.21039614236745,141.43662494755583,35.404999999999994,46,0.17391304347826086,False,29.665709245794798,74.16
933,12.931267301063295,448.7703908992765,32.015277777777776,28,0.17857142857142858,True,27.875296631155415,69.69
1362,39.81861373019915,366.4423809499027,44.9125,10,0.1,False,27.02896510842431,67.57
220,43.935602460462874,457.92902861702777,48.04277777777778,56,0.23214285714285715,False,26.934893922369735,67.34
1253,64.62540325819234,1093.9227146938397,75.9661111111111,48,0.4583333333333333,False,26.872705465989096,67.18
1311,23.935399001250165,269.93300672293117,35.09305555555555,69,0.3333333333333333,False,26.69339268660294,66.73
339,17.109848277754235,201.5903469072111,30.133055555555554,48,0.10416666666666667,False,24.977335468548606,62.44
342,12.724695636461764,271.8188150088586,28.356944444444448,27,0.18518518518518517,True,24.748609572088338,61.87
676,56.39711514831246,2431.990469029327,56.18527777777778,17,0.35294117647058826,False,24.498401973045233,61.25
477,53.78894075436792,1667.7716407025375,52.019444444444446,33,0.5757575757575758,False,24.03873629147089,60.1
112,66.42060100393434,1927.505832087812,71.08277777777778,39,0.5128205128205128,False,23.8691695674867,59.67
948,54.18559999250537,1437.5702388147931,51.75,26,0.46153846153846156,False,23.708952003878476,59.27
635,59.37106928169762,1583.3816020541835,58.07444444444444,32,0.4375,False,23.595025798372337,58.99
903,81.30854166666667,2066.7805714976657,113.6625,32,0.25,False,21.245178828125,53.11
657,64.74102917317494,1709.4509042837956,60.21583333333332,48,0.5416666666666666,False,21.2314831081296,53.08
287,72.65473548429965,1587.795267917296,77.5675,43,0.3953488372093023,False,21.21103805321587,53.03
768,85.30031007751938,2469.1129947381432,143.9388888888889,25,0.56,False,21.158570344530578,52.9
277,21.592523850498978,299.06134937049814,26.975,24,0.20833333333333334,False,21.1504166913279,52.88
770,25.981476709257095,259.6032073435101,28.469722222222224,68,0.3382352941176471,False,21.072867973865364,52.68
1643,31.356074869197787,139.9560886812273,29.928055555555545,191,0.020942408376963352,False,20.543792048660443,51.36
998,65.24778671719936,2037.743086599345,58.801944444444445,35,0.6285714285714286,False,20.434977147767274,51.09
993,71.43531934185488,2098.918784406361,70.42277777777778,37,0.5675675675675675,False,20.116041582817413,50.29
1429,66.59719298245615,1203.0534435049199,58.21888888888889,30,0.5666666666666667,False,19.446743103313832,48.62
995,12.201146818527475,202.44887769409257,21.795555555555552,58,0.22413793103448276,True,19.136247822308498,47.84
259,59.11303458177409,1329.589935048465,45.83444444444444,49,0.3877551020408163,False,18.74031344963597,46.85
1095,74.01014949994702,2387.928961521656,71.24666666666667,37,0.5405405405405406,False,18.516902152937746,46.29
565,77.40461344558656,2328.515429357623,78.14277777777778,15,0.6,False,17.656662703245168,44.14
659,45.37673327109531,1539.5644729613596,31.449444444444445,39,0.5897435897435898,False,17.17871392364759,42.95
743,33.40002643590704,396.90344253961223,25.261111111111113,53,0.3018867924528302,False,16.823893321996152,42.06
985,54.47517479213908,1360.2132624382864,34.968611111111116,28,0.42857142857142855,False,15.919399085949967,39.8
1488,62.0769292081101,1462.5018105385618,41.75333333333333,42,0.6190476190476191,False,15.834146157973763,39.59
914,57.03961693678821,1766.6108644133715,36.85611111111111,27,0.5925925925925926,False,15.833526515536297,39.58
584,72.93106705207019,2358.114537021505,56.07694444444444,22,0.45454545454545453,False,15.17943049091452,37.95
1391,76.47216693074536,2813.9458499312905,64.15694444444445,36,0.5555555555555556,False,15.094738791223332,37.74
1026,83.20885328887874,2170.7958407125875,86.71583333333334,27,0.2962962962962963,False,14.560582796771387,36.4
1254,17.201173797320568,220.6337522769147,17.17861111111111,23,0.08695652173913043,False,14.223688357923066,35.56
1385,77.27033353979117,1867.2487268378347,61.155,22,0.4090909090909091,False,13.90032752374071,34.75
989,32.15541773931677,225.08335305908892,19.81861111111111,11,0.45454545454545453,False,13.445853918202685,33.61
57,83.33333333333333,1902.9811706124033,76.17583333333333,30,0.4,False,12.695972222222228,31.74
949,72.17399843658394,1551.5197298524938,44.65972222222222,28,0.39285714285714285,False,12.427015003772825,31.07
741,6.97586693912803,155.16771788178102,11.836944444444445,20,0.25,True,11.011214950341493,27.53
577,59.56172157483308,1126.1621237071886,27.2,43,0.37209302325581395,False,10.999211731645401,27.5
326,24.1334108846851,249.39326361401766,13.961666666666666,15,0.13333333333333333,False,10.59224028364988,26.48
714,4.355499414312558,284.234603743581,9.988055555555553,19,0.3157894736842105,True,9.553025854332118,23.88
1163,51.17453880111547,1198.4190658095645,19.15138888888889,34,0.47058823529411764,False,9.350753950991928,23.38
148,30.079652866457216,117.46636592998141,12.661944444444442,34,0.0,False,8.853275509411889,22.13
1132,86.2846989178989,445.83445183670057,62.1175,7,0.14285714285714285,False,8.519602149674155,21.3
1548,80.38543510515024,2238.851306924135,32.30444444444444,30,0.4,False,6.336376219476244,15.84
694,8.861617379288386,240.8039374214929,6.31,10,0.1,True,5.750831943366903,14.38
553,4.865270754307011,513.173976221779,5.632222222222222,9,0.1111111111111111,True,5.3581993616268635,13.4
421,9.83481466154283,101.86993375893535,5.755833333333334,12,0.3333333333333333,True,5.189757792772697,12.97
740,0.3488730142553512,32.21751186986263,4.8386111111111,301,0.04983388704318937,True,4.821730502679673,12.05
1059,39.79417456879554,891.6629441202855,7.974444444444444,21,0.47619047619047616,False,4.801080101330603,12.0
1563,86.16204099906255,3016.0172479443895,33.781666666666666,38,0.5789473684210527,False,4.674693183166686,11.69
1592,0.3992491149904424,46.49417822882049,3.3411111111111023,234,0.06837606837606838,True,3.327771754569144,8.32
215,65.98955123289635,2021.0871830623726,8.923055555555557,22,0.6363636363636364,False,3.034771238182419,7.59
819,75.04646612715644,1344.4018859577573,11.872777777777777,28,0.35714285714285715,False,2.9626776244252215,7.41
1044,10.614553050771788,171.71120243864024,3.0855555555555556,14,0.42857142857142855,True,2.758037624200075,6.9
197,10.281536172534482,99.63539251199195,2.7947222222222217,10,0.2,True,2.5073818460225845,6.27
310,77.28112041657627,2253.537247707559,4.8630555555555555,22,0.5909090909090909,False,1.1048317357416642,2.76
356,49.078083479017224,81.45669531962585,1.4524999999999992,50,0.44,False,0.7396408374672743,1.85
1318,73.08405682715075,485.83610499795276,0.0,7,0.42857142857142855,False,0.0,0.0
450,51.96804838331314,359.49254820562993,0.0,7,0.42857142857142855,False,0.0,0.0
696,52.57625135508009,389.8466331627852,0.0,10,0.3,False,0.0,0.0
1708,60.16621358666403,405.45371122900104,0.0,14,0.42857142857142855,False,0.0,0.0
